filepath,duplicate_group_id,kept_representative,dup_type
/kaggle/input/datasets/jessicamercya/satria-data-2026/BDC2026-20260708T012259Z-3-001 - Copy/BDC2026/train/1_Electronic/Printer_63.jpg,0bdb9da68380941bb62cef41c49e468f,/kaggle/input/datasets/jessicamercya/satria-data-2026/BDC2026-20260708T012259Z-3-001 - Copy/BDC2026/train/1_Electronic/Printer_63.jpg,exact
/kaggle/input/datasets/jessicamercya/satria-data-2026/BDC2026-20260708T012259Z-3-001 - Copy/BDC2026/train/1_Electronic/Printer_64.jpg,0bdb9da68380941bb62cef41c49e468f,/kaggle/input/datasets/jessicamercya/satria-data-2026/BDC2026-20260708T012259Z-3-001 - Copy/BDC2026/train/1_Electronic/Printer_63.jpg,exact
/kaggle/input/datasets/jessicamercya/satria-data-2026/BDC2026-20260708T012259Z-3-001 - Copy/BDC2026/train/1_Electronic/Mobile_6.jpg,2086b74534bb71e0a6bd160371c2fd35,/kaggle/input/datasets/jessicamercya/satria-data-2026/BDC2026-20260708T012259Z-3-001 - Copy/BDC2026/train/1_Electronic/Mobile_6.jpg,exact
/kaggle/input/datasets/jessicamercya/satria-data-2026/BDC2026-20260708T012259Z-3-001 - Copy/BDC2026/train/1_Electronic/Mobile_56.jpg,2086b74534bb71e0a6bd160371c2fd35,/kaggle/input/datasets/jessicamercya/satria-data-2026/BDC2026-20260708T012259Z-3-001 - Copy/BDC2026/train/1_Electronic/Mobile_6.jpg,exact
/kaggle/input/datasets/jessicamercya/satria-data-2026/BDC2026-20260708T012259Z-3-001 - Copy/BDC2026/train/1_Electronic/8.large-pile-of-e-waste-sadoff-e-recycling.jpeg,226c7ba8fa8071753f360dcfd63eda4c,/kaggle/input/datasets/jessicamercya/satria-data-2026/BDC2026-20260708T012259Z-3-001 - Copy/BDC2026/train/1_Electronic/8.large-pile-of-e-waste-sadoff-e-recycling.jpeg,exact
/kaggle/input/datasets/jessicamercya/satria-data-2026/BDC2026-20260708T012259Z-3-001 - Copy/BDC2026/train/1_Electronic/16.large-pile-of-e-waste-sadoff-e-recycling.jpeg,226c7ba8fa8071753f360dcfd63eda4c,/kaggle/input/datasets/jessicamercya/satria-data-2026/BDC2026-20260708T012259Z-3-001 - Copy/BDC2026/train/1_Electronic/8.large-pile-of-e-waste-sadoff-e-recycling.jpeg,exact
/kaggle/input/datasets/jessicamercya/satria-data-2026/BDC2026-20260708T012259Z-3-001 - Copy/BDC2026/train/1_Electronic/Player_243.jpg,2cdadbe24040e31fa3ba45868a38d6ea,/kaggle/input/datasets/jessicamercya/satria-data-2026/BDC2026-20260708T012259Z-3-001 - Copy/BDC2026/train/1_Electronic/Player_243.jpg,exact
/kaggle/input/datasets/jessicamercya/satria-data-2026/BDC2026-20260708T012259Z-3-001 - Copy/BDC2026/train/1_Electronic/Player_38.jpg,2cdadbe24040e31fa3ba45868a38d6ea,/kaggle/input/datasets/jessicamercya/satria-data-2026/BDC2026-20260708T012259Z-3-001 - Copy/BDC2026/train/1_Electronic/Player_243.jpg,exact
/kaggle/input/datasets/jessicamercya/satria-data-2026/BDC2026-20260708T012259Z-3-001 - Copy/BDC2026/train/1_Electronic/5wh0lsj1gtwy.jpg,3037c0f79ad2c808fcdfa8440379a24a,/kaggle/input/datasets/jessicamercya/satria-data-2026/BDC2026-20260708T012259Z-3-001 - Copy/BDC2026/train/1_Electronic/5wh0lsj1gtwy.jpg,exact
/kaggle/input/datasets/jessicamercya/satria-data-2026/BDC2026-20260708T012259Z-3-001 - Copy/BDC2026/train/1_Electronic/40.5wh0lsj1gtwy.jpg,3037c0f79ad2c808fcdfa8440379a24a,/kaggle/input/datasets/jessicamercya/satria-data-2026/BDC2026-20260708T012259Z-3-001 - Copy/BDC2026/train/1_Electronic/5wh0lsj1gtwy.jpg,exact
/kaggle/input/datasets/jessicamercya/satria-data-2026/BDC2026-20260708T012259Z-3-001 - Copy/BDC2026/train/1_Electronic/18.E-Waste_Landfill.jpg,3d3d78b2abc93659c19c59edcd2e1698,/kaggle/input/datasets/jessicamercya/satria-data-2026/BDC2026-20260708T012259Z-3-001 - Copy/BDC2026/train/1_Electronic/18.E-Waste_Landfill.jpg,exact
/kaggle/input/datasets/jessicamercya/satria-data-2026/BDC2026-20260708T012259Z-3-001 - Copy/BDC2026/train/1_Electronic/5.E-Waste_Landfill.jpg,3d3d78b2abc93659c19c59edcd2e1698,/kaggle/input/datasets/jessicamercya/satria-data-2026/BDC2026-20260708T012259Z-3-001 - Copy/BDC2026/train/1_Electronic/18.E-Waste_Landfill.jpg,exact
/kaggle/input/datasets/jessicamercya/satria-data-2026/BDC2026-20260708T012259Z-3-001 - Copy/BDC2026/train/1_Electronic/Mouse_176.jpg,3f354f036a337764cde8db4220ccf8be,/kaggle/input/datasets/jessicamercya/satria-data-2026/BDC2026-20260708T012259Z-3-001 - Copy/BDC2026/train/1_Electronic/Mouse_176.jpg,exact
/kaggle/input/datasets/jessicamercya/satria-data-2026/BDC2026-20260708T012259Z-3-001 - Copy/BDC2026/train/1_Electronic/Mouse_212.jpg,3f354f036a337764cde8db4220ccf8be,/kaggle/input/datasets/jessicamercya/satria-data-2026/BDC2026-20260708T012259Z-3-001 - Copy/BDC2026/train/1_Electronic/Mouse_176.jpg,exact
/kaggle/input/datasets/jessicamercya/satria-data-2026/BDC2026-20260708T012259Z-3-001 - Copy/BDC2026/train/1_Electronic/Mouse_201.jpg,41b824af5fea2fe15ddafd55c94f50c3,/kaggle/input/datasets/jessicamercya/satria-data-2026/BDC2026-20260708T012259Z-3-001 - Copy/BDC2026/train/1_Electronic/Mouse_201.jpg,exact
/kaggle/input/datasets/jessicamercya/satria-data-2026/BDC2026-20260708T012259Z-3-001 - Copy/BDC2026/train/1_Electronic/Mouse_171.jpg,41b824af5fea2fe15ddafd55c94f50c3,/kaggle/input/datasets/jessicamercya/satria-data-2026/BDC2026-20260708T012259Z-3-001 - Copy/BDC2026/train/1_Electronic/Mouse_201.jpg,exact
/kaggle/input/datasets/jessicamercya/satria-data-2026/BDC2026-20260708T012259Z-3-001 - Copy/BDC2026/train/1_Electronic/Television_272.jpg,457c8e5e0117a785df49378fa7f73a5d,/kaggle/input/datasets/jessicamercya/satria-data-2026/BDC2026-20260708T012259Z-3-001 - Copy/BDC2026/train/1_Electronic/Television_272.jpg,exact
/kaggle/input/datasets/jessicamercya/satria-data-2026/BDC2026-20260708T012259Z-3-001 - Copy/BDC2026/train/1_Electronic/Television_207.jpg,457c8e5e0117a785df49378fa7f73a5d,/kaggle/input/datasets/jessicamercya/satria-data-2026/BDC2026-20260708T012259Z-3-001 - Copy/BDC2026/train/1_Electronic/Television_272.jpg,exact
/kaggle/input/datasets/jessicamercya/satria-data-2026/BDC2026-20260708T012259Z-3-001 - Copy/BDC2026/train/1_Electronic/13.e-waste-pile.jpg,46a0d88228fc4d048fb28f975ba271ca,/kaggle/input/datasets/jessicamercya/satria-data-2026/BDC2026-20260708T012259Z-3-001 - Copy/BDC2026/train/1_Electronic/13.e-waste-pile.jpg,exact
/kaggle/input/datasets/jessicamercya/satria-data-2026/BDC2026-20260708T012259Z-3-001 - Copy/BDC2026/train/1_Electronic/10.e-waste-pile.jpg,46a0d88228fc4d048fb28f975ba271ca,/kaggle/input/datasets/jessicamercya/satria-data-2026/BDC2026-20260708T012259Z-3-001 - Copy/BDC2026/train/1_Electronic/13.e-waste-pile.jpg,exact
/kaggle/input/datasets/jessicamercya/satria-data-2026/BDC2026-20260708T012259Z-3-001 - Copy/BDC2026/train/1_Electronic/635.jpeg,486b9c1e6e781777707e21fb1d83fabc,/kaggle/input/datasets/jessicamercya/satria-data-2026/BDC2026-20260708T012259Z-3-001 - Copy/BDC2026/train/1_Electronic/635.jpeg,exact
/kaggle/input/datasets/jessicamercya/satria-data-2026/BDC2026-20260708T012259Z-3-001 - Copy/BDC2026/train/1_Electronic/635(1).jpeg,486b9c1e6e781777707e21fb1d83fabc,/kaggle/input/datasets/jessicamercya/satria-data-2026/BDC2026-20260708T012259Z-3-001 - Copy/BDC2026/train/1_Electronic/635.jpeg,exact
/kaggle/input/datasets/jessicamercya/satria-data-2026/BDC2026-20260708T012259Z-3-001 - Copy/BDC2026/train/1_Electronic/20.Sampah_Elektronik_1.jpg,625970aa2e6821663923255675afcb66,/kaggle/input/datasets/jessicamercya/satria-data-2026/BDC2026-20260708T012259Z-3-001 - Copy/BDC2026/train/1_Electronic/20.Sampah_Elektronik_1.jpg,exact
/kaggle/input/datasets/jessicamercya/satria-data-2026/BDC2026-20260708T012259Z-3-001 - Copy/BDC2026/train/1_Electronic/7.Sampah_Elektronik_1.jpg,625970aa2e6821663923255675afcb66,/kaggle/input/datasets/jessicamercya/satria-data-2026/BDC2026-20260708T012259Z-3-001 - Copy/BDC2026/train/1_Electronic/20.Sampah_Elektronik_1.jpg,exact
/kaggle/input/datasets/jessicamercya/satria-data-2026/BDC2026-20260708T012259Z-3-001 - Copy/BDC2026/train/1_Electronic/628.jpeg,67b4f6f62241aa8988749326f8327b20,/kaggle/input/datasets/jessicamercya/satria-data-2026/BDC2026-20260708T012259Z-3-001 - Copy/BDC2026/train/1_Electronic/628.jpeg,exact
/kaggle/input/datasets/jessicamercya/satria-data-2026/BDC2026-20260708T012259Z-3-001 - Copy/BDC2026/train/1_Electronic/628(1).jpeg,67b4f6f62241aa8988749326f8327b20,/kaggle/input/datasets/jessicamercya/satria-data-2026/BDC2026-20260708T012259Z-3-001 - Copy/BDC2026/train/1_Electronic/628.jpeg,exact
/kaggle/input/datasets/jessicamercya/satria-data-2026/BDC2026-20260708T012259Z-3-001 - Copy/BDC2026/train/1_Electronic/pcb_113.jpg,6c010811c8f1d9875c6df3e07a78f235,/kaggle/input/datasets/jessicamercya/satria-data-2026/BDC2026-20260708T012259Z-3-001 - Copy/BDC2026/train/1_Electronic/pcb_113.jpg,exact
/kaggle/input/datasets/jessicamercya/satria-data-2026/BDC2026-20260708T012259Z-3-001 - Copy/BDC2026/train/1_Electronic/pcb_209.jpg,6c010811c8f1d9875c6df3e07a78f235,/kaggle/input/datasets/jessicamercya/satria-data-2026/BDC2026-20260708T012259Z-3-001 - Copy/BDC2026/train/1_Electronic/pcb_113.jpg,exact
/kaggle/input/datasets/jessicamercya/satria-data-2026/BDC2026-20260708T012259Z-3-001 - Copy/BDC2026/train/1_Electronic/5.scrap-yard-electronic-waste-for-recycling-with-selective-focus-electronic-aluminium-waste-2BWXNJG.jpg,7bd46f926dd27f5969b660ccf8c82245,/kaggle/input/datasets/jessicamercya/satria-data-2026/BDC2026-20260708T012259Z-3-001 - Copy/BDC2026/train/1_Electronic/5.scrap-yard-electronic-waste-for-recycling-with-selective-focus-electronic-aluminium-waste-2BWXNJG.jpg,exact
/kaggle/input/datasets/jessicamercya/satria-data-2026/BDC2026-20260708T012259Z-3-001 - Copy/BDC2026/train/1_Electronic/12.scrap-yard-electronic-waste-for-recycling-with-selective-focus-electronic-aluminium-waste-2BWXNJG.jpg,7bd46f926dd27f5969b660ccf8c82245,/kaggle/input/datasets/jessicamercya/satria-data-2026/BDC2026-20260708T012259Z-3-001 - Copy/BDC2026/train/1_Electronic/5.scrap-yard-electronic-waste-for-recycling-with-selective-focus-electronic-aluminium-waste-2BWXNJG.jpg,exact
/kaggle/input/datasets/jessicamercya/satria-data-2026/BDC2026-20260708T012259Z-3-001 - Copy/BDC2026/train/1_Electronic/18.growing-problem-ewast.2e16d0ba.fill-1200x628.format-jpeg.jpg,7d9042b2257afba17734f50c521792e7,/kaggle/input/datasets/jessicamercya/satria-data-2026/BDC2026-20260708T012259Z-3-001 - Copy/BDC2026/train/1_Electronic/18.growing-problem-ewast.2e16d0ba.fill-1200x628.format-jpeg.jpg,exact
/kaggle/input/datasets/jessicamercya/satria-data-2026/BDC2026-20260708T012259Z-3-001 - Copy/BDC2026/train/1_Electronic/6.growing-problem-ewast.2e16d0ba.fill-1200x628.format-jpeg.jpg,7d9042b2257afba17734f50c521792e7,/kaggle/input/datasets/jessicamercya/satria-data-2026/BDC2026-20260708T012259Z-3-001 - Copy/BDC2026/train/1_Electronic/18.growing-problem-ewast.2e16d0ba.fill-1200x628.format-jpeg.jpg,exact
/kaggle/input/datasets/jessicamercya/satria-data-2026/BDC2026-20260708T012259Z-3-001 - Copy/BDC2026/train/1_Electronic/Mouse_210.jpg,82e30b307d16579eb61997e5be841b2f,/kaggle/input/datasets/jessicamercya/satria-data-2026/BDC2026-20260708T012259Z-3-001 - Copy/BDC2026/train/1_Electronic/Mouse_210.jpg,exact
/kaggle/input/datasets/jessicamercya/satria-data-2026/BDC2026-20260708T012259Z-3-001 - Copy/BDC2026/train/1_Electronic/Mouse_162.jpg,82e30b307d16579eb61997e5be841b2f,/kaggle/input/datasets/jessicamercya/satria-data-2026/BDC2026-20260708T012259Z-3-001 - Copy/BDC2026/train/1_Electronic/Mouse_210.jpg,exact
/kaggle/input/datasets/jessicamercya/satria-data-2026/BDC2026-20260708T012259Z-3-001 - Copy/BDC2026/train/1_Electronic/Mouse_213.jpg,94091af07bc93e789f904227d2440563,/kaggle/input/datasets/jessicamercya/satria-data-2026/BDC2026-20260708T012259Z-3-001 - Copy/BDC2026/train/1_Electronic/Mouse_213.jpg,exact
/kaggle/input/datasets/jessicamercya/satria-data-2026/BDC2026-20260708T012259Z-3-001 - Copy/BDC2026/train/1_Electronic/Mouse_189.jpg,94091af07bc93e789f904227d2440563,/kaggle/input/datasets/jessicamercya/satria-data-2026/BDC2026-20260708T012259Z-3-001 - Copy/BDC2026/train/1_Electronic/Mouse_213.jpg,exact
/kaggle/input/datasets/jessicamercya/satria-data-2026/BDC2026-20260708T012259Z-3-001 - Copy/BDC2026/train/1_Electronic/Mouse_193.jpg,95a3fa1c097bc226100e34768e904fbd,/kaggle/input/datasets/jessicamercya/satria-data-2026/BDC2026-20260708T012259Z-3-001 - Copy/BDC2026/train/1_Electronic/Mouse_193.jpg,exact
/kaggle/input/datasets/jessicamercya/satria-data-2026/BDC2026-20260708T012259Z-3-001 - Copy/BDC2026/train/1_Electronic/Mouse_150.jpg,95a3fa1c097bc226100e34768e904fbd,/kaggle/input/datasets/jessicamercya/satria-data-2026/BDC2026-20260708T012259Z-3-001 - Copy/BDC2026/train/1_Electronic/Mouse_193.jpg,exact
/kaggle/input/datasets/jessicamercya/satria-data-2026/BDC2026-20260708T012259Z-3-001 - Copy/BDC2026/train/1_Electronic/pcb_155.jpg,9bb4526acea25014d4a706c034811291,/kaggle/input/datasets/jessicamercya/satria-data-2026/BDC2026-20260708T012259Z-3-001 - Copy/BDC2026/train/1_Electronic/pcb_155.jpg,exact
/kaggle/input/datasets/jessicamercya/satria-data-2026/BDC2026-20260708T012259Z-3-001 - Copy/BDC2026/train/1_Electronic/pcb_110.jpg,9bb4526acea25014d4a706c034811291,/kaggle/input/datasets/jessicamercya/satria-data-2026/BDC2026-20260708T012259Z-3-001 - Copy/BDC2026/train/1_Electronic/pcb_155.jpg,exact
/kaggle/input/datasets/jessicamercya/satria-data-2026/BDC2026-20260708T012259Z-3-001 - Copy/BDC2026/train/1_Electronic/Mouse_147.jpg,acf333cddec3bf30d511300f8b5e0871,/kaggle/input/datasets/jessicamercya/satria-data-2026/BDC2026-20260708T012259Z-3-001 - Copy/BDC2026/train/1_Electronic/Mouse_147.jpg,exact
/kaggle/input/datasets/jessicamercya/satria-data-2026/BDC2026-20260708T012259Z-3-001 - Copy/BDC2026/train/1_Electronic/Mouse_187.jpg,acf333cddec3bf30d511300f8b5e0871,/kaggle/input/datasets/jessicamercya/satria-data-2026/BDC2026-20260708T012259Z-3-001 - Copy/BDC2026/train/1_Electronic/Mouse_147.jpg,exact
/kaggle/input/datasets/jessicamercya/satria-data-2026/BDC2026-20260708T012259Z-3-001 - Copy/BDC2026/train/1_Electronic/IMG-20200328-WA0030(1).jpg,b08d3af0610d14b90f181b3e58f9e7c0,/kaggle/input/datasets/jessicamercya/satria-data-2026/BDC2026-20260708T012259Z-3-001 - Copy/BDC2026/train/1_Electronic/IMG-20200328-WA0030(1).jpg,exact
/kaggle/input/datasets/jessicamercya/satria-data-2026/BDC2026-20260708T012259Z-3-001 - Copy/BDC2026/train/1_Electronic/IMG-20200328-WA0030.jpg,b08d3af0610d14b90f181b3e58f9e7c0,/kaggle/input/datasets/jessicamercya/satria-data-2026/BDC2026-20260708T012259Z-3-001 - Copy/BDC2026/train/1_Electronic/IMG-20200328-WA0030(1).jpg,exact
/kaggle/input/datasets/jessicamercya/satria-data-2026/BDC2026-20260708T012259Z-3-001 - Copy/BDC2026/train/1_Electronic/Printer_59.jpg,b59567fe3c7f0443a1e823477bd5a140,/kaggle/input/datasets/jessicamercya/satria-data-2026/BDC2026-20260708T012259Z-3-001 - Copy/BDC2026/train/1_Electronic/Printer_59.jpg,exact
/kaggle/input/datasets/jessicamercya/satria-data-2026/BDC2026-20260708T012259Z-3-001 - Copy/BDC2026/train/1_Electronic/Printer_60.jpg,b59567fe3c7f0443a1e823477bd5a140,/kaggle/input/datasets/jessicamercya/satria-data-2026/BDC2026-20260708T012259Z-3-001 - Copy/BDC2026/train/1_Electronic/Printer_59.jpg,exact
/kaggle/input/datasets/jessicamercya/satria-data-2026/BDC2026-20260708T012259Z-3-001 - Copy/BDC2026/train/1_Electronic/pcb_161.jpg,beab25ac969515a9bb418536391387e2,/kaggle/input/datasets/jessicamercya/satria-data-2026/BDC2026-20260708T012259Z-3-001 - Copy/BDC2026/train/1_Electronic/pcb_161.jpg,exact
/kaggle/input/datasets/jessicamercya/satria-data-2026/BDC2026-20260708T012259Z-3-001 - Copy/BDC2026/train/1_Electronic/pcb_156.jpg,beab25ac969515a9bb418536391387e2,/kaggle/input/datasets/jessicamercya/satria-data-2026/BDC2026-20260708T012259Z-3-001 - Copy/BDC2026/train/1_Electronic/pcb_161.jpg,exact
/kaggle/input/datasets/jessicamercya/satria-data-2026/BDC2026-20260708T012259Z-3-001 - Copy/BDC2026/train/1_Electronic/Mouse_186.jpg,c676edd3cce133ccd7390fe72bf37e0e,/kaggle/input/datasets/jessicamercya/satria-data-2026/BDC2026-20260708T012259Z-3-001 - Copy/BDC2026/train/1_Electronic/Mouse_186.jpg,exact
/kaggle/input/datasets/jessicamercya/satria-data-2026/BDC2026-20260708T012259Z-3-001 - Copy/BDC2026/train/1_Electronic/Mouse_179.jpg,c676edd3cce133ccd7390fe72bf37e0e,/kaggle/input/datasets/jessicamercya/satria-data-2026/BDC2026-20260708T012259Z-3-001 - Copy/BDC2026/train/1_Electronic/Mouse_186.jpg,exact
/kaggle/input/datasets/jessicamercya/satria-data-2026/BDC2026-20260708T012259Z-3-001 - Copy/BDC2026/train/1_Electronic/Television_238.jpg,d1e31ec5fc10c06a9934a8275b4c84ed,/kaggle/input/datasets/jessicamercya/satria-data-2026/BDC2026-20260708T012259Z-3-001 - Copy/BDC2026/train/1_Electronic/Television_238.jpg,exact
/kaggle/input/datasets/jessicamercya/satria-data-2026/BDC2026-20260708T012259Z-3-001 - Copy/BDC2026/train/1_Electronic/Television_245.jpg,d1e31ec5fc10c06a9934a8275b4c84ed,/kaggle/input/datasets/jessicamercya/satria-data-2026/BDC2026-20260708T012259Z-3-001 - Copy/BDC2026/train/1_Electronic/Television_238.jpg,exact
/kaggle/input/datasets/jessicamercya/satria-data-2026/BDC2026-20260708T012259Z-3-001 - Copy/BDC2026/train/1_Electronic/Player_99.jpg,e9b639eab8750e613a3548011e1ef0a9,/kaggle/input/datasets/jessicamercya/satria-data-2026/BDC2026-20260708T012259Z-3-001 - Copy/BDC2026/train/1_Electronic/Player_99.jpg,exact
/kaggle/input/datasets/jessicamercya/satria-data-2026/BDC2026-20260708T012259Z-3-001 - Copy/BDC2026/train/1_Electronic/Player_146.jpg,e9b639eab8750e613a3548011e1ef0a9,/kaggle/input/datasets/jessicamercya/satria-data-2026/BDC2026-20260708T012259Z-3-001 - Copy/BDC2026/train/1_Electronic/Player_99.jpg,exact
/kaggle/input/datasets/jessicamercya/satria-data-2026/BDC2026-20260708T012259Z-3-001 - Copy/BDC2026/train/1_Electronic/507.jpeg,ed4e112a4affb383045dfa21c31e3034,/kaggle/input/datasets/jessicamercya/satria-data-2026/BDC2026-20260708T012259Z-3-001 - Copy/BDC2026/train/1_Electronic/507.jpeg,exact
/kaggle/input/datasets/jessicamercya/satria-data-2026/BDC2026-20260708T012259Z-3-001 - Copy/BDC2026/train/1_Electronic/457.jpeg,ed4e112a4affb383045dfa21c31e3034,/kaggle/input/datasets/jessicamercya/satria-data-2026/BDC2026-20260708T012259Z-3-001 - Copy/BDC2026/train/1_Electronic/507.jpeg,exact
/kaggle/input/datasets/jessicamercya/satria-data-2026/BDC2026-20260708T012259Z-3-001 - Copy/BDC2026/train/1_Electronic/Player_202.jpg,f0810c09681ced4403729678145017b3,/kaggle/input/datasets/jessicamercya/satria-data-2026/BDC2026-20260708T012259Z-3-001 - Copy/BDC2026/train/1_Electronic/Player_202.jpg,exact
/kaggle/input/datasets/jessicamercya/satria-data-2026/BDC2026-20260708T012259Z-3-001 - Copy/BDC2026/train/1_Electronic/Player_151.jpg,f0810c09681ced4403729678145017b3,/kaggle/input/datasets/jessicamercya/satria-data-2026/BDC2026-20260708T012259Z-3-001 - Copy/BDC2026/train/1_Electronic/Player_202.jpg,exact
/kaggle/input/datasets/jessicamercya/satria-data-2026/BDC2026-20260708T012259Z-3-001 - Copy/BDC2026/train/1_Electronic/630(1).jpeg,f9b96db1123f36fe7b28347fb73524d0,/kaggle/input/datasets/jessicamercya/satria-data-2026/BDC2026-20260708T012259Z-3-001 - Copy/BDC2026/train/1_Electronic/630(1).jpeg,exact
/kaggle/input/datasets/jessicamercya/satria-data-2026/BDC2026-20260708T012259Z-3-001 - Copy/BDC2026/train/1_Electronic/630.jpeg,f9b96db1123f36fe7b28347fb73524d0,/kaggle/input/datasets/jessicamercya/satria-data-2026/BDC2026-20260708T012259Z-3-001 - Copy/BDC2026/train/1_Electronic/630(1).jpeg,exact
/kaggle/input/datasets/jessicamercya/satria-data-2026/BDC2026-20260708T012259Z-3-001 - Copy/BDC2026/train/1_Electronic/14.jpeg,near_8,/kaggle/input/datasets/jessicamercya/satria-data-2026/BDC2026-20260708T012259Z-3-001 - Copy/BDC2026/train/1_Electronic/14.jpeg,near_duplicate
/kaggle/input/datasets/jessicamercya/satria-data-2026/BDC2026-20260708T012259Z-3-001 - Copy/BDC2026/train/1_Electronic/Keyboard_16.jpg,near_8,/kaggle/input/datasets/jessicamercya/satria-data-2026/BDC2026-20260708T012259Z-3-001 - Copy/BDC2026/train/1_Electronic/14.jpeg,near_duplicate
/kaggle/input/datasets/jessicamercya/satria-data-2026/BDC2026-20260708T012259Z-3-001 - Copy/BDC2026/train/1_Electronic/Mobile_48.jpg,near_14,/kaggle/input/datasets/jessicamercya/satria-data-2026/BDC2026-20260708T012259Z-3-001 - Copy/BDC2026/train/1_Electronic/Mobile_48.jpg,near_duplicate
/kaggle/input/datasets/jessicamercya/satria-data-2026/BDC2026-20260708T012259Z-3-001 - Copy/BDC2026/train/1_Electronic/499.jpeg,near_14,/kaggle/input/datasets/jessicamercya/satria-data-2026/BDC2026-20260708T012259Z-3-001 - Copy/BDC2026/train/1_Electronic/Mobile_48.jpg,near_duplicate
/kaggle/input/datasets/jessicamercya/satria-data-2026/BDC2026-20260708T012259Z-3-001 - Copy/BDC2026/train/1_Electronic/761.jpeg,near_22,/kaggle/input/datasets/jessicamercya/satria-data-2026/BDC2026-20260708T012259Z-3-001 - Copy/BDC2026/train/1_Electronic/761.jpeg,near_duplicate
/kaggle/input/datasets/jessicamercya/satria-data-2026/BDC2026-20260708T012259Z-3-001 - Copy/BDC2026/train/1_Electronic/Mouse_284.jpg,near_22,/kaggle/input/datasets/jessicamercya/satria-data-2026/BDC2026-20260708T012259Z-3-001 - Copy/BDC2026/train/1_Electronic/761.jpeg,near_duplicate
/kaggle/input/datasets/jessicamercya/satria-data-2026/BDC2026-20260708T012259Z-3-001 - Copy/BDC2026/train/1_Electronic/Television_99.jpg,near_23,/kaggle/input/datasets/jessicamercya/satria-data-2026/BDC2026-20260708T012259Z-3-001 - Copy/BDC2026/train/1_Electronic/Television_99.jpg,near_duplicate
/kaggle/input/datasets/jessicamercya/satria-data-2026/BDC2026-20260708T012259Z-3-001 - Copy/BDC2026/train/1_Electronic/609.jpeg,near_23,/kaggle/input/datasets/jessicamercya/satria-data-2026/BDC2026-20260708T012259Z-3-001 - Copy/BDC2026/train/1_Electronic/Television_99.jpg,near_duplicate
/kaggle/input/datasets/jessicamercya/satria-data-2026/BDC2026-20260708T012259Z-3-001 - Copy/BDC2026/train/1_Electronic/Mouse_25.jpg,near_26,/kaggle/input/datasets/jessicamercya/satria-data-2026/BDC2026-20260708T012259Z-3-001 - Copy/BDC2026/train/1_Electronic/Mouse_25.jpg,near_duplicate
/kaggle/input/datasets/jessicamercya/satria-data-2026/BDC2026-20260708T012259Z-3-001 - Copy/BDC2026/train/1_Electronic/794.jpeg,near_26,/kaggle/input/datasets/jessicamercya/satria-data-2026/BDC2026-20260708T012259Z-3-001 - Copy/BDC2026/train/1_Electronic/Mouse_25.jpg,near_duplicate
/kaggle/input/datasets/jessicamercya/satria-data-2026/BDC2026-20260708T012259Z-3-001 - Copy/BDC2026/train/1_Electronic/Mouse_273.jpg,near_28,/kaggle/input/datasets/jessicamercya/satria-data-2026/BDC2026-20260708T012259Z-3-001 - Copy/BDC2026/train/1_Electronic/Mouse_273.jpg,near_duplicate
/kaggle/input/datasets/jessicamercya/satria-data-2026/BDC2026-20260708T012259Z-3-001 - Copy/BDC2026/train/1_Electronic/752.jpeg,near_28,/kaggle/input/datasets/jessicamercya/satria-data-2026/BDC2026-20260708T012259Z-3-001 - Copy/BDC2026/train/1_Electronic/Mouse_273.jpg,near_duplicate
/kaggle/input/datasets/jessicamercya/satria-data-2026/BDC2026-20260708T012259Z-3-001 - Copy/BDC2026/train/1_Electronic/473.jpg,near_29,/kaggle/input/datasets/jessicamercya/satria-data-2026/BDC2026-20260708T012259Z-3-001 - Copy/BDC2026/train/1_Electronic/473.jpg,near_duplicate
/kaggle/input/datasets/jessicamercya/satria-data-2026/BDC2026-20260708T012259Z-3-001 - Copy/BDC2026/train/1_Electronic/Mobile_22.jpg,near_29,/kaggle/input/datasets/jessicamercya/satria-data-2026/BDC2026-20260708T012259Z-3-001 - Copy/BDC2026/train/1_Electronic/473.jpg,near_duplicate
/kaggle/input/datasets/jessicamercya/satria-data-2026/BDC2026-20260708T012259Z-3-001 - Copy/BDC2026/train/1_Electronic/Mobile_122.jpg,near_38,/kaggle/input/datasets/jessicamercya/satria-data-2026/BDC2026-20260708T012259Z-3-001 - Copy/BDC2026/train/1_Electronic/Mobile_122.jpg,near_duplicate
/kaggle/input/datasets/jessicamercya/satria-data-2026/BDC2026-20260708T012259Z-3-001 - Copy/BDC2026/train/1_Electronic/573.jpg,near_38,/kaggle/input/datasets/jessicamercya/satria-data-2026/BDC2026-20260708T012259Z-3-001 - Copy/BDC2026/train/1_Electronic/Mobile_122.jpg,near_duplicate
/kaggle/input/datasets/jessicamercya/satria-data-2026/BDC2026-20260708T012259Z-3-001 - Copy/BDC2026/train/1_Electronic/Mobile_44.jpg,near_41,/kaggle/input/datasets/jessicamercya/satria-data-2026/BDC2026-20260708T012259Z-3-001 - Copy/BDC2026/train/1_Electronic/Mobile_44.jpg,near_duplicate
/kaggle/input/datasets/jessicamercya/satria-data-2026/BDC2026-20260708T012259Z-3-001 - Copy/BDC2026/train/1_Electronic/495.jpeg,near_41,/kaggle/input/datasets/jessicamercya/satria-data-2026/BDC2026-20260708T012259Z-3-001 - Copy/BDC2026/train/1_Electronic/Mobile_44.jpg,near_duplicate
/kaggle/input/datasets/jessicamercya/satria-data-2026/BDC2026-20260708T012259Z-3-001 - Copy/BDC2026/train/1_Electronic/Mouse_17.jpg,near_47,/kaggle/input/datasets/jessicamercya/satria-data-2026/BDC2026-20260708T012259Z-3-001 - Copy/BDC2026/train/1_Electronic/Mouse_17.jpg,near_duplicate
/kaggle/input/datasets/jessicamercya/satria-data-2026/BDC2026-20260708T012259Z-3-001 - Copy/BDC2026/train/1_Electronic/786.jpeg,near_47,/kaggle/input/datasets/jessicamercya/satria-data-2026/BDC2026-20260708T012259Z-3-001 - Copy/BDC2026/train/1_Electronic/Mouse_17.jpg,near_duplicate
/kaggle/input/datasets/jessicamercya/satria-data-2026/BDC2026-20260708T012259Z-3-001 - Copy/BDC2026/train/1_Electronic/Mouse_23.jpg,near_74,/kaggle/input/datasets/jessicamercya/satria-data-2026/BDC2026-20260708T012259Z-3-001 - Copy/BDC2026/train/1_Electronic/Mouse_23.jpg,near_duplicate
/kaggle/input/datasets/jessicamercya/satria-data-2026/BDC2026-20260708T012259Z-3-001 - Copy/BDC2026/train/1_Electronic/792.jpeg,near_74,/kaggle/input/datasets/jessicamercya/satria-data-2026/BDC2026-20260708T012259Z-3-001 - Copy/BDC2026/train/1_Electronic/Mouse_23.jpg,near_duplicate
/kaggle/input/datasets/jessicamercya/satria-data-2026/BDC2026-20260708T012259Z-3-001 - Copy/BDC2026/train/1_Electronic/Television_249.jpg,near_77,/kaggle/input/datasets/jessicamercya/satria-data-2026/BDC2026-20260708T012259Z-3-001 - Copy/BDC2026/train/1_Electronic/Television_249.jpg,near_duplicate
/kaggle/input/datasets/jessicamercya/satria-data-2026/BDC2026-20260708T012259Z-3-001 - Copy/BDC2026/train/1_Electronic/Television_46.jpg,near_77,/kaggle/input/datasets/jessicamercya/satria-data-2026/BDC2026-20260708T012259Z-3-001 - Copy/BDC2026/train/1_Electronic/Television_249.jpg,near_duplicate
/kaggle/input/datasets/jessicamercya/satria-data-2026/BDC2026-20260708T012259Z-3-001 - Copy/BDC2026/train/1_Electronic/18.jpeg,near_79,/kaggle/input/datasets/jessicamercya/satria-data-2026/BDC2026-20260708T012259Z-3-001 - Copy/BDC2026/train/1_Electronic/18.jpeg,near_duplicate
/kaggle/input/datasets/jessicamercya/satria-data-2026/BDC2026-20260708T012259Z-3-001 - Copy/BDC2026/train/1_Electronic/Keyboard_22.jpg,near_79,/kaggle/input/datasets/jessicamercya/satria-data-2026/BDC2026-20260708T012259Z-3-001 - Copy/BDC2026/train/1_Electronic/18.jpeg,near_duplicate
/kaggle/input/datasets/jessicamercya/satria-data-2026/BDC2026-20260708T012259Z-3-001 - Copy/BDC2026/train/1_Electronic/Mouse_41.jpg,near_82,/kaggle/input/datasets/jessicamercya/satria-data-2026/BDC2026-20260708T012259Z-3-001 - Copy/BDC2026/train/1_Electronic/Mouse_41.jpg,near_duplicate
/kaggle/input/datasets/jessicamercya/satria-data-2026/BDC2026-20260708T012259Z-3-001 - Copy/BDC2026/train/1_Electronic/800.jpeg,near_82,/kaggle/input/datasets/jessicamercya/satria-data-2026/BDC2026-20260708T012259Z-3-001 - Copy/BDC2026/train/1_Electronic/Mouse_41.jpg,near_duplicate
/kaggle/input/datasets/jessicamercya/satria-data-2026/BDC2026-20260708T012259Z-3-001 - Copy/BDC2026/train/1_Electronic/Mobile_150.jpg,near_87,/kaggle/input/datasets/jessicamercya/satria-data-2026/BDC2026-20260708T012259Z-3-001 - Copy/BDC2026/train/1_Electronic/Mobile_150.jpg,near_duplicate
/kaggle/input/datasets/jessicamercya/satria-data-2026/BDC2026-20260708T012259Z-3-001 - Copy/BDC2026/train/1_Electronic/601.jpeg,near_87,/kaggle/input/datasets/jessicamercya/satria-data-2026/BDC2026-20260708T012259Z-3-001 - Copy/BDC2026/train/1_Electronic/Mobile_150.jpg,near_duplicate
/kaggle/input/datasets/jessicamercya/satria-data-2026/BDC2026-20260708T012259Z-3-001 - Copy/BDC2026/train/1_Electronic/Mouse_275.jpg,near_90,/kaggle/input/datasets/jessicamercya/satria-data-2026/BDC2026-20260708T012259Z-3-001 - Copy/BDC2026/train/1_Electronic/Mouse_275.jpg,near_duplicate
/kaggle/input/datasets/jessicamercya/satria-data-2026/BDC2026-20260708T012259Z-3-001 - Copy/BDC2026/train/1_Electronic/754.jpeg,near_90,/kaggle/input/datasets/jessicamercya/satria-data-2026/BDC2026-20260708T012259Z-3-001 - Copy/BDC2026/train/1_Electronic/Mouse_275.jpg,near_duplicate
/kaggle/input/datasets/jessicamercya/satria-data-2026/BDC2026-20260708T012259Z-3-001 - Copy/BDC2026/train/1_Electronic/Mobile_65.jpg,near_94,/kaggle/input/datasets/jessicamercya/satria-data-2026/BDC2026-20260708T012259Z-3-001 - Copy/BDC2026/train/1_Electronic/Mobile_65.jpg,near_duplicate
/kaggle/input/datasets/jessicamercya/satria-data-2026/BDC2026-20260708T012259Z-3-001 - Copy/BDC2026/train/1_Electronic/516.jpg,near_94,/kaggle/input/datasets/jessicamercya/satria-data-2026/BDC2026-20260708T012259Z-3-001 - Copy/BDC2026/train/1_Electronic/Mobile_65.jpg,near_duplicate
/kaggle/input/datasets/jessicamercya/satria-data-2026/BDC2026-20260708T012259Z-3-001 - Copy/BDC2026/train/1_Electronic/Mobile_73.jpg,near_116,/kaggle/input/datasets/jessicamercya/satria-data-2026/BDC2026-20260708T012259Z-3-001 - Copy/BDC2026/train/1_Electronic/Mobile_73.jpg,near_duplicate
/kaggle/input/datasets/jessicamercya/satria-data-2026/BDC2026-20260708T012259Z-3-001 - Copy/BDC2026/train/1_Electronic/524.jpeg,near_116,/kaggle/input/datasets/jessicamercya/satria-data-2026/BDC2026-20260708T012259Z-3-001 - Copy/BDC2026/train/1_Electronic/Mobile_73.jpg,near_duplicate
/kaggle/input/datasets/jessicamercya/satria-data-2026/BDC2026-20260708T012259Z-3-001 - Copy/BDC2026/train/1_Electronic/Mouse_155.jpg,near_117,/kaggle/input/datasets/jessicamercya/satria-data-2026/BDC2026-20260708T012259Z-3-001 - Copy/BDC2026/train/1_Electronic/Mouse_155.jpg,near_duplicate
/kaggle/input/datasets/jessicamercya/satria-data-2026/BDC2026-20260708T012259Z-3-001 - Copy/BDC2026/train/1_Electronic/Mouse_185.jpg,near_117,/kaggle/input/datasets/jessicamercya/satria-data-2026/BDC2026-20260708T012259Z-3-001 - Copy/BDC2026/train/1_Electronic/Mouse_155.jpg,near_duplicate
/kaggle/input/datasets/jessicamercya/satria-data-2026/BDC2026-20260708T012259Z-3-001 - Copy/BDC2026/train/1_Electronic/Television_114.jpg,near_123,/kaggle/input/datasets/jessicamercya/satria-data-2026/BDC2026-20260708T012259Z-3-001 - Copy/BDC2026/train/1_Electronic/Television_114.jpg,near_duplicate
/kaggle/input/datasets/jessicamercya/satria-data-2026/BDC2026-20260708T012259Z-3-001 - Copy/BDC2026/train/1_Electronic/625.jpeg,near_123,/kaggle/input/datasets/jessicamercya/satria-data-2026/BDC2026-20260708T012259Z-3-001 - Copy/BDC2026/train/1_Electronic/Television_114.jpg,near_duplicate
/kaggle/input/datasets/jessicamercya/satria-data-2026/BDC2026-20260708T012259Z-3-001 - Copy/BDC2026/train/1_Electronic/Mobile_106.jpg,near_125,/kaggle/input/datasets/jessicamercya/satria-data-2026/BDC2026-20260708T012259Z-3-001 - Copy/BDC2026/train/1_Electronic/Mobile_106.jpg,near_duplicate
/kaggle/input/datasets/jessicamercya/satria-data-2026/BDC2026-20260708T012259Z-3-001 - Copy/BDC2026/train/1_Electronic/557.jpg,near_125,/kaggle/input/datasets/jessicamercya/satria-data-2026/BDC2026-20260708T012259Z-3-001 - Copy/BDC2026/train/1_Electronic/Mobile_106.jpg,near_duplicate
/kaggle/input/datasets/jessicamercya/satria-data-2026/BDC2026-20260708T012259Z-3-001 - Copy/BDC2026/train/1_Electronic/474.jpg,near_129,/kaggle/input/datasets/jessicamercya/satria-data-2026/BDC2026-20260708T012259Z-3-001 - Copy/BDC2026/train/1_Electronic/474.jpg,near_duplicate
/kaggle/input/datasets/jessicamercya/satria-data-2026/BDC2026-20260708T012259Z-3-001 - Copy/BDC2026/train/1_Electronic/Mobile_23.jpg,near_129,/kaggle/input/datasets/jessicamercya/satria-data-2026/BDC2026-20260708T012259Z-3-001 - Copy/BDC2026/train/1_Electronic/474.jpg,near_duplicate
/kaggle/input/datasets/jessicamercya/satria-data-2026/BDC2026-20260708T012259Z-3-001 - Copy/BDC2026/train/1_Electronic/Printer_57.jpg,near_133,/kaggle/input/datasets/jessicamercya/satria-data-2026/BDC2026-20260708T012259Z-3-001 - Copy/BDC2026/train/1_Electronic/Printer_57.jpg,near_duplicate
/kaggle/input/datasets/jessicamercya/satria-data-2026/BDC2026-20260708T012259Z-3-001 - Copy/BDC2026/train/1_Electronic/Printer_56.jpg,near_133,/kaggle/input/datasets/jessicamercya/satria-data-2026/BDC2026-20260708T012259Z-3-001 - Copy/BDC2026/train/1_Electronic/Printer_57.jpg,near_duplicate
/kaggle/input/datasets/jessicamercya/satria-data-2026/BDC2026-20260708T012259Z-3-001 - Copy/BDC2026/train/1_Electronic/902.jpeg,near_149,/kaggle/input/datasets/jessicamercya/satria-data-2026/BDC2026-20260708T012259Z-3-001 - Copy/BDC2026/train/1_Electronic/902.jpeg,near_duplicate
/kaggle/input/datasets/jessicamercya/satria-data-2026/BDC2026-20260708T012259Z-3-001 - Copy/BDC2026/train/1_Electronic/Television_92.jpg,near_149,/kaggle/input/datasets/jessicamercya/satria-data-2026/BDC2026-20260708T012259Z-3-001 - Copy/BDC2026/train/1_Electronic/902.jpeg,near_duplicate
/kaggle/input/datasets/jessicamercya/satria-data-2026/BDC2026-20260708T012259Z-3-001 - Copy/BDC2026/train/1_Electronic/13.image-23.png,near_158,/kaggle/input/datasets/jessicamercya/satria-data-2026/BDC2026-20260708T012259Z-3-001 - Copy/BDC2026/train/1_Electronic/13.image-23.png,near_duplicate
/kaggle/input/datasets/jessicamercya/satria-data-2026/BDC2026-20260708T012259Z-3-001 - Copy/BDC2026/train/1_Electronic/11.image-23.png,near_158,/kaggle/input/datasets/jessicamercya/satria-data-2026/BDC2026-20260708T012259Z-3-001 - Copy/BDC2026/train/1_Electronic/13.image-23.png,near_duplicate
/kaggle/input/datasets/jessicamercya/satria-data-2026/BDC2026-20260708T012259Z-3-001 - Copy/BDC2026/train/1_Electronic/2729458.jpg,near_158,/kaggle/input/datasets/jessicamercya/satria-data-2026/BDC2026-20260708T012259Z-3-001 - Copy/BDC2026/train/1_Electronic/13.image-23.png,near_duplicate
/kaggle/input/datasets/jessicamercya/satria-data-2026/BDC2026-20260708T012259Z-3-001 - Copy/BDC2026/train/1_Electronic/device-recycling.jpg,near_158,/kaggle/input/datasets/jessicamercya/satria-data-2026/BDC2026-20260708T012259Z-3-001 - Copy/BDC2026/train/1_Electronic/13.image-23.png,near_duplicate
/kaggle/input/datasets/jessicamercya/satria-data-2026/BDC2026-20260708T012259Z-3-001 - Copy/BDC2026/train/1_Electronic/Mobile_111.jpg,near_162,/kaggle/input/datasets/jessicamercya/satria-data-2026/BDC2026-20260708T012259Z-3-001 - Copy/BDC2026/train/1_Electronic/Mobile_111.jpg,near_duplicate
/kaggle/input/datasets/jessicamercya/satria-data-2026/BDC2026-20260708T012259Z-3-001 - Copy/BDC2026/train/1_Electronic/562.jpg,near_162,/kaggle/input/datasets/jessicamercya/satria-data-2026/BDC2026-20260708T012259Z-3-001 - Copy/BDC2026/train/1_Electronic/Mobile_111.jpg,near_duplicate
/kaggle/input/datasets/jessicamercya/satria-data-2026/BDC2026-20260708T012259Z-3-001 - Copy/BDC2026/train/1_Electronic/626.jpeg,near_167,/kaggle/input/datasets/jessicamercya/satria-data-2026/BDC2026-20260708T012259Z-3-001 - Copy/BDC2026/train/1_Electronic/626.jpeg,near_duplicate
/kaggle/input/datasets/jessicamercya/satria-data-2026/BDC2026-20260708T012259Z-3-001 - Copy/BDC2026/train/1_Electronic/Television_115.jpg,near_167,/kaggle/input/datasets/jessicamercya/satria-data-2026/BDC2026-20260708T012259Z-3-001 - Copy/BDC2026/train/1_Electronic/626.jpeg,near_duplicate
/kaggle/input/datasets/jessicamercya/satria-data-2026/BDC2026-20260708T012259Z-3-001 - Copy/BDC2026/train/1_Electronic/battery_38.jpg,near_170,/kaggle/input/datasets/jessicamercya/satria-data-2026/BDC2026-20260708T012259Z-3-001 - Copy/BDC2026/train/1_Electronic/battery_38.jpg,near_duplicate
/kaggle/input/datasets/jessicamercya/satria-data-2026/BDC2026-20260708T012259Z-3-001 - Copy/BDC2026/train/1_Electronic/battery_34.jpg,near_170,/kaggle/input/datasets/jessicamercya/satria-data-2026/BDC2026-20260708T012259Z-3-001 - Copy/BDC2026/train/1_Electronic/battery_38.jpg,near_duplicate
/kaggle/input/datasets/jessicamercya/satria-data-2026/BDC2026-20260708T012259Z-3-001 - Copy/BDC2026/train/1_Electronic/Mobile_129.jpg,near_173,/kaggle/input/datasets/jessicamercya/satria-data-2026/BDC2026-20260708T012259Z-3-001 - Copy/BDC2026/train/1_Electronic/Mobile_129.jpg,near_duplicate
/kaggle/input/datasets/jessicamercya/satria-data-2026/BDC2026-20260708T012259Z-3-001 - Copy/BDC2026/train/1_Electronic/580.jpeg,near_173,/kaggle/input/datasets/jessicamercya/satria-data-2026/BDC2026-20260708T012259Z-3-001 - Copy/BDC2026/train/1_Electronic/Mobile_129.jpg,near_duplicate
/kaggle/input/datasets/jessicamercya/satria-data-2026/BDC2026-20260708T012259Z-3-001 - Copy/BDC2026/train/1_Electronic/Player_289.jpg,near_178,/kaggle/input/datasets/jessicamercya/satria-data-2026/BDC2026-20260708T012259Z-3-001 - Copy/BDC2026/train/1_Electronic/Player_289.jpg,near_duplicate
/kaggle/input/datasets/jessicamercya/satria-data-2026/BDC2026-20260708T012259Z-3-001 - Copy/BDC2026/train/1_Electronic/Player_99.jpg,near_178,/kaggle/input/datasets/jessicamercya/satria-data-2026/BDC2026-20260708T012259Z-3-001 - Copy/BDC2026/train/1_Electronic/Player_289.jpg,near_duplicate
/kaggle/input/datasets/jessicamercya/satria-data-2026/BDC2026-20260708T012259Z-3-001 - Copy/BDC2026/train/1_Electronic/462.jpeg,near_184,/kaggle/input/datasets/jessicamercya/satria-data-2026/BDC2026-20260708T012259Z-3-001 - Copy/BDC2026/train/1_Electronic/462.jpeg,near_duplicate
/kaggle/input/datasets/jessicamercya/satria-data-2026/BDC2026-20260708T012259Z-3-001 - Copy/BDC2026/train/1_Electronic/Mobile_11.jpg,near_184,/kaggle/input/datasets/jessicamercya/satria-data-2026/BDC2026-20260708T012259Z-3-001 - Copy/BDC2026/train/1_Electronic/462.jpeg,near_duplicate
/kaggle/input/datasets/jessicamercya/satria-data-2026/BDC2026-20260708T012259Z-3-001 - Copy/BDC2026/train/1_Electronic/Mobile_59.jpg,near_185,/kaggle/input/datasets/jessicamercya/satria-data-2026/BDC2026-20260708T012259Z-3-001 - Copy/BDC2026/train/1_Electronic/Mobile_59.jpg,near_duplicate
/kaggle/input/datasets/jessicamercya/satria-data-2026/BDC2026-20260708T012259Z-3-001 - Copy/BDC2026/train/1_Electronic/510.jpeg,near_185,/kaggle/input/datasets/jessicamercya/satria-data-2026/BDC2026-20260708T012259Z-3-001 - Copy/BDC2026/train/1_Electronic/Mobile_59.jpg,near_duplicate
/kaggle/input/datasets/jessicamercya/satria-data-2026/BDC2026-20260708T012259Z-3-001 - Copy/BDC2026/train/1_Electronic/Mobile_52.jpg,near_196,/kaggle/input/datasets/jessicamercya/satria-data-2026/BDC2026-20260708T012259Z-3-001 - Copy/BDC2026/train/1_Electronic/Mobile_52.jpg,near_duplicate
/kaggle/input/datasets/jessicamercya/satria-data-2026/BDC2026-20260708T012259Z-3-001 - Copy/BDC2026/train/1_Electronic/503.jpeg,near_196,/kaggle/input/datasets/jessicamercya/satria-data-2026/BDC2026-20260708T012259Z-3-001 - Copy/BDC2026/train/1_Electronic/Mobile_52.jpg,near_duplicate
/kaggle/input/datasets/jessicamercya/satria-data-2026/BDC2026-20260708T012259Z-3-001 - Copy/BDC2026/train/1_Electronic/Printer_53.jpg,near_201,/kaggle/input/datasets/jessicamercya/satria-data-2026/BDC2026-20260708T012259Z-3-001 - Copy/BDC2026/train/1_Electronic/Printer_53.jpg,near_duplicate
/kaggle/input/datasets/jessicamercya/satria-data-2026/BDC2026-20260708T012259Z-3-001 - Copy/BDC2026/train/1_Electronic/Printer_54.jpg,near_201,/kaggle/input/datasets/jessicamercya/satria-data-2026/BDC2026-20260708T012259Z-3-001 - Copy/BDC2026/train/1_Electronic/Printer_53.jpg,near_duplicate
/kaggle/input/datasets/jessicamercya/satria-data-2026/BDC2026-20260708T012259Z-3-001 - Copy/BDC2026/train/1_Electronic/Mobile_142.jpg,near_212,/kaggle/input/datasets/jessicamercya/satria-data-2026/BDC2026-20260708T012259Z-3-001 - Copy/BDC2026/train/1_Electronic/Mobile_142.jpg,near_duplicate
/kaggle/input/datasets/jessicamercya/satria-data-2026/BDC2026-20260708T012259Z-3-001 - Copy/BDC2026/train/1_Electronic/593.jpeg,near_212,/kaggle/input/datasets/jessicamercya/satria-data-2026/BDC2026-20260708T012259Z-3-001 - Copy/BDC2026/train/1_Electronic/Mobile_142.jpg,near_duplicate
/kaggle/input/datasets/jessicamercya/satria-data-2026/BDC2026-20260708T012259Z-3-001 - Copy/BDC2026/train/1_Electronic/Television_120.jpg,near_219,/kaggle/input/datasets/jessicamercya/satria-data-2026/BDC2026-20260708T012259Z-3-001 - Copy/BDC2026/train/1_Electronic/Television_120.jpg,near_duplicate
/kaggle/input/datasets/jessicamercya/satria-data-2026/BDC2026-20260708T012259Z-3-001 - Copy/BDC2026/train/1_Electronic/631.jpeg,near_219,/kaggle/input/datasets/jessicamercya/satria-data-2026/BDC2026-20260708T012259Z-3-001 - Copy/BDC2026/train/1_Electronic/Television_120.jpg,near_duplicate
/kaggle/input/datasets/jessicamercya/satria-data-2026/BDC2026-20260708T012259Z-3-001 - Copy/BDC2026/train/1_Electronic/Mobile_47.jpg,near_220,/kaggle/input/datasets/jessicamercya/satria-data-2026/BDC2026-20260708T012259Z-3-001 - Copy/BDC2026/train/1_Electronic/Mobile_47.jpg,near_duplicate
/kaggle/input/datasets/jessicamercya/satria-data-2026/BDC2026-20260708T012259Z-3-001 - Copy/BDC2026/train/1_Electronic/498.jpeg,near_220,/kaggle/input/datasets/jessicamercya/satria-data-2026/BDC2026-20260708T012259Z-3-001 - Copy/BDC2026/train/1_Electronic/Mobile_47.jpg,near_duplicate
/kaggle/input/datasets/jessicamercya/satria-data-2026/BDC2026-20260708T012259Z-3-001 - Copy/BDC2026/train/1_Electronic/469.jpeg,near_224,/kaggle/input/datasets/jessicamercya/satria-data-2026/BDC2026-20260708T012259Z-3-001 - Copy/BDC2026/train/1_Electronic/469.jpeg,near_duplicate
/kaggle/input/datasets/jessicamercya/satria-data-2026/BDC2026-20260708T012259Z-3-001 - Copy/BDC2026/train/1_Electronic/Mobile_18.jpg,near_224,/kaggle/input/datasets/jessicamercya/satria-data-2026/BDC2026-20260708T012259Z-3-001 - Copy/BDC2026/train/1_Electronic/469.jpeg,near_duplicate
/kaggle/input/datasets/jessicamercya/satria-data-2026/BDC2026-20260708T012259Z-3-001 - Copy/BDC2026/train/1_Electronic/476.jpg,near_226,/kaggle/input/datasets/jessicamercya/satria-data-2026/BDC2026-20260708T012259Z-3-001 - Copy/BDC2026/train/1_Electronic/476.jpg,near_duplicate
/kaggle/input/datasets/jessicamercya/satria-data-2026/BDC2026-20260708T012259Z-3-001 - Copy/BDC2026/train/1_Electronic/Mobile_25.jpg,near_226,/kaggle/input/datasets/jessicamercya/satria-data-2026/BDC2026-20260708T012259Z-3-001 - Copy/BDC2026/train/1_Electronic/476.jpg,near_duplicate
/kaggle/input/datasets/jessicamercya/satria-data-2026/BDC2026-20260708T012259Z-3-001 - Copy/BDC2026/train/1_Electronic/Television_103.jpg,near_232,/kaggle/input/datasets/jessicamercya/satria-data-2026/BDC2026-20260708T012259Z-3-001 - Copy/BDC2026/train/1_Electronic/Television_103.jpg,near_duplicate
/kaggle/input/datasets/jessicamercya/satria-data-2026/BDC2026-20260708T012259Z-3-001 - Copy/BDC2026/train/1_Electronic/613.jpeg,near_232,/kaggle/input/datasets/jessicamercya/satria-data-2026/BDC2026-20260708T012259Z-3-001 - Copy/BDC2026/train/1_Electronic/Television_103.jpg,near_duplicate
/kaggle/input/datasets/jessicamercya/satria-data-2026/BDC2026-20260708T012259Z-3-001 - Copy/BDC2026/train/1_Electronic/e-waste-889x667.jpg,near_233,/kaggle/input/datasets/jessicamercya/satria-data-2026/BDC2026-20260708T012259Z-3-001 - Copy/BDC2026/train/1_Electronic/e-waste-889x667.jpg,near_duplicate
/kaggle/input/datasets/jessicamercya/satria-data-2026/BDC2026-20260708T012259Z-3-001 - Copy/BDC2026/train/1_Electronic/66.1a2f170866294b7159b8784e8ec00f95.png,near_233,/kaggle/input/datasets/jessicamercya/satria-data-2026/BDC2026-20260708T012259Z-3-001 - Copy/BDC2026/train/1_Electronic/e-waste-889x667.jpg,near_duplicate
/kaggle/input/datasets/jessicamercya/satria-data-2026/BDC2026-20260708T012259Z-3-001 - Copy/BDC2026/train/1_Electronic/Player_37.jpg,near_236,/kaggle/input/datasets/jessicamercya/satria-data-2026/BDC2026-20260708T012259Z-3-001 - Copy/BDC2026/train/1_Electronic/Player_37.jpg,near_duplicate
/kaggle/input/datasets/jessicamercya/satria-data-2026/BDC2026-20260708T012259Z-3-001 - Copy/BDC2026/train/1_Electronic/Player_145.jpg,near_236,/kaggle/input/datasets/jessicamercya/satria-data-2026/BDC2026-20260708T012259Z-3-001 - Copy/BDC2026/train/1_Electronic/Player_37.jpg,near_duplicate
/kaggle/input/datasets/jessicamercya/satria-data-2026/BDC2026-20260708T012259Z-3-001 - Copy/BDC2026/train/1_Electronic/Mouse_276.jpg,near_238,/kaggle/input/datasets/jessicamercya/satria-data-2026/BDC2026-20260708T012259Z-3-001 - Copy/BDC2026/train/1_Electronic/Mouse_276.jpg,near_duplicate
/kaggle/input/datasets/jessicamercya/satria-data-2026/BDC2026-20260708T012259Z-3-001 - Copy/BDC2026/train/1_Electronic/755.jpg,near_238,/kaggle/input/datasets/jessicamercya/satria-data-2026/BDC2026-20260708T012259Z-3-001 - Copy/BDC2026/train/1_Electronic/Mouse_276.jpg,near_duplicate
/kaggle/input/datasets/jessicamercya/satria-data-2026/BDC2026-20260708T012259Z-3-001 - Copy/BDC2026/train/1_Electronic/Player_177.jpg,near_254,/kaggle/input/datasets/jessicamercya/satria-data-2026/BDC2026-20260708T012259Z-3-001 - Copy/BDC2026/train/1_Electronic/Player_177.jpg,near_duplicate
/kaggle/input/datasets/jessicamercya/satria-data-2026/BDC2026-20260708T012259Z-3-001 - Copy/BDC2026/train/1_Electronic/Player_171.jpg,near_254,/kaggle/input/datasets/jessicamercya/satria-data-2026/BDC2026-20260708T012259Z-3-001 - Copy/BDC2026/train/1_Electronic/Player_177.jpg,near_duplicate
/kaggle/input/datasets/jessicamercya/satria-data-2026/BDC2026-20260708T012259Z-3-001 - Copy/BDC2026/train/1_Electronic/25.jpeg,near_282,/kaggle/input/datasets/jessicamercya/satria-data-2026/BDC2026-20260708T012259Z-3-001 - Copy/BDC2026/train/1_Electronic/25.jpeg,near_duplicate
/kaggle/input/datasets/jessicamercya/satria-data-2026/BDC2026-20260708T012259Z-3-001 - Copy/BDC2026/train/1_Electronic/Keyboard_45.jpg,near_282,/kaggle/input/datasets/jessicamercya/satria-data-2026/BDC2026-20260708T012259Z-3-001 - Copy/BDC2026/train/1_Electronic/25.jpeg,near_duplicate
/kaggle/input/datasets/jessicamercya/satria-data-2026/BDC2026-20260708T012259Z-3-001 - Copy/BDC2026/train/1_Electronic/5.jpg,near_284,/kaggle/input/datasets/jessicamercya/satria-data-2026/BDC2026-20260708T012259Z-3-001 - Copy/BDC2026/train/1_Electronic/5.jpg,near_duplicate
/kaggle/input/datasets/jessicamercya/satria-data-2026/BDC2026-20260708T012259Z-3-001 - Copy/BDC2026/train/1_Electronic/Keyboard_84.jpg,near_284,/kaggle/input/datasets/jessicamercya/satria-data-2026/BDC2026-20260708T012259Z-3-001 - Copy/BDC2026/train/1_Electronic/5.jpg,near_duplicate
/kaggle/input/datasets/jessicamercya/satria-data-2026/BDC2026-20260708T012259Z-3-001 - Copy/BDC2026/train/1_Electronic/Television_277.jpg,near_286,/kaggle/input/datasets/jessicamercya/satria-data-2026/BDC2026-20260708T012259Z-3-001 - Copy/BDC2026/train/1_Electronic/Television_277.jpg,near_duplicate
/kaggle/input/datasets/jessicamercya/satria-data-2026/BDC2026-20260708T012259Z-3-001 - Copy/BDC2026/train/1_Electronic/Television_286.jpg,near_286,/kaggle/input/datasets/jessicamercya/satria-data-2026/BDC2026-20260708T012259Z-3-001 - Copy/BDC2026/train/1_Electronic/Television_277.jpg,near_duplicate
/kaggle/input/datasets/jessicamercya/satria-data-2026/BDC2026-20260708T012259Z-3-001 - Copy/BDC2026/train/1_Electronic/Mouse_27.jpg,near_292,/kaggle/input/datasets/jessicamercya/satria-data-2026/BDC2026-20260708T012259Z-3-001 - Copy/BDC2026/train/1_Electronic/Mouse_27.jpg,near_duplicate
/kaggle/input/datasets/jessicamercya/satria-data-2026/BDC2026-20260708T012259Z-3-001 - Copy/BDC2026/train/1_Electronic/795.jpeg,near_292,/kaggle/input/datasets/jessicamercya/satria-data-2026/BDC2026-20260708T012259Z-3-001 - Copy/BDC2026/train/1_Electronic/Mouse_27.jpg,near_duplicate
/kaggle/input/datasets/jessicamercya/satria-data-2026/BDC2026-20260708T012259Z-3-001 - Copy/BDC2026/train/1_Electronic/504.jpeg,near_294,/kaggle/input/datasets/jessicamercya/satria-data-2026/BDC2026-20260708T012259Z-3-001 - Copy/BDC2026/train/1_Electronic/504.jpeg,near_duplicate
/kaggle/input/datasets/jessicamercya/satria-data-2026/BDC2026-20260708T012259Z-3-001 - Copy/BDC2026/train/1_Electronic/Mobile_53.jpg,near_294,/kaggle/input/datasets/jessicamercya/satria-data-2026/BDC2026-20260708T012259Z-3-001 - Copy/BDC2026/train/1_Electronic/504.jpeg,near_duplicate
/kaggle/input/datasets/jessicamercya/satria-data-2026/BDC2026-20260708T012259Z-3-001 - Copy/BDC2026/train/1_Electronic/Mobile_134.jpg,near_304,/kaggle/input/datasets/jessicamercya/satria-data-2026/BDC2026-20260708T012259Z-3-001 - Copy/BDC2026/train/1_Electronic/Mobile_134.jpg,near_duplicate
/kaggle/input/datasets/jessicamercya/satria-data-2026/BDC2026-20260708T012259Z-3-001 - Copy/BDC2026/train/1_Electronic/585.jpeg,near_304,/kaggle/input/datasets/jessicamercya/satria-data-2026/BDC2026-20260708T012259Z-3-001 - Copy/BDC2026/train/1_Electronic/Mobile_134.jpg,near_duplicate
/kaggle/input/datasets/jessicamercya/satria-data-2026/BDC2026-20260708T012259Z-3-001 - Copy/BDC2026/train/1_Electronic/Television_294.jpg,near_307,/kaggle/input/datasets/jessicamercya/satria-data-2026/BDC2026-20260708T012259Z-3-001 - Copy/BDC2026/train/1_Electronic/Television_294.jpg,near_duplicate
/kaggle/input/datasets/jessicamercya/satria-data-2026/BDC2026-20260708T012259Z-3-001 - Copy/BDC2026/train/1_Electronic/Television_283.jpg,near_307,/kaggle/input/datasets/jessicamercya/satria-data-2026/BDC2026-20260708T012259Z-3-001 - Copy/BDC2026/train/1_Electronic/Television_294.jpg,near_duplicate
/kaggle/input/datasets/jessicamercya/satria-data-2026/BDC2026-20260708T012259Z-3-001 - Copy/BDC2026/train/1_Electronic/776.jpeg,near_318,/kaggle/input/datasets/jessicamercya/satria-data-2026/BDC2026-20260708T012259Z-3-001 - Copy/BDC2026/train/1_Electronic/776.jpeg,near_duplicate
/kaggle/input/datasets/jessicamercya/satria-data-2026/BDC2026-20260708T012259Z-3-001 - Copy/BDC2026/train/1_Electronic/Mouse_5.jpg,near_318,/kaggle/input/datasets/jessicamercya/satria-data-2026/BDC2026-20260708T012259Z-3-001 - Copy/BDC2026/train/1_Electronic/776.jpeg,near_duplicate
/kaggle/input/datasets/jessicamercya/satria-data-2026/BDC2026-20260708T012259Z-3-001 - Copy/BDC2026/train/1_Electronic/623.jpeg,near_326,/kaggle/input/datasets/jessicamercya/satria-data-2026/BDC2026-20260708T012259Z-3-001 - Copy/BDC2026/train/1_Electronic/623.jpeg,near_duplicate
/kaggle/input/datasets/jessicamercya/satria-data-2026/BDC2026-20260708T012259Z-3-001 - Copy/BDC2026/train/1_Electronic/Television_112.jpg,near_326,/kaggle/input/datasets/jessicamercya/satria-data-2026/BDC2026-20260708T012259Z-3-001 - Copy/BDC2026/train/1_Electronic/623.jpeg,near_duplicate
/kaggle/input/datasets/jessicamercya/satria-data-2026/BDC2026-20260708T012259Z-3-001 - Copy/BDC2026/train/1_Electronic/Mouse_30.jpg,near_331,/kaggle/input/datasets/jessicamercya/satria-data-2026/BDC2026-20260708T012259Z-3-001 - Copy/BDC2026/train/1_Electronic/Mouse_30.jpg,near_duplicate
/kaggle/input/datasets/jessicamercya/satria-data-2026/BDC2026-20260708T012259Z-3-001 - Copy/BDC2026/train/1_Electronic/798.jpeg,near_331,/kaggle/input/datasets/jessicamercya/satria-data-2026/BDC2026-20260708T012259Z-3-001 - Copy/BDC2026/train/1_Electronic/Mouse_30.jpg,near_duplicate
/kaggle/input/datasets/jessicamercya/satria-data-2026/BDC2026-20260708T012259Z-3-001 - Copy/BDC2026/train/1_Electronic/Mobile_39.jpg,near_346,/kaggle/input/datasets/jessicamercya/satria-data-2026/BDC2026-20260708T012259Z-3-001 - Copy/BDC2026/train/1_Electronic/Mobile_39.jpg,near_duplicate
/kaggle/input/datasets/jessicamercya/satria-data-2026/BDC2026-20260708T012259Z-3-001 - Copy/BDC2026/train/1_Electronic/490.jpeg,near_346,/kaggle/input/datasets/jessicamercya/satria-data-2026/BDC2026-20260708T012259Z-3-001 - Copy/BDC2026/train/1_Electronic/Mobile_39.jpg,near_duplicate
/kaggle/input/datasets/jessicamercya/satria-data-2026/BDC2026-20260708T012259Z-3-001 - Copy/BDC2026/train/1_Electronic/523.jpeg,near_362,/kaggle/input/datasets/jessicamercya/satria-data-2026/BDC2026-20260708T012259Z-3-001 - Copy/BDC2026/train/1_Electronic/523.jpeg,near_duplicate
/kaggle/input/datasets/jessicamercya/satria-data-2026/BDC2026-20260708T012259Z-3-001 - Copy/BDC2026/train/1_Electronic/Mobile_72.jpg,near_362,/kaggle/input/datasets/jessicamercya/satria-data-2026/BDC2026-20260708T012259Z-3-001 - Copy/BDC2026/train/1_Electronic/523.jpeg,near_duplicate
/kaggle/input/datasets/jessicamercya/satria-data-2026/BDC2026-20260708T012259Z-3-001 - Copy/BDC2026/train/1_Electronic/486.jpg,near_365,/kaggle/input/datasets/jessicamercya/satria-data-2026/BDC2026-20260708T012259Z-3-001 - Copy/BDC2026/train/1_Electronic/486.jpg,near_duplicate
/kaggle/input/datasets/jessicamercya/satria-data-2026/BDC2026-20260708T012259Z-3-001 - Copy/BDC2026/train/1_Electronic/Mobile_35.jpg,near_365,/kaggle/input/datasets/jessicamercya/satria-data-2026/BDC2026-20260708T012259Z-3-001 - Copy/BDC2026/train/1_Electronic/486.jpg,near_duplicate
/kaggle/input/datasets/jessicamercya/satria-data-2026/BDC2026-20260708T012259Z-3-001 - Copy/BDC2026/train/1_Electronic/513.jpg,near_366,/kaggle/input/datasets/jessicamercya/satria-data-2026/BDC2026-20260708T012259Z-3-001 - Copy/BDC2026/train/1_Electronic/513.jpg,near_duplicate
/kaggle/input/datasets/jessicamercya/satria-data-2026/BDC2026-20260708T012259Z-3-001 - Copy/BDC2026/train/1_Electronic/Mobile_62.jpg,near_366,/kaggle/input/datasets/jessicamercya/satria-data-2026/BDC2026-20260708T012259Z-3-001 - Copy/BDC2026/train/1_Electronic/513.jpg,near_duplicate
/kaggle/input/datasets/jessicamercya/satria-data-2026/BDC2026-20260708T012259Z-3-001 - Copy/BDC2026/train/1_Electronic/Keyboard_49.jpg,near_373,/kaggle/input/datasets/jessicamercya/satria-data-2026/BDC2026-20260708T012259Z-3-001 - Copy/BDC2026/train/1_Electronic/Keyboard_49.jpg,near_duplicate
/kaggle/input/datasets/jessicamercya/satria-data-2026/BDC2026-20260708T012259Z-3-001 - Copy/BDC2026/train/1_Electronic/28.jpeg,near_373,/kaggle/input/datasets/jessicamercya/satria-data-2026/BDC2026-20260708T012259Z-3-001 - Copy/BDC2026/train/1_Electronic/Keyboard_49.jpg,near_duplicate
/kaggle/input/datasets/jessicamercya/satria-data-2026/BDC2026-20260708T012259Z-3-001 - Copy/BDC2026/train/1_Electronic/Player_230.jpg,near_375,/kaggle/input/datasets/jessicamercya/satria-data-2026/BDC2026-20260708T012259Z-3-001 - Copy/BDC2026/train/1_Electronic/Player_230.jpg,near_duplicate
/kaggle/input/datasets/jessicamercya/satria-data-2026/BDC2026-20260708T012259Z-3-001 - Copy/BDC2026/train/1_Electronic/Player_107.jpg,near_375,/kaggle/input/datasets/jessicamercya/satria-data-2026/BDC2026-20260708T012259Z-3-001 - Copy/BDC2026/train/1_Electronic/Player_230.jpg,near_duplicate
/kaggle/input/datasets/jessicamercya/satria-data-2026/BDC2026-20260708T012259Z-3-001 - Copy/BDC2026/train/1_Electronic/Mouse_195.jpg,near_376,/kaggle/input/datasets/jessicamercya/satria-data-2026/BDC2026-20260708T012259Z-3-001 - Copy/BDC2026/train/1_Electronic/Mouse_195.jpg,near_duplicate
/kaggle/input/datasets/jessicamercya/satria-data-2026/BDC2026-20260708T012259Z-3-001 - Copy/BDC2026/train/1_Electronic/Mouse_178.jpg,near_376,/kaggle/input/datasets/jessicamercya/satria-data-2026/BDC2026-20260708T012259Z-3-001 - Copy/BDC2026/train/1_Electronic/Mouse_195.jpg,near_duplicate
/kaggle/input/datasets/jessicamercya/satria-data-2026/BDC2026-20260708T012259Z-3-001 - Copy/BDC2026/train/1_Electronic/Mobile_145.jpg,near_377,/kaggle/input/datasets/jessicamercya/satria-data-2026/BDC2026-20260708T012259Z-3-001 - Copy/BDC2026/train/1_Electronic/Mobile_145.jpg,near_duplicate
/kaggle/input/datasets/jessicamercya/satria-data-2026/BDC2026-20260708T012259Z-3-001 - Copy/BDC2026/train/1_Electronic/596.jpeg,near_377,/kaggle/input/datasets/jessicamercya/satria-data-2026/BDC2026-20260708T012259Z-3-001 - Copy/BDC2026/train/1_Electronic/Mobile_145.jpg,near_duplicate
/kaggle/input/datasets/jessicamercya/satria-data-2026/BDC2026-20260708T012259Z-3-001 - Copy/BDC2026/train/1_Electronic/564.jpg,near_379,/kaggle/input/datasets/jessicamercya/satria-data-2026/BDC2026-20260708T012259Z-3-001 - Copy/BDC2026/train/1_Electronic/564.jpg,near_duplicate
/kaggle/input/datasets/jessicamercya/satria-data-2026/BDC2026-20260708T012259Z-3-001 - Copy/BDC2026/train/1_Electronic/Mobile_113.jpg,near_379,/kaggle/input/datasets/jessicamercya/satria-data-2026/BDC2026-20260708T012259Z-3-001 - Copy/BDC2026/train/1_Electronic/564.jpg,near_duplicate
/kaggle/input/datasets/jessicamercya/satria-data-2026/BDC2026-20260708T012259Z-3-001 - Copy/BDC2026/train/1_Electronic/fff.jpg,near_392,/kaggle/input/datasets/jessicamercya/satria-data-2026/BDC2026-20260708T012259Z-3-001 - Copy/BDC2026/train/1_Electronic/fff.jpg,near_duplicate
/kaggle/input/datasets/jessicamercya/satria-data-2026/BDC2026-20260708T012259Z-3-001 - Copy/BDC2026/train/1_Electronic/71201187C8802D88C35733675E169F6B.jpg,near_392,/kaggle/input/datasets/jessicamercya/satria-data-2026/BDC2026-20260708T012259Z-3-001 - Copy/BDC2026/train/1_Electronic/fff.jpg,near_duplicate
/kaggle/input/datasets/jessicamercya/satria-data-2026/BDC2026-20260708T012259Z-3-001 - Copy/BDC2026/train/1_Electronic/Mobile_38.jpg,near_399,/kaggle/input/datasets/jessicamercya/satria-data-2026/BDC2026-20260708T012259Z-3-001 - Copy/BDC2026/train/1_Electronic/Mobile_38.jpg,near_duplicate
/kaggle/input/datasets/jessicamercya/satria-data-2026/BDC2026-20260708T012259Z-3-001 - Copy/BDC2026/train/1_Electronic/489.jpeg,near_399,/kaggle/input/datasets/jessicamercya/satria-data-2026/BDC2026-20260708T012259Z-3-001 - Copy/BDC2026/train/1_Electronic/Mobile_38.jpg,near_duplicate
/kaggle/input/datasets/jessicamercya/satria-data-2026/BDC2026-20260708T012259Z-3-001 - Copy/BDC2026/train/1_Electronic/27.jpeg,near_420,/kaggle/input/datasets/jessicamercya/satria-data-2026/BDC2026-20260708T012259Z-3-001 - Copy/BDC2026/train/1_Electronic/27.jpeg,near_duplicate
/kaggle/input/datasets/jessicamercya/satria-data-2026/BDC2026-20260708T012259Z-3-001 - Copy/BDC2026/train/1_Electronic/Keyboard_48.jpg,near_420,/kaggle/input/datasets/jessicamercya/satria-data-2026/BDC2026-20260708T012259Z-3-001 - Copy/BDC2026/train/1_Electronic/27.jpeg,near_duplicate
/kaggle/input/datasets/jessicamercya/satria-data-2026/BDC2026-20260708T012259Z-3-001 - Copy/BDC2026/train/1_Electronic/603.jpeg,near_428,/kaggle/input/datasets/jessicamercya/satria-data-2026/BDC2026-20260708T012259Z-3-001 - Copy/BDC2026/train/1_Electronic/603.jpeg,near_duplicate
/kaggle/input/datasets/jessicamercya/satria-data-2026/BDC2026-20260708T012259Z-3-001 - Copy/BDC2026/train/1_Electronic/Mobile_152.jpg,near_428,/kaggle/input/datasets/jessicamercya/satria-data-2026/BDC2026-20260708T012259Z-3-001 - Copy/BDC2026/train/1_Electronic/603.jpeg,near_duplicate
/kaggle/input/datasets/jessicamercya/satria-data-2026/BDC2026-20260708T012259Z-3-001 - Copy/BDC2026/train/1_Electronic/22.jpeg,near_432,/kaggle/input/datasets/jessicamercya/satria-data-2026/BDC2026-20260708T012259Z-3-001 - Copy/BDC2026/train/1_Electronic/22.jpeg,near_duplicate
/kaggle/input/datasets/jessicamercya/satria-data-2026/BDC2026-20260708T012259Z-3-001 - Copy/BDC2026/train/1_Electronic/Keyboard_41.jpg,near_432,/kaggle/input/datasets/jessicamercya/satria-data-2026/BDC2026-20260708T012259Z-3-001 - Copy/BDC2026/train/1_Electronic/22.jpeg,near_duplicate
/kaggle/input/datasets/jessicamercya/satria-data-2026/BDC2026-20260708T012259Z-3-001 - Copy/BDC2026/train/1_Electronic/24.jpeg,near_439,/kaggle/input/datasets/jessicamercya/satria-data-2026/BDC2026-20260708T012259Z-3-001 - Copy/BDC2026/train/1_Electronic/24.jpeg,near_duplicate
/kaggle/input/datasets/jessicamercya/satria-data-2026/BDC2026-20260708T012259Z-3-001 - Copy/BDC2026/train/1_Electronic/Keyboard_44.jpg,near_439,/kaggle/input/datasets/jessicamercya/satria-data-2026/BDC2026-20260708T012259Z-3-001 - Copy/BDC2026/train/1_Electronic/24.jpeg,near_duplicate
/kaggle/input/datasets/jessicamercya/satria-data-2026/BDC2026-20260708T012259Z-3-001 - Copy/BDC2026/train/1_Electronic/Mobile_66.jpg,near_447,/kaggle/input/datasets/jessicamercya/satria-data-2026/BDC2026-20260708T012259Z-3-001 - Copy/BDC2026/train/1_Electronic/Mobile_66.jpg,near_duplicate
/kaggle/input/datasets/jessicamercya/satria-data-2026/BDC2026-20260708T012259Z-3-001 - Copy/BDC2026/train/1_Electronic/517.jpg,near_447,/kaggle/input/datasets/jessicamercya/satria-data-2026/BDC2026-20260708T012259Z-3-001 - Copy/BDC2026/train/1_Electronic/Mobile_66.jpg,near_duplicate
/kaggle/input/datasets/jessicamercya/satria-data-2026/BDC2026-20260708T012259Z-3-001 - Copy/BDC2026/train/1_Electronic/Mouse_296.jpg,near_448,/kaggle/input/datasets/jessicamercya/satria-data-2026/BDC2026-20260708T012259Z-3-001 - Copy/BDC2026/train/1_Electronic/Mouse_296.jpg,near_duplicate
/kaggle/input/datasets/jessicamercya/satria-data-2026/BDC2026-20260708T012259Z-3-001 - Copy/BDC2026/train/1_Electronic/772.jpeg,near_448,/kaggle/input/datasets/jessicamercya/satria-data-2026/BDC2026-20260708T012259Z-3-001 - Copy/BDC2026/train/1_Electronic/Mouse_296.jpg,near_duplicate
/kaggle/input/datasets/jessicamercya/satria-data-2026/BDC2026-20260708T012259Z-3-001 - Copy/BDC2026/train/1_Electronic/Mobile_50.jpg,near_464,/kaggle/input/datasets/jessicamercya/satria-data-2026/BDC2026-20260708T012259Z-3-001 - Copy/BDC2026/train/1_Electronic/Mobile_50.jpg,near_duplicate
/kaggle/input/datasets/jessicamercya/satria-data-2026/BDC2026-20260708T012259Z-3-001 - Copy/BDC2026/train/1_Electronic/501.jpeg,near_464,/kaggle/input/datasets/jessicamercya/satria-data-2026/BDC2026-20260708T012259Z-3-001 - Copy/BDC2026/train/1_Electronic/Mobile_50.jpg,near_duplicate
/kaggle/input/datasets/jessicamercya/satria-data-2026/BDC2026-20260708T012259Z-3-001 - Copy/BDC2026/train/1_Electronic/Mobile_69.jpg,near_465,/kaggle/input/datasets/jessicamercya/satria-data-2026/BDC2026-20260708T012259Z-3-001 - Copy/BDC2026/train/1_Electronic/Mobile_69.jpg,near_duplicate
/kaggle/input/datasets/jessicamercya/satria-data-2026/BDC2026-20260708T012259Z-3-001 - Copy/BDC2026/train/1_Electronic/520.jpeg,near_465,/kaggle/input/datasets/jessicamercya/satria-data-2026/BDC2026-20260708T012259Z-3-001 - Copy/BDC2026/train/1_Electronic/Mobile_69.jpg,near_duplicate
/kaggle/input/datasets/jessicamercya/satria-data-2026/BDC2026-20260708T012259Z-3-001 - Copy/BDC2026/train/1_Electronic/pcb_32.jpg,near_470,/kaggle/input/datasets/jessicamercya/satria-data-2026/BDC2026-20260708T012259Z-3-001 - Copy/BDC2026/train/1_Electronic/pcb_32.jpg,near_duplicate
/kaggle/input/datasets/jessicamercya/satria-data-2026/BDC2026-20260708T012259Z-3-001 - Copy/BDC2026/train/1_Electronic/pcb_144.jpg,near_470,/kaggle/input/datasets/jessicamercya/satria-data-2026/BDC2026-20260708T012259Z-3-001 - Copy/BDC2026/train/1_Electronic/pcb_32.jpg,near_duplicate
/kaggle/input/datasets/jessicamercya/satria-data-2026/BDC2026-20260708T012259Z-3-001 - Copy/BDC2026/train/1_Electronic/757.jpg,near_481,/kaggle/input/datasets/jessicamercya/satria-data-2026/BDC2026-20260708T012259Z-3-001 - Copy/BDC2026/train/1_Electronic/757.jpg,near_duplicate
/kaggle/input/datasets/jessicamercya/satria-data-2026/BDC2026-20260708T012259Z-3-001 - Copy/BDC2026/train/1_Electronic/Mouse_279.jpg,near_481,/kaggle/input/datasets/jessicamercya/satria-data-2026/BDC2026-20260708T012259Z-3-001 - Copy/BDC2026/train/1_Electronic/757.jpg,near_duplicate
/kaggle/input/datasets/jessicamercya/satria-data-2026/BDC2026-20260708T012259Z-3-001 - Copy/BDC2026/train/1_Electronic/Mobile_49.jpg,near_496,/kaggle/input/datasets/jessicamercya/satria-data-2026/BDC2026-20260708T012259Z-3-001 - Copy/BDC2026/train/1_Electronic/Mobile_49.jpg,near_duplicate
/kaggle/input/datasets/jessicamercya/satria-data-2026/BDC2026-20260708T012259Z-3-001 - Copy/BDC2026/train/1_Electronic/500.jpeg,near_496,/kaggle/input/datasets/jessicamercya/satria-data-2026/BDC2026-20260708T012259Z-3-001 - Copy/BDC2026/train/1_Electronic/Mobile_49.jpg,near_duplicate
/kaggle/input/datasets/jessicamercya/satria-data-2026/BDC2026-20260708T012259Z-3-001 - Copy/BDC2026/train/1_Electronic/493.jpeg,near_504,/kaggle/input/datasets/jessicamercya/satria-data-2026/BDC2026-20260708T012259Z-3-001 - Copy/BDC2026/train/1_Electronic/493.jpeg,near_duplicate
/kaggle/input/datasets/jessicamercya/satria-data-2026/BDC2026-20260708T012259Z-3-001 - Copy/BDC2026/train/1_Electronic/Mobile_42.jpg,near_504,/kaggle/input/datasets/jessicamercya/satria-data-2026/BDC2026-20260708T012259Z-3-001 - Copy/BDC2026/train/1_Electronic/493.jpeg,near_duplicate
/kaggle/input/datasets/jessicamercya/satria-data-2026/BDC2026-20260708T012259Z-3-001 - Copy/BDC2026/train/1_Electronic/518.jpg,near_510,/kaggle/input/datasets/jessicamercya/satria-data-2026/BDC2026-20260708T012259Z-3-001 - Copy/BDC2026/train/1_Electronic/518.jpg,near_duplicate
/kaggle/input/datasets/jessicamercya/satria-data-2026/BDC2026-20260708T012259Z-3-001 - Copy/BDC2026/train/1_Electronic/Mobile_67.jpg,near_510,/kaggle/input/datasets/jessicamercya/satria-data-2026/BDC2026-20260708T012259Z-3-001 - Copy/BDC2026/train/1_Electronic/518.jpg,near_duplicate
/kaggle/input/datasets/jessicamercya/satria-data-2026/BDC2026-20260708T012259Z-3-001 - Copy/BDC2026/train/1_Electronic/600.jpeg,near_513,/kaggle/input/datasets/jessicamercya/satria-data-2026/BDC2026-20260708T012259Z-3-001 - Copy/BDC2026/train/1_Electronic/600.jpeg,near_duplicate
/kaggle/input/datasets/jessicamercya/satria-data-2026/BDC2026-20260708T012259Z-3-001 - Copy/BDC2026/train/1_Electronic/Mobile_149.jpg,near_513,/kaggle/input/datasets/jessicamercya/satria-data-2026/BDC2026-20260708T012259Z-3-001 - Copy/BDC2026/train/1_Electronic/600.jpeg,near_duplicate
/kaggle/input/datasets/jessicamercya/satria-data-2026/BDC2026-20260708T012259Z-3-001 - Copy/BDC2026/train/1_Electronic/Television_101.jpg,near_530,/kaggle/input/datasets/jessicamercya/satria-data-2026/BDC2026-20260708T012259Z-3-001 - Copy/BDC2026/train/1_Electronic/Television_101.jpg,near_duplicate
/kaggle/input/datasets/jessicamercya/satria-data-2026/BDC2026-20260708T012259Z-3-001 - Copy/BDC2026/train/1_Electronic/611.jpeg,near_530,/kaggle/input/datasets/jessicamercya/satria-data-2026/BDC2026-20260708T012259Z-3-001 - Copy/BDC2026/train/1_Electronic/Television_101.jpg,near_duplicate
/kaggle/input/datasets/jessicamercya/satria-data-2026/BDC2026-20260708T012259Z-3-001 - Copy/BDC2026/train/1_Electronic/576.jpeg,near_539,/kaggle/input/datasets/jessicamercya/satria-data-2026/BDC2026-20260708T012259Z-3-001 - Copy/BDC2026/train/1_Electronic/576.jpeg,near_duplicate
/kaggle/input/datasets/jessicamercya/satria-data-2026/BDC2026-20260708T012259Z-3-001 - Copy/BDC2026/train/1_Electronic/Mobile_125.jpg,near_539,/kaggle/input/datasets/jessicamercya/satria-data-2026/BDC2026-20260708T012259Z-3-001 - Copy/BDC2026/train/1_Electronic/576.jpeg,near_duplicate
/kaggle/input/datasets/jessicamercya/satria-data-2026/BDC2026-20260708T012259Z-3-001 - Copy/BDC2026/train/1_Electronic/Mouse_42.jpg,near_545,/kaggle/input/datasets/jessicamercya/satria-data-2026/BDC2026-20260708T012259Z-3-001 - Copy/BDC2026/train/1_Electronic/Mouse_42.jpg,near_duplicate
/kaggle/input/datasets/jessicamercya/satria-data-2026/BDC2026-20260708T012259Z-3-001 - Copy/BDC2026/train/1_Electronic/801.jpeg,near_545,/kaggle/input/datasets/jessicamercya/satria-data-2026/BDC2026-20260708T012259Z-3-001 - Copy/BDC2026/train/1_Electronic/Mouse_42.jpg,near_duplicate
/kaggle/input/datasets/jessicamercya/satria-data-2026/BDC2026-20260708T012259Z-3-001 - Copy/BDC2026/train/1_Electronic/Mobile_215.jpg,near_547,/kaggle/input/datasets/jessicamercya/satria-data-2026/BDC2026-20260708T012259Z-3-001 - Copy/BDC2026/train/1_Electronic/Mobile_215.jpg,near_duplicate
/kaggle/input/datasets/jessicamercya/satria-data-2026/BDC2026-20260708T012259Z-3-001 - Copy/BDC2026/train/1_Electronic/Mobile_217.jpg,near_547,/kaggle/input/datasets/jessicamercya/satria-data-2026/BDC2026-20260708T012259Z-3-001 - Copy/BDC2026/train/1_Electronic/Mobile_215.jpg,near_duplicate
/kaggle/input/datasets/jessicamercya/satria-data-2026/BDC2026-20260708T012259Z-3-001 - Copy/BDC2026/train/1_Electronic/Mobile_144.jpg,near_548,/kaggle/input/datasets/jessicamercya/satria-data-2026/BDC2026-20260708T012259Z-3-001 - Copy/BDC2026/train/1_Electronic/Mobile_144.jpg,near_duplicate
/kaggle/input/datasets/jessicamercya/satria-data-2026/BDC2026-20260708T012259Z-3-001 - Copy/BDC2026/train/1_Electronic/595.jpeg,near_548,/kaggle/input/datasets/jessicamercya/satria-data-2026/BDC2026-20260708T012259Z-3-001 - Copy/BDC2026/train/1_Electronic/Mobile_144.jpg,near_duplicate
/kaggle/input/datasets/jessicamercya/satria-data-2026/BDC2026-20260708T012259Z-3-001 - Copy/BDC2026/train/1_Electronic/6.jpeg,near_552,/kaggle/input/datasets/jessicamercya/satria-data-2026/BDC2026-20260708T012259Z-3-001 - Copy/BDC2026/train/1_Electronic/6.jpeg,near_duplicate
/kaggle/input/datasets/jessicamercya/satria-data-2026/BDC2026-20260708T012259Z-3-001 - Copy/BDC2026/train/1_Electronic/Keyboard_95.jpg,near_552,/kaggle/input/datasets/jessicamercya/satria-data-2026/BDC2026-20260708T012259Z-3-001 - Copy/BDC2026/train/1_Electronic/6.jpeg,near_duplicate
/kaggle/input/datasets/jessicamercya/satria-data-2026/BDC2026-20260708T012259Z-3-001 - Copy/BDC2026/train/1_Electronic/Player_199.jpg,near_569,/kaggle/input/datasets/jessicamercya/satria-data-2026/BDC2026-20260708T012259Z-3-001 - Copy/BDC2026/train/1_Electronic/Player_199.jpg,near_duplicate
/kaggle/input/datasets/jessicamercya/satria-data-2026/BDC2026-20260708T012259Z-3-001 - Copy/BDC2026/train/1_Electronic/Player_157.jpg,near_569,/kaggle/input/datasets/jessicamercya/satria-data-2026/BDC2026-20260708T012259Z-3-001 - Copy/BDC2026/train/1_Electronic/Player_199.jpg,near_duplicate
/kaggle/input/datasets/jessicamercya/satria-data-2026/BDC2026-20260708T012259Z-3-001 - Copy/BDC2026/train/1_Electronic/Mouse_199.jpg,near_570,/kaggle/input/datasets/jessicamercya/satria-data-2026/BDC2026-20260708T012259Z-3-001 - Copy/BDC2026/train/1_Electronic/Mouse_199.jpg,near_duplicate
/kaggle/input/datasets/jessicamercya/satria-data-2026/BDC2026-20260708T012259Z-3-001 - Copy/BDC2026/train/1_Electronic/Mouse_157.jpg,near_570,/kaggle/input/datasets/jessicamercya/satria-data-2026/BDC2026-20260708T012259Z-3-001 - Copy/BDC2026/train/1_Electronic/Mouse_199.jpg,near_duplicate
/kaggle/input/datasets/jessicamercya/satria-data-2026/BDC2026-20260708T012259Z-3-001 - Copy/BDC2026/train/1_Electronic/Mouse_213.jpg,near_578,/kaggle/input/datasets/jessicamercya/satria-data-2026/BDC2026-20260708T012259Z-3-001 - Copy/BDC2026/train/1_Electronic/Mouse_213.jpg,near_duplicate
/kaggle/input/datasets/jessicamercya/satria-data-2026/BDC2026-20260708T012259Z-3-001 - Copy/BDC2026/train/1_Electronic/Mouse_165.jpg,near_578,/kaggle/input/datasets/jessicamercya/satria-data-2026/BDC2026-20260708T012259Z-3-001 - Copy/BDC2026/train/1_Electronic/Mouse_213.jpg,near_duplicate
/kaggle/input/datasets/jessicamercya/satria-data-2026/BDC2026-20260708T012259Z-3-001 - Copy/BDC2026/train/1_Electronic/759.jpg,near_589,/kaggle/input/datasets/jessicamercya/satria-data-2026/BDC2026-20260708T012259Z-3-001 - Copy/BDC2026/train/1_Electronic/759.jpg,near_duplicate
/kaggle/input/datasets/jessicamercya/satria-data-2026/BDC2026-20260708T012259Z-3-001 - Copy/BDC2026/train/1_Electronic/Mouse_281.jpg,near_589,/kaggle/input/datasets/jessicamercya/satria-data-2026/BDC2026-20260708T012259Z-3-001 - Copy/BDC2026/train/1_Electronic/759.jpg,near_duplicate
/kaggle/input/datasets/jessicamercya/satria-data-2026/BDC2026-20260708T012259Z-3-001 - Copy/BDC2026/train/1_Electronic/Mouse_28.jpg,near_622,/kaggle/input/datasets/jessicamercya/satria-data-2026/BDC2026-20260708T012259Z-3-001 - Copy/BDC2026/train/1_Electronic/Mouse_28.jpg,near_duplicate
/kaggle/input/datasets/jessicamercya/satria-data-2026/BDC2026-20260708T012259Z-3-001 - Copy/BDC2026/train/1_Electronic/796.jpeg,near_622,/kaggle/input/datasets/jessicamercya/satria-data-2026/BDC2026-20260708T012259Z-3-001 - Copy/BDC2026/train/1_Electronic/Mouse_28.jpg,near_duplicate
/kaggle/input/datasets/jessicamercya/satria-data-2026/BDC2026-20260708T012259Z-3-001 - Copy/BDC2026/train/1_Electronic/558.jpg,near_623,/kaggle/input/datasets/jessicamercya/satria-data-2026/BDC2026-20260708T012259Z-3-001 - Copy/BDC2026/train/1_Electronic/558.jpg,near_duplicate
/kaggle/input/datasets/jessicamercya/satria-data-2026/BDC2026-20260708T012259Z-3-001 - Copy/BDC2026/train/1_Electronic/Mobile_107.jpg,near_623,/kaggle/input/datasets/jessicamercya/satria-data-2026/BDC2026-20260708T012259Z-3-001 - Copy/BDC2026/train/1_Electronic/558.jpg,near_duplicate
/kaggle/input/datasets/jessicamercya/satria-data-2026/BDC2026-20260708T012259Z-3-001 - Copy/BDC2026/train/1_Electronic/612.jpeg,near_626,/kaggle/input/datasets/jessicamercya/satria-data-2026/BDC2026-20260708T012259Z-3-001 - Copy/BDC2026/train/1_Electronic/612.jpeg,near_duplicate
/kaggle/input/datasets/jessicamercya/satria-data-2026/BDC2026-20260708T012259Z-3-001 - Copy/BDC2026/train/1_Electronic/Television_102.jpg,near_626,/kaggle/input/datasets/jessicamercya/satria-data-2026/BDC2026-20260708T012259Z-3-001 - Copy/BDC2026/train/1_Electronic/612.jpeg,near_duplicate
/kaggle/input/datasets/jessicamercya/satria-data-2026/BDC2026-20260708T012259Z-3-001 - Copy/BDC2026/train/1_Electronic/11.jpeg,near_644,/kaggle/input/datasets/jessicamercya/satria-data-2026/BDC2026-20260708T012259Z-3-001 - Copy/BDC2026/train/1_Electronic/11.jpeg,near_duplicate
/kaggle/input/datasets/jessicamercya/satria-data-2026/BDC2026-20260708T012259Z-3-001 - Copy/BDC2026/train/1_Electronic/Keyboard_13.jpg,near_644,/kaggle/input/datasets/jessicamercya/satria-data-2026/BDC2026-20260708T012259Z-3-001 - Copy/BDC2026/train/1_Electronic/11.jpeg,near_duplicate
/kaggle/input/datasets/jessicamercya/satria-data-2026/BDC2026-20260708T012259Z-3-001 - Copy/BDC2026/train/1_Electronic/788.jpeg,near_653,/kaggle/input/datasets/jessicamercya/satria-data-2026/BDC2026-20260708T012259Z-3-001 - Copy/BDC2026/train/1_Electronic/788.jpeg,near_duplicate
/kaggle/input/datasets/jessicamercya/satria-data-2026/BDC2026-20260708T012259Z-3-001 - Copy/BDC2026/train/1_Electronic/Mouse_19.jpg,near_653,/kaggle/input/datasets/jessicamercya/satria-data-2026/BDC2026-20260708T012259Z-3-001 - Copy/BDC2026/train/1_Electronic/788.jpeg,near_duplicate
/kaggle/input/datasets/jessicamercya/satria-data-2026/BDC2026-20260708T012259Z-3-001 - Copy/BDC2026/train/1_Electronic/Mouse_287.jpg,near_668,/kaggle/input/datasets/jessicamercya/satria-data-2026/BDC2026-20260708T012259Z-3-001 - Copy/BDC2026/train/1_Electronic/Mouse_287.jpg,near_duplicate
/kaggle/input/datasets/jessicamercya/satria-data-2026/BDC2026-20260708T012259Z-3-001 - Copy/BDC2026/train/1_Electronic/764.jpeg,near_668,/kaggle/input/datasets/jessicamercya/satria-data-2026/BDC2026-20260708T012259Z-3-001 - Copy/BDC2026/train/1_Electronic/Mouse_287.jpg,near_duplicate
/kaggle/input/datasets/jessicamercya/satria-data-2026/BDC2026-20260708T012259Z-3-001 - Copy/BDC2026/train/1_Electronic/620.jpeg,near_679,/kaggle/input/datasets/jessicamercya/satria-data-2026/BDC2026-20260708T012259Z-3-001 - Copy/BDC2026/train/1_Electronic/620.jpeg,near_duplicate
/kaggle/input/datasets/jessicamercya/satria-data-2026/BDC2026-20260708T012259Z-3-001 - Copy/BDC2026/train/1_Electronic/Television_109.jpg,near_679,/kaggle/input/datasets/jessicamercya/satria-data-2026/BDC2026-20260708T012259Z-3-001 - Copy/BDC2026/train/1_Electronic/620.jpeg,near_duplicate
/kaggle/input/datasets/jessicamercya/satria-data-2026/BDC2026-20260708T012259Z-3-001 - Copy/BDC2026/train/1_Electronic/797.jpeg,near_682,/kaggle/input/datasets/jessicamercya/satria-data-2026/BDC2026-20260708T012259Z-3-001 - Copy/BDC2026/train/1_Electronic/797.jpeg,near_duplicate
/kaggle/input/datasets/jessicamercya/satria-data-2026/BDC2026-20260708T012259Z-3-001 - Copy/BDC2026/train/1_Electronic/Mouse_29.jpg,near_682,/kaggle/input/datasets/jessicamercya/satria-data-2026/BDC2026-20260708T012259Z-3-001 - Copy/BDC2026/train/1_Electronic/797.jpeg,near_duplicate
/kaggle/input/datasets/jessicamercya/satria-data-2026/BDC2026-20260708T012259Z-3-001 - Copy/BDC2026/train/1_Electronic/Mobile_133.jpg,near_684,/kaggle/input/datasets/jessicamercya/satria-data-2026/BDC2026-20260708T012259Z-3-001 - Copy/BDC2026/train/1_Electronic/Mobile_133.jpg,near_duplicate
/kaggle/input/datasets/jessicamercya/satria-data-2026/BDC2026-20260708T012259Z-3-001 - Copy/BDC2026/train/1_Electronic/584.jpeg,near_684,/kaggle/input/datasets/jessicamercya/satria-data-2026/BDC2026-20260708T012259Z-3-001 - Copy/BDC2026/train/1_Electronic/Mobile_133.jpg,near_duplicate
/kaggle/input/datasets/jessicamercya/satria-data-2026/BDC2026-20260708T012259Z-3-001 - Copy/BDC2026/train/1_Electronic/522.jpeg,near_695,/kaggle/input/datasets/jessicamercya/satria-data-2026/BDC2026-20260708T012259Z-3-001 - Copy/BDC2026/train/1_Electronic/522.jpeg,near_duplicate
/kaggle/input/datasets/jessicamercya/satria-data-2026/BDC2026-20260708T012259Z-3-001 - Copy/BDC2026/train/1_Electronic/Mobile_71.jpg,near_695,/kaggle/input/datasets/jessicamercya/satria-data-2026/BDC2026-20260708T012259Z-3-001 - Copy/BDC2026/train/1_Electronic/522.jpeg,near_duplicate
/kaggle/input/datasets/jessicamercya/satria-data-2026/BDC2026-20260708T012259Z-3-001 - Copy/BDC2026/train/1_Electronic/Mobile_75.jpg,near_708,/kaggle/input/datasets/jessicamercya/satria-data-2026/BDC2026-20260708T012259Z-3-001 - Copy/BDC2026/train/1_Electronic/Mobile_75.jpg,near_duplicate
/kaggle/input/datasets/jessicamercya/satria-data-2026/BDC2026-20260708T012259Z-3-001 - Copy/BDC2026/train/1_Electronic/526.jpeg,near_708,/kaggle/input/datasets/jessicamercya/satria-data-2026/BDC2026-20260708T012259Z-3-001 - Copy/BDC2026/train/1_Electronic/Mobile_75.jpg,near_duplicate
/kaggle/input/datasets/jessicamercya/satria-data-2026/BDC2026-20260708T012259Z-3-001 - Copy/BDC2026/train/1_Electronic/787.jpeg,near_715,/kaggle/input/datasets/jessicamercya/satria-data-2026/BDC2026-20260708T012259Z-3-001 - Copy/BDC2026/train/1_Electronic/787.jpeg,near_duplicate
/kaggle/input/datasets/jessicamercya/satria-data-2026/BDC2026-20260708T012259Z-3-001 - Copy/BDC2026/train/1_Electronic/Mouse_18.jpg,near_715,/kaggle/input/datasets/jessicamercya/satria-data-2026/BDC2026-20260708T012259Z-3-001 - Copy/BDC2026/train/1_Electronic/787.jpeg,near_duplicate
/kaggle/input/datasets/jessicamercya/satria-data-2026/BDC2026-20260708T012259Z-3-001 - Copy/BDC2026/train/1_Electronic/Mobile_86.jpg,near_720,/kaggle/input/datasets/jessicamercya/satria-data-2026/BDC2026-20260708T012259Z-3-001 - Copy/BDC2026/train/1_Electronic/Mobile_86.jpg,near_duplicate
/kaggle/input/datasets/jessicamercya/satria-data-2026/BDC2026-20260708T012259Z-3-001 - Copy/BDC2026/train/1_Electronic/537.jpeg,near_720,/kaggle/input/datasets/jessicamercya/satria-data-2026/BDC2026-20260708T012259Z-3-001 - Copy/BDC2026/train/1_Electronic/Mobile_86.jpg,near_duplicate
/kaggle/input/datasets/jessicamercya/satria-data-2026/BDC2026-20260708T012259Z-3-001 - Copy/BDC2026/train/1_Electronic/pcb_145.jpg,near_723,/kaggle/input/datasets/jessicamercya/satria-data-2026/BDC2026-20260708T012259Z-3-001 - Copy/BDC2026/train/1_Electronic/pcb_145.jpg,near_duplicate
/kaggle/input/datasets/jessicamercya/satria-data-2026/BDC2026-20260708T012259Z-3-001 - Copy/BDC2026/train/1_Electronic/pcb_34.jpg,near_723,/kaggle/input/datasets/jessicamercya/satria-data-2026/BDC2026-20260708T012259Z-3-001 - Copy/BDC2026/train/1_Electronic/pcb_145.jpg,near_duplicate
/kaggle/input/datasets/jessicamercya/satria-data-2026/BDC2026-20260708T012259Z-3-001 - Copy/BDC2026/train/1_Electronic/pcb_82.jpg,near_723,/kaggle/input/datasets/jessicamercya/satria-data-2026/BDC2026-20260708T012259Z-3-001 - Copy/BDC2026/train/1_Electronic/pcb_145.jpg,near_duplicate
/kaggle/input/datasets/jessicamercya/satria-data-2026/BDC2026-20260708T012259Z-3-001 - Copy/BDC2026/train/1_Electronic/583.jpeg,near_727,/kaggle/input/datasets/jessicamercya/satria-data-2026/BDC2026-20260708T012259Z-3-001 - Copy/BDC2026/train/1_Electronic/583.jpeg,near_duplicate
/kaggle/input/datasets/jessicamercya/satria-data-2026/BDC2026-20260708T012259Z-3-001 - Copy/BDC2026/train/1_Electronic/Mobile_132.jpg,near_727,/kaggle/input/datasets/jessicamercya/satria-data-2026/BDC2026-20260708T012259Z-3-001 - Copy/BDC2026/train/1_Electronic/583.jpeg,near_duplicate
/kaggle/input/datasets/jessicamercya/satria-data-2026/BDC2026-20260708T012259Z-3-001 - Copy/BDC2026/train/1_Electronic/628.jpeg,near_732,/kaggle/input/datasets/jessicamercya/satria-data-2026/BDC2026-20260708T012259Z-3-001 - Copy/BDC2026/train/1_Electronic/628.jpeg,near_duplicate
/kaggle/input/datasets/jessicamercya/satria-data-2026/BDC2026-20260708T012259Z-3-001 - Copy/BDC2026/train/1_Electronic/Television_117.jpg,near_732,/kaggle/input/datasets/jessicamercya/satria-data-2026/BDC2026-20260708T012259Z-3-001 - Copy/BDC2026/train/1_Electronic/628.jpeg,near_duplicate
/kaggle/input/datasets/jessicamercya/satria-data-2026/BDC2026-20260708T012259Z-3-001 - Copy/BDC2026/train/1_Electronic/548.jpeg,near_737,/kaggle/input/datasets/jessicamercya/satria-data-2026/BDC2026-20260708T012259Z-3-001 - Copy/BDC2026/train/1_Electronic/548.jpeg,near_duplicate
/kaggle/input/datasets/jessicamercya/satria-data-2026/BDC2026-20260708T012259Z-3-001 - Copy/BDC2026/train/1_Electronic/Mobile_97.jpg,near_737,/kaggle/input/datasets/jessicamercya/satria-data-2026/BDC2026-20260708T012259Z-3-001 - Copy/BDC2026/train/1_Electronic/548.jpeg,near_duplicate
/kaggle/input/datasets/jessicamercya/satria-data-2026/BDC2026-20260708T012259Z-3-001 - Copy/BDC2026/train/1_Electronic/494.jpeg,near_759,/kaggle/input/datasets/jessicamercya/satria-data-2026/BDC2026-20260708T012259Z-3-001 - Copy/BDC2026/train/1_Electronic/494.jpeg,near_duplicate
/kaggle/input/datasets/jessicamercya/satria-data-2026/BDC2026-20260708T012259Z-3-001 - Copy/BDC2026/train/1_Electronic/Mobile_43.jpg,near_759,/kaggle/input/datasets/jessicamercya/satria-data-2026/BDC2026-20260708T012259Z-3-001 - Copy/BDC2026/train/1_Electronic/494.jpeg,near_duplicate
/kaggle/input/datasets/jessicamercya/satria-data-2026/BDC2026-20260708T012259Z-3-001 - Copy/BDC2026/train/1_Electronic/480.jpg,near_771,/kaggle/input/datasets/jessicamercya/satria-data-2026/BDC2026-20260708T012259Z-3-001 - Copy/BDC2026/train/1_Electronic/480.jpg,near_duplicate
/kaggle/input/datasets/jessicamercya/satria-data-2026/BDC2026-20260708T012259Z-3-001 - Copy/BDC2026/train/1_Electronic/Mobile_29.jpg,near_771,/kaggle/input/datasets/jessicamercya/satria-data-2026/BDC2026-20260708T012259Z-3-001 - Copy/BDC2026/train/1_Electronic/480.jpg,near_duplicate
/kaggle/input/datasets/jessicamercya/satria-data-2026/BDC2026-20260708T012259Z-3-001 - Copy/BDC2026/train/1_Electronic/Mobile_139.jpg,near_780,/kaggle/input/datasets/jessicamercya/satria-data-2026/BDC2026-20260708T012259Z-3-001 - Copy/BDC2026/train/1_Electronic/Mobile_139.jpg,near_duplicate
/kaggle/input/datasets/jessicamercya/satria-data-2026/BDC2026-20260708T012259Z-3-001 - Copy/BDC2026/train/1_Electronic/590.jpeg,near_780,/kaggle/input/datasets/jessicamercya/satria-data-2026/BDC2026-20260708T012259Z-3-001 - Copy/BDC2026/train/1_Electronic/Mobile_139.jpg,near_duplicate
/kaggle/input/datasets/jessicamercya/satria-data-2026/BDC2026-20260708T012259Z-3-001 - Copy/BDC2026/train/1_Electronic/Mobile_124.jpg,near_789,/kaggle/input/datasets/jessicamercya/satria-data-2026/BDC2026-20260708T012259Z-3-001 - Copy/BDC2026/train/1_Electronic/Mobile_124.jpg,near_duplicate
/kaggle/input/datasets/jessicamercya/satria-data-2026/BDC2026-20260708T012259Z-3-001 - Copy/BDC2026/train/1_Electronic/575.jpeg,near_789,/kaggle/input/datasets/jessicamercya/satria-data-2026/BDC2026-20260708T012259Z-3-001 - Copy/BDC2026/train/1_Electronic/Mobile_124.jpg,near_duplicate
/kaggle/input/datasets/jessicamercya/satria-data-2026/BDC2026-20260708T012259Z-3-001 - Copy/BDC2026/train/1_Electronic/Television_42.jpg,near_790,/kaggle/input/datasets/jessicamercya/satria-data-2026/BDC2026-20260708T012259Z-3-001 - Copy/BDC2026/train/1_Electronic/Television_42.jpg,near_duplicate
/kaggle/input/datasets/jessicamercya/satria-data-2026/BDC2026-20260708T012259Z-3-001 - Copy/BDC2026/train/1_Electronic/Television_251.jpg,near_790,/kaggle/input/datasets/jessicamercya/satria-data-2026/BDC2026-20260708T012259Z-3-001 - Copy/BDC2026/train/1_Electronic/Television_42.jpg,near_duplicate
/kaggle/input/datasets/jessicamercya/satria-data-2026/BDC2026-20260708T012259Z-3-001 - Copy/BDC2026/train/1_Electronic/Microwave_188.jpg,near_808,/kaggle/input/datasets/jessicamercya/satria-data-2026/BDC2026-20260708T012259Z-3-001 - Copy/BDC2026/train/1_Electronic/Microwave_188.jpg,near_duplicate
/kaggle/input/datasets/jessicamercya/satria-data-2026/BDC2026-20260708T012259Z-3-001 - Copy/BDC2026/train/1_Electronic/Microwave_166.jpg,near_808,/kaggle/input/datasets/jessicamercya/satria-data-2026/BDC2026-20260708T012259Z-3-001 - Copy/BDC2026/train/1_Electronic/Microwave_188.jpg,near_duplicate
/kaggle/input/datasets/jessicamercya/satria-data-2026/BDC2026-20260708T012259Z-3-001 - Copy/BDC2026/train/1_Electronic/605.jpeg,near_826,/kaggle/input/datasets/jessicamercya/satria-data-2026/BDC2026-20260708T012259Z-3-001 - Copy/BDC2026/train/1_Electronic/605.jpeg,near_duplicate
/kaggle/input/datasets/jessicamercya/satria-data-2026/BDC2026-20260708T012259Z-3-001 - Copy/BDC2026/train/1_Electronic/Television_95.jpg,near_826,/kaggle/input/datasets/jessicamercya/satria-data-2026/BDC2026-20260708T012259Z-3-001 - Copy/BDC2026/train/1_Electronic/605.jpeg,near_duplicate
/kaggle/input/datasets/jessicamercya/satria-data-2026/BDC2026-20260708T012259Z-3-001 - Copy/BDC2026/train/1_Electronic/Microwave_193.jpg,near_827,/kaggle/input/datasets/jessicamercya/satria-data-2026/BDC2026-20260708T012259Z-3-001 - Copy/BDC2026/train/1_Electronic/Microwave_193.jpg,near_duplicate
/kaggle/input/datasets/jessicamercya/satria-data-2026/BDC2026-20260708T012259Z-3-001 - Copy/BDC2026/train/1_Electronic/Player_106.jpg,near_827,/kaggle/input/datasets/jessicamercya/satria-data-2026/BDC2026-20260708T012259Z-3-001 - Copy/BDC2026/train/1_Electronic/Microwave_193.jpg,near_duplicate
/kaggle/input/datasets/jessicamercya/satria-data-2026/BDC2026-20260708T012259Z-3-001 - Copy/BDC2026/train/1_Electronic/Keyboard_63.jpg,near_834,/kaggle/input/datasets/jessicamercya/satria-data-2026/BDC2026-20260708T012259Z-3-001 - Copy/BDC2026/train/1_Electronic/Keyboard_63.jpg,near_duplicate
/kaggle/input/datasets/jessicamercya/satria-data-2026/BDC2026-20260708T012259Z-3-001 - Copy/BDC2026/train/1_Electronic/32.jpeg,near_834,/kaggle/input/datasets/jessicamercya/satria-data-2026/BDC2026-20260708T012259Z-3-001 - Copy/BDC2026/train/1_Electronic/Keyboard_63.jpg,near_duplicate
/kaggle/input/datasets/jessicamercya/satria-data-2026/BDC2026-20260708T012259Z-3-001 - Copy/BDC2026/train/1_Electronic/559.jpg,near_840,/kaggle/input/datasets/jessicamercya/satria-data-2026/BDC2026-20260708T012259Z-3-001 - Copy/BDC2026/train/1_Electronic/559.jpg,near_duplicate
/kaggle/input/datasets/jessicamercya/satria-data-2026/BDC2026-20260708T012259Z-3-001 - Copy/BDC2026/train/1_Electronic/Mobile_108.jpg,near_840,/kaggle/input/datasets/jessicamercya/satria-data-2026/BDC2026-20260708T012259Z-3-001 - Copy/BDC2026/train/1_Electronic/559.jpg,near_duplicate
/kaggle/input/datasets/jessicamercya/satria-data-2026/BDC2026-20260708T012259Z-3-001 - Copy/BDC2026/train/1_Electronic/477.jpg,near_844,/kaggle/input/datasets/jessicamercya/satria-data-2026/BDC2026-20260708T012259Z-3-001 - Copy/BDC2026/train/1_Electronic/477.jpg,near_duplicate
/kaggle/input/datasets/jessicamercya/satria-data-2026/BDC2026-20260708T012259Z-3-001 - Copy/BDC2026/train/1_Electronic/Mobile_26.jpg,near_844,/kaggle/input/datasets/jessicamercya/satria-data-2026/BDC2026-20260708T012259Z-3-001 - Copy/BDC2026/train/1_Electronic/477.jpg,near_duplicate
/kaggle/input/datasets/jessicamercya/satria-data-2026/BDC2026-20260708T012259Z-3-001 - Copy/BDC2026/train/1_Electronic/453.jpeg,near_854,/kaggle/input/datasets/jessicamercya/satria-data-2026/BDC2026-20260708T012259Z-3-001 - Copy/BDC2026/train/1_Electronic/453.jpeg,near_duplicate
/kaggle/input/datasets/jessicamercya/satria-data-2026/BDC2026-20260708T012259Z-3-001 - Copy/BDC2026/train/1_Electronic/Mobile_2.jpg,near_854,/kaggle/input/datasets/jessicamercya/satria-data-2026/BDC2026-20260708T012259Z-3-001 - Copy/BDC2026/train/1_Electronic/453.jpeg,near_duplicate
/kaggle/input/datasets/jessicamercya/satria-data-2026/BDC2026-20260708T012259Z-3-001 - Copy/BDC2026/train/1_Electronic/Player_119.jpg,near_857,/kaggle/input/datasets/jessicamercya/satria-data-2026/BDC2026-20260708T012259Z-3-001 - Copy/BDC2026/train/1_Electronic/Player_119.jpg,near_duplicate
/kaggle/input/datasets/jessicamercya/satria-data-2026/BDC2026-20260708T012259Z-3-001 - Copy/BDC2026/train/1_Electronic/Player_26.jpg,near_857,/kaggle/input/datasets/jessicamercya/satria-data-2026/BDC2026-20260708T012259Z-3-001 - Copy/BDC2026/train/1_Electronic/Player_119.jpg,near_duplicate
/kaggle/input/datasets/jessicamercya/satria-data-2026/BDC2026-20260708T012259Z-3-001 - Copy/BDC2026/train/1_Electronic/Player_132.jpg,near_864,/kaggle/input/datasets/jessicamercya/satria-data-2026/BDC2026-20260708T012259Z-3-001 - Copy/BDC2026/train/1_Electronic/Player_132.jpg,near_duplicate
/kaggle/input/datasets/jessicamercya/satria-data-2026/BDC2026-20260708T012259Z-3-001 - Copy/BDC2026/train/1_Electronic/Player_179.jpg,near_864,/kaggle/input/datasets/jessicamercya/satria-data-2026/BDC2026-20260708T012259Z-3-001 - Copy/BDC2026/train/1_Electronic/Player_132.jpg,near_duplicate
/kaggle/input/datasets/jessicamercya/satria-data-2026/BDC2026-20260708T012259Z-3-001 - Copy/BDC2026/train/1_Electronic/Mouse_291.jpg,near_884,/kaggle/input/datasets/jessicamercya/satria-data-2026/BDC2026-20260708T012259Z-3-001 - Copy/BDC2026/train/1_Electronic/Mouse_291.jpg,near_duplicate
/kaggle/input/datasets/jessicamercya/satria-data-2026/BDC2026-20260708T012259Z-3-001 - Copy/BDC2026/train/1_Electronic/767.jpeg,near_884,/kaggle/input/datasets/jessicamercya/satria-data-2026/BDC2026-20260708T012259Z-3-001 - Copy/BDC2026/train/1_Electronic/Mouse_291.jpg,near_duplicate
/kaggle/input/datasets/jessicamercya/satria-data-2026/BDC2026-20260708T012259Z-3-001 - Copy/BDC2026/train/1_Electronic/478.jpg,near_891,/kaggle/input/datasets/jessicamercya/satria-data-2026/BDC2026-20260708T012259Z-3-001 - Copy/BDC2026/train/1_Electronic/478.jpg,near_duplicate
/kaggle/input/datasets/jessicamercya/satria-data-2026/BDC2026-20260708T012259Z-3-001 - Copy/BDC2026/train/1_Electronic/Mobile_27.jpg,near_891,/kaggle/input/datasets/jessicamercya/satria-data-2026/BDC2026-20260708T012259Z-3-001 - Copy/BDC2026/train/1_Electronic/478.jpg,near_duplicate
/kaggle/input/datasets/jessicamercya/satria-data-2026/BDC2026-20260708T012259Z-3-001 - Copy/BDC2026/train/1_Electronic/Player_229.jpg,near_908,/kaggle/input/datasets/jessicamercya/satria-data-2026/BDC2026-20260708T012259Z-3-001 - Copy/BDC2026/train/1_Electronic/Player_229.jpg,near_duplicate
/kaggle/input/datasets/jessicamercya/satria-data-2026/BDC2026-20260708T012259Z-3-001 - Copy/BDC2026/train/1_Electronic/Player_218.jpg,near_908,/kaggle/input/datasets/jessicamercya/satria-data-2026/BDC2026-20260708T012259Z-3-001 - Copy/BDC2026/train/1_Electronic/Player_229.jpg,near_duplicate
/kaggle/input/datasets/jessicamercya/satria-data-2026/BDC2026-20260708T012259Z-3-001 - Copy/BDC2026/train/1_Electronic/597.jpeg,near_911,/kaggle/input/datasets/jessicamercya/satria-data-2026/BDC2026-20260708T012259Z-3-001 - Copy/BDC2026/train/1_Electronic/597.jpeg,near_duplicate
/kaggle/input/datasets/jessicamercya/satria-data-2026/BDC2026-20260708T012259Z-3-001 - Copy/BDC2026/train/1_Electronic/Mobile_146.jpg,near_911,/kaggle/input/datasets/jessicamercya/satria-data-2026/BDC2026-20260708T012259Z-3-001 - Copy/BDC2026/train/1_Electronic/597.jpeg,near_duplicate
/kaggle/input/datasets/jessicamercya/satria-data-2026/BDC2026-20260708T012259Z-3-001 - Copy/BDC2026/train/1_Electronic/582.jpeg,near_917,/kaggle/input/datasets/jessicamercya/satria-data-2026/BDC2026-20260708T012259Z-3-001 - Copy/BDC2026/train/1_Electronic/582.jpeg,near_duplicate
/kaggle/input/datasets/jessicamercya/satria-data-2026/BDC2026-20260708T012259Z-3-001 - Copy/BDC2026/train/1_Electronic/Mobile_131.jpg,near_917,/kaggle/input/datasets/jessicamercya/satria-data-2026/BDC2026-20260708T012259Z-3-001 - Copy/BDC2026/train/1_Electronic/582.jpeg,near_duplicate
/kaggle/input/datasets/jessicamercya/satria-data-2026/BDC2026-20260708T012259Z-3-001 - Copy/BDC2026/train/1_Electronic/9.jpg,near_957,/kaggle/input/datasets/jessicamercya/satria-data-2026/BDC2026-20260708T012259Z-3-001 - Copy/BDC2026/train/1_Electronic/9.jpg,near_duplicate
/kaggle/input/datasets/jessicamercya/satria-data-2026/BDC2026-20260708T012259Z-3-001 - Copy/BDC2026/train/1_Electronic/Keyboard_118.jpg,near_957,/kaggle/input/datasets/jessicamercya/satria-data-2026/BDC2026-20260708T012259Z-3-001 - Copy/BDC2026/train/1_Electronic/9.jpg,near_duplicate
/kaggle/input/datasets/jessicamercya/satria-data-2026/BDC2026-20260708T012259Z-3-001 - Copy/BDC2026/train/1_Electronic/488.jpeg,near_962,/kaggle/input/datasets/jessicamercya/satria-data-2026/BDC2026-20260708T012259Z-3-001 - Copy/BDC2026/train/1_Electronic/488.jpeg,near_duplicate
/kaggle/input/datasets/jessicamercya/satria-data-2026/BDC2026-20260708T012259Z-3-001 - Copy/BDC2026/train/1_Electronic/Mobile_37.jpg,near_962,/kaggle/input/datasets/jessicamercya/satria-data-2026/BDC2026-20260708T012259Z-3-001 - Copy/BDC2026/train/1_Electronic/488.jpeg,near_duplicate
/kaggle/input/datasets/jessicamercya/satria-data-2026/BDC2026-20260708T012259Z-3-001 - Copy/BDC2026/train/1_Electronic/Mobile_4.jpg,near_963,/kaggle/input/datasets/jessicamercya/satria-data-2026/BDC2026-20260708T012259Z-3-001 - Copy/BDC2026/train/1_Electronic/Mobile_4.jpg,near_duplicate
/kaggle/input/datasets/jessicamercya/satria-data-2026/BDC2026-20260708T012259Z-3-001 - Copy/BDC2026/train/1_Electronic/455.jpeg,near_963,/kaggle/input/datasets/jessicamercya/satria-data-2026/BDC2026-20260708T012259Z-3-001 - Copy/BDC2026/train/1_Electronic/Mobile_4.jpg,near_duplicate
/kaggle/input/datasets/jessicamercya/satria-data-2026/BDC2026-20260708T012259Z-3-001 - Copy/BDC2026/train/1_Electronic/Mobile_104.jpg,near_965,/kaggle/input/datasets/jessicamercya/satria-data-2026/BDC2026-20260708T012259Z-3-001 - Copy/BDC2026/train/1_Electronic/Mobile_104.jpg,near_duplicate
/kaggle/input/datasets/jessicamercya/satria-data-2026/BDC2026-20260708T012259Z-3-001 - Copy/BDC2026/train/1_Electronic/555.jpg,near_965,/kaggle/input/datasets/jessicamercya/satria-data-2026/BDC2026-20260708T012259Z-3-001 - Copy/BDC2026/train/1_Electronic/Mobile_104.jpg,near_duplicate
/kaggle/input/datasets/jessicamercya/satria-data-2026/BDC2026-20260708T012259Z-3-001 - Copy/BDC2026/train/1_Electronic/Mobile_46.jpg,near_973,/kaggle/input/datasets/jessicamercya/satria-data-2026/BDC2026-20260708T012259Z-3-001 - Copy/BDC2026/train/1_Electronic/Mobile_46.jpg,near_duplicate
/kaggle/input/datasets/jessicamercya/satria-data-2026/BDC2026-20260708T012259Z-3-001 - Copy/BDC2026/train/1_Electronic/497.jpeg,near_973,/kaggle/input/datasets/jessicamercya/satria-data-2026/BDC2026-20260708T012259Z-3-001 - Copy/BDC2026/train/1_Electronic/Mobile_46.jpg,near_duplicate
/kaggle/input/datasets/jessicamercya/satria-data-2026/BDC2026-20260708T012259Z-3-001 - Copy/BDC2026/train/1_Electronic/Mouse_31.jpg,near_987,/kaggle/input/datasets/jessicamercya/satria-data-2026/BDC2026-20260708T012259Z-3-001 - Copy/BDC2026/train/1_Electronic/Mouse_31.jpg,near_duplicate
/kaggle/input/datasets/jessicamercya/satria-data-2026/BDC2026-20260708T012259Z-3-001 - Copy/BDC2026/train/1_Electronic/799.jpeg,near_987,/kaggle/input/datasets/jessicamercya/satria-data-2026/BDC2026-20260708T012259Z-3-001 - Copy/BDC2026/train/1_Electronic/Mouse_31.jpg,near_duplicate
/kaggle/input/datasets/jessicamercya/satria-data-2026/BDC2026-20260708T012259Z-3-001 - Copy/BDC2026/train/1_Electronic/545.jpeg,near_996,/kaggle/input/datasets/jessicamercya/satria-data-2026/BDC2026-20260708T012259Z-3-001 - Copy/BDC2026/train/1_Electronic/545.jpeg,near_duplicate
/kaggle/input/datasets/jessicamercya/satria-data-2026/BDC2026-20260708T012259Z-3-001 - Copy/BDC2026/train/1_Electronic/Mobile_94.jpg,near_996,/kaggle/input/datasets/jessicamercya/satria-data-2026/BDC2026-20260708T012259Z-3-001 - Copy/BDC2026/train/1_Electronic/545.jpeg,near_duplicate
/kaggle/input/datasets/jessicamercya/satria-data-2026/BDC2026-20260708T012259Z-3-001 - Copy/BDC2026/train/1_Electronic/783.jpeg,near_1001,/kaggle/input/datasets/jessicamercya/satria-data-2026/BDC2026-20260708T012259Z-3-001 - Copy/BDC2026/train/1_Electronic/783.jpeg,near_duplicate
/kaggle/input/datasets/jessicamercya/satria-data-2026/BDC2026-20260708T012259Z-3-001 - Copy/BDC2026/train/1_Electronic/Mouse_13.jpg,near_1001,/kaggle/input/datasets/jessicamercya/satria-data-2026/BDC2026-20260708T012259Z-3-001 - Copy/BDC2026/train/1_Electronic/783.jpeg,near_duplicate
/kaggle/input/datasets/jessicamercya/satria-data-2026/BDC2026-20260708T012259Z-3-001 - Copy/BDC2026/train/1_Electronic/621.jpeg,near_1002,/kaggle/input/datasets/jessicamercya/satria-data-2026/BDC2026-20260708T012259Z-3-001 - Copy/BDC2026/train/1_Electronic/621.jpeg,near_duplicate
/kaggle/input/datasets/jessicamercya/satria-data-2026/BDC2026-20260708T012259Z-3-001 - Copy/BDC2026/train/1_Electronic/Television_110.jpg,near_1002,/kaggle/input/datasets/jessicamercya/satria-data-2026/BDC2026-20260708T012259Z-3-001 - Copy/BDC2026/train/1_Electronic/621.jpeg,near_duplicate
/kaggle/input/datasets/jessicamercya/satria-data-2026/BDC2026-20260708T012259Z-3-001 - Copy/BDC2026/train/1_Electronic/Mobile_20.jpg,near_1014,/kaggle/input/datasets/jessicamercya/satria-data-2026/BDC2026-20260708T012259Z-3-001 - Copy/BDC2026/train/1_Electronic/Mobile_20.jpg,near_duplicate
/kaggle/input/datasets/jessicamercya/satria-data-2026/BDC2026-20260708T012259Z-3-001 - Copy/BDC2026/train/1_Electronic/471.jpeg,near_1014,/kaggle/input/datasets/jessicamercya/satria-data-2026/BDC2026-20260708T012259Z-3-001 - Copy/BDC2026/train/1_Electronic/Mobile_20.jpg,near_duplicate
/kaggle/input/datasets/jessicamercya/satria-data-2026/BDC2026-20260708T012259Z-3-001 - Copy/BDC2026/train/1_Electronic/Mouse_277.jpg,near_1015,/kaggle/input/datasets/jessicamercya/satria-data-2026/BDC2026-20260708T012259Z-3-001 - Copy/BDC2026/train/1_Electronic/Mouse_277.jpg,near_duplicate
/kaggle/input/datasets/jessicamercya/satria-data-2026/BDC2026-20260708T012259Z-3-001 - Copy/BDC2026/train/1_Electronic/756.jpg,near_1015,/kaggle/input/datasets/jessicamercya/satria-data-2026/BDC2026-20260708T012259Z-3-001 - Copy/BDC2026/train/1_Electronic/Mouse_277.jpg,near_duplicate
/kaggle/input/datasets/jessicamercya/satria-data-2026/BDC2026-20260708T012259Z-3-001 - Copy/BDC2026/train/1_Electronic/4.jpeg,near_1016,/kaggle/input/datasets/jessicamercya/satria-data-2026/BDC2026-20260708T012259Z-3-001 - Copy/BDC2026/train/1_Electronic/4.jpeg,near_duplicate
/kaggle/input/datasets/jessicamercya/satria-data-2026/BDC2026-20260708T012259Z-3-001 - Copy/BDC2026/train/1_Electronic/Keyboard_74.jpg,near_1016,/kaggle/input/datasets/jessicamercya/satria-data-2026/BDC2026-20260708T012259Z-3-001 - Copy/BDC2026/train/1_Electronic/4.jpeg,near_duplicate
/kaggle/input/datasets/jessicamercya/satria-data-2026/BDC2026-20260708T012259Z-3-001 - Copy/BDC2026/train/1_Electronic/Mouse_292.jpg,near_1026,/kaggle/input/datasets/jessicamercya/satria-data-2026/BDC2026-20260708T012259Z-3-001 - Copy/BDC2026/train/1_Electronic/Mouse_292.jpg,near_duplicate
/kaggle/input/datasets/jessicamercya/satria-data-2026/BDC2026-20260708T012259Z-3-001 - Copy/BDC2026/train/1_Electronic/768.jpeg,near_1026,/kaggle/input/datasets/jessicamercya/satria-data-2026/BDC2026-20260708T012259Z-3-001 - Copy/BDC2026/train/1_Electronic/Mouse_292.jpg,near_duplicate
/kaggle/input/datasets/jessicamercya/satria-data-2026/BDC2026-20260708T012259Z-3-001 - Copy/BDC2026/train/1_Electronic/454.jpeg,near_1029,/kaggle/input/datasets/jessicamercya/satria-data-2026/BDC2026-20260708T012259Z-3-001 - Copy/BDC2026/train/1_Electronic/454.jpeg,near_duplicate
/kaggle/input/datasets/jessicamercya/satria-data-2026/BDC2026-20260708T012259Z-3-001 - Copy/BDC2026/train/1_Electronic/Mobile_3.jpg,near_1029,/kaggle/input/datasets/jessicamercya/satria-data-2026/BDC2026-20260708T012259Z-3-001 - Copy/BDC2026/train/1_Electronic/454.jpeg,near_duplicate
/kaggle/input/datasets/jessicamercya/satria-data-2026/BDC2026-20260708T012259Z-3-001 - Copy/BDC2026/train/1_Electronic/542.jpeg,near_1030,/kaggle/input/datasets/jessicamercya/satria-data-2026/BDC2026-20260708T012259Z-3-001 - Copy/BDC2026/train/1_Electronic/542.jpeg,near_duplicate
/kaggle/input/datasets/jessicamercya/satria-data-2026/BDC2026-20260708T012259Z-3-001 - Copy/BDC2026/train/1_Electronic/Mobile_91.jpg,near_1030,/kaggle/input/datasets/jessicamercya/satria-data-2026/BDC2026-20260708T012259Z-3-001 - Copy/BDC2026/train/1_Electronic/542.jpeg,near_duplicate
/kaggle/input/datasets/jessicamercya/satria-data-2026/BDC2026-20260708T012259Z-3-001 - Copy/BDC2026/train/1_Electronic/17.e-waste.jpeg,near_1060,/kaggle/input/datasets/jessicamercya/satria-data-2026/BDC2026-20260708T012259Z-3-001 - Copy/BDC2026/train/1_Electronic/17.e-waste.jpeg,near_duplicate
/kaggle/input/datasets/jessicamercya/satria-data-2026/BDC2026-20260708T012259Z-3-001 - Copy/BDC2026/train/1_Electronic/E-Waste.jpeg,near_1060,/kaggle/input/datasets/jessicamercya/satria-data-2026/BDC2026-20260708T012259Z-3-001 - Copy/BDC2026/train/1_Electronic/17.e-waste.jpeg,near_duplicate
/kaggle/input/datasets/jessicamercya/satria-data-2026/BDC2026-20260708T012259Z-3-001 - Copy/BDC2026/train/1_Electronic/Mobile_88.jpg,near_1069,/kaggle/input/datasets/jessicamercya/satria-data-2026/BDC2026-20260708T012259Z-3-001 - Copy/BDC2026/train/1_Electronic/Mobile_88.jpg,near_duplicate
/kaggle/input/datasets/jessicamercya/satria-data-2026/BDC2026-20260708T012259Z-3-001 - Copy/BDC2026/train/1_Electronic/539.jpeg,near_1069,/kaggle/input/datasets/jessicamercya/satria-data-2026/BDC2026-20260708T012259Z-3-001 - Copy/BDC2026/train/1_Electronic/Mobile_88.jpg,near_duplicate
/kaggle/input/datasets/jessicamercya/satria-data-2026/BDC2026-20260708T012259Z-3-001 - Copy/BDC2026/train/1_Electronic/Mouse_12.jpg,near_1079,/kaggle/input/datasets/jessicamercya/satria-data-2026/BDC2026-20260708T012259Z-3-001 - Copy/BDC2026/train/1_Electronic/Mouse_12.jpg,near_duplicate
/kaggle/input/datasets/jessicamercya/satria-data-2026/BDC2026-20260708T012259Z-3-001 - Copy/BDC2026/train/1_Electronic/782.jpeg,near_1079,/kaggle/input/datasets/jessicamercya/satria-data-2026/BDC2026-20260708T012259Z-3-001 - Copy/BDC2026/train/1_Electronic/Mouse_12.jpg,near_duplicate
/kaggle/input/datasets/jessicamercya/satria-data-2026/BDC2026-20260708T012259Z-3-001 - Copy/BDC2026/train/1_Electronic/pcb_56.jpg,near_1080,/kaggle/input/datasets/jessicamercya/satria-data-2026/BDC2026-20260708T012259Z-3-001 - Copy/BDC2026/train/1_Electronic/pcb_56.jpg,near_duplicate
/kaggle/input/datasets/jessicamercya/satria-data-2026/BDC2026-20260708T012259Z-3-001 - Copy/BDC2026/train/1_Electronic/pcb_93.jpg,near_1080,/kaggle/input/datasets/jessicamercya/satria-data-2026/BDC2026-20260708T012259Z-3-001 - Copy/BDC2026/train/1_Electronic/pcb_56.jpg,near_duplicate
/kaggle/input/datasets/jessicamercya/satria-data-2026/BDC2026-20260708T012259Z-3-001 - Copy/BDC2026/train/1_Electronic/Mobile_85.jpg,near_1087,/kaggle/input/datasets/jessicamercya/satria-data-2026/BDC2026-20260708T012259Z-3-001 - Copy/BDC2026/train/1_Electronic/Mobile_85.jpg,near_duplicate
/kaggle/input/datasets/jessicamercya/satria-data-2026/BDC2026-20260708T012259Z-3-001 - Copy/BDC2026/train/1_Electronic/536.jpeg,near_1087,/kaggle/input/datasets/jessicamercya/satria-data-2026/BDC2026-20260708T012259Z-3-001 - Copy/BDC2026/train/1_Electronic/Mobile_85.jpg,near_duplicate
/kaggle/input/datasets/jessicamercya/satria-data-2026/BDC2026-20260708T012259Z-3-001 - Copy/BDC2026/train/1_Electronic/Keyboard_61.jpg,near_1096,/kaggle/input/datasets/jessicamercya/satria-data-2026/BDC2026-20260708T012259Z-3-001 - Copy/BDC2026/train/1_Electronic/Keyboard_61.jpg,near_duplicate
/kaggle/input/datasets/jessicamercya/satria-data-2026/BDC2026-20260708T012259Z-3-001 - Copy/BDC2026/train/1_Electronic/30.jpeg,near_1096,/kaggle/input/datasets/jessicamercya/satria-data-2026/BDC2026-20260708T012259Z-3-001 - Copy/BDC2026/train/1_Electronic/Keyboard_61.jpg,near_duplicate
/kaggle/input/datasets/jessicamercya/satria-data-2026/BDC2026-20260708T012259Z-3-001 - Copy/BDC2026/train/1_Electronic/507.jpeg,near_1129,/kaggle/input/datasets/jessicamercya/satria-data-2026/BDC2026-20260708T012259Z-3-001 - Copy/BDC2026/train/1_Electronic/507.jpeg,near_duplicate
/kaggle/input/datasets/jessicamercya/satria-data-2026/BDC2026-20260708T012259Z-3-001 - Copy/BDC2026/train/1_Electronic/Mobile_6.jpg,near_1129,/kaggle/input/datasets/jessicamercya/satria-data-2026/BDC2026-20260708T012259Z-3-001 - Copy/BDC2026/train/1_Electronic/507.jpeg,near_duplicate
/kaggle/input/datasets/jessicamercya/satria-data-2026/BDC2026-20260708T012259Z-3-001 - Copy/BDC2026/train/1_Electronic/Mouse_43.jpg,near_1130,/kaggle/input/datasets/jessicamercya/satria-data-2026/BDC2026-20260708T012259Z-3-001 - Copy/BDC2026/train/1_Electronic/Mouse_43.jpg,near_duplicate
/kaggle/input/datasets/jessicamercya/satria-data-2026/BDC2026-20260708T012259Z-3-001 - Copy/BDC2026/train/1_Electronic/802.jpeg,near_1130,/kaggle/input/datasets/jessicamercya/satria-data-2026/BDC2026-20260708T012259Z-3-001 - Copy/BDC2026/train/1_Electronic/Mouse_43.jpg,near_duplicate
/kaggle/input/datasets/jessicamercya/satria-data-2026/BDC2026-20260708T012259Z-3-001 - Copy/BDC2026/train/1_Electronic/Mouse_8.jpg,near_1148,/kaggle/input/datasets/jessicamercya/satria-data-2026/BDC2026-20260708T012259Z-3-001 - Copy/BDC2026/train/1_Electronic/Mouse_8.jpg,near_duplicate
/kaggle/input/datasets/jessicamercya/satria-data-2026/BDC2026-20260708T012259Z-3-001 - Copy/BDC2026/train/1_Electronic/778.jpeg,near_1148,/kaggle/input/datasets/jessicamercya/satria-data-2026/BDC2026-20260708T012259Z-3-001 - Copy/BDC2026/train/1_Electronic/Mouse_8.jpg,near_duplicate
/kaggle/input/datasets/jessicamercya/satria-data-2026/BDC2026-20260708T012259Z-3-001 - Copy/BDC2026/train/1_Electronic/Mobile_36.jpg,near_1152,/kaggle/input/datasets/jessicamercya/satria-data-2026/BDC2026-20260708T012259Z-3-001 - Copy/BDC2026/train/1_Electronic/Mobile_36.jpg,near_duplicate
/kaggle/input/datasets/jessicamercya/satria-data-2026/BDC2026-20260708T012259Z-3-001 - Copy/BDC2026/train/1_Electronic/487.jpeg,near_1152,/kaggle/input/datasets/jessicamercya/satria-data-2026/BDC2026-20260708T012259Z-3-001 - Copy/BDC2026/train/1_Electronic/Mobile_36.jpg,near_duplicate
/kaggle/input/datasets/jessicamercya/satria-data-2026/BDC2026-20260708T012259Z-3-001 - Copy/BDC2026/train/1_Electronic/Mobile_60.jpg,near_1153,/kaggle/input/datasets/jessicamercya/satria-data-2026/BDC2026-20260708T012259Z-3-001 - Copy/BDC2026/train/1_Electronic/Mobile_60.jpg,near_duplicate
/kaggle/input/datasets/jessicamercya/satria-data-2026/BDC2026-20260708T012259Z-3-001 - Copy/BDC2026/train/1_Electronic/511.jpeg,near_1153,/kaggle/input/datasets/jessicamercya/satria-data-2026/BDC2026-20260708T012259Z-3-001 - Copy/BDC2026/train/1_Electronic/Mobile_60.jpg,near_duplicate
/kaggle/input/datasets/jessicamercya/satria-data-2026/BDC2026-20260708T012259Z-3-001 - Copy/BDC2026/train/1_Electronic/Mouse_285.jpg,near_1155,/kaggle/input/datasets/jessicamercya/satria-data-2026/BDC2026-20260708T012259Z-3-001 - Copy/BDC2026/train/1_Electronic/Mouse_285.jpg,near_duplicate
/kaggle/input/datasets/jessicamercya/satria-data-2026/BDC2026-20260708T012259Z-3-001 - Copy/BDC2026/train/1_Electronic/762.jpeg,near_1155,/kaggle/input/datasets/jessicamercya/satria-data-2026/BDC2026-20260708T012259Z-3-001 - Copy/BDC2026/train/1_Electronic/Mouse_285.jpg,near_duplicate
/kaggle/input/datasets/jessicamercya/satria-data-2026/BDC2026-20260708T012259Z-3-001 - Copy/BDC2026/train/1_Electronic/560.jpg,near_1159,/kaggle/input/datasets/jessicamercya/satria-data-2026/BDC2026-20260708T012259Z-3-001 - Copy/BDC2026/train/1_Electronic/560.jpg,near_duplicate
/kaggle/input/datasets/jessicamercya/satria-data-2026/BDC2026-20260708T012259Z-3-001 - Copy/BDC2026/train/1_Electronic/Mobile_109.jpg,near_1159,/kaggle/input/datasets/jessicamercya/satria-data-2026/BDC2026-20260708T012259Z-3-001 - Copy/BDC2026/train/1_Electronic/560.jpg,near_duplicate
/kaggle/input/datasets/jessicamercya/satria-data-2026/BDC2026-20260708T012259Z-3-001 - Copy/BDC2026/train/1_Electronic/Television_274.jpg,near_1182,/kaggle/input/datasets/jessicamercya/satria-data-2026/BDC2026-20260708T012259Z-3-001 - Copy/BDC2026/train/1_Electronic/Television_274.jpg,near_duplicate
/kaggle/input/datasets/jessicamercya/satria-data-2026/BDC2026-20260708T012259Z-3-001 - Copy/BDC2026/train/1_Electronic/Television_149.jpg,near_1182,/kaggle/input/datasets/jessicamercya/satria-data-2026/BDC2026-20260708T012259Z-3-001 - Copy/BDC2026/train/1_Electronic/Television_274.jpg,near_duplicate
/kaggle/input/datasets/jessicamercya/satria-data-2026/BDC2026-20260708T012259Z-3-001 - Copy/BDC2026/train/1_Electronic/Mobile_114.jpg,near_1187,/kaggle/input/datasets/jessicamercya/satria-data-2026/BDC2026-20260708T012259Z-3-001 - Copy/BDC2026/train/1_Electronic/Mobile_114.jpg,near_duplicate
/kaggle/input/datasets/jessicamercya/satria-data-2026/BDC2026-20260708T012259Z-3-001 - Copy/BDC2026/train/1_Electronic/565.jpg,near_1187,/kaggle/input/datasets/jessicamercya/satria-data-2026/BDC2026-20260708T012259Z-3-001 - Copy/BDC2026/train/1_Electronic/Mobile_114.jpg,near_duplicate
/kaggle/input/datasets/jessicamercya/satria-data-2026/BDC2026-20260708T012259Z-3-001 - Copy/BDC2026/train/1_Electronic/33.jpeg,near_1197,/kaggle/input/datasets/jessicamercya/satria-data-2026/BDC2026-20260708T012259Z-3-001 - Copy/BDC2026/train/1_Electronic/33.jpeg,near_duplicate
/kaggle/input/datasets/jessicamercya/satria-data-2026/BDC2026-20260708T012259Z-3-001 - Copy/BDC2026/train/1_Electronic/Keyboard_64.jpg,near_1197,/kaggle/input/datasets/jessicamercya/satria-data-2026/BDC2026-20260708T012259Z-3-001 - Copy/BDC2026/train/1_Electronic/33.jpeg,near_duplicate
/kaggle/input/datasets/jessicamercya/satria-data-2026/BDC2026-20260708T012259Z-3-001 - Copy/BDC2026/train/1_Electronic/Television_108.jpg,near_1222,/kaggle/input/datasets/jessicamercya/satria-data-2026/BDC2026-20260708T012259Z-3-001 - Copy/BDC2026/train/1_Electronic/Television_108.jpg,near_duplicate
/kaggle/input/datasets/jessicamercya/satria-data-2026/BDC2026-20260708T012259Z-3-001 - Copy/BDC2026/train/1_Electronic/619.jpeg,near_1222,/kaggle/input/datasets/jessicamercya/satria-data-2026/BDC2026-20260708T012259Z-3-001 - Copy/BDC2026/train/1_Electronic/Television_108.jpg,near_duplicate
/kaggle/input/datasets/jessicamercya/satria-data-2026/BDC2026-20260708T012259Z-3-001 - Copy/BDC2026/train/1_Electronic/561.jpg,near_1231,/kaggle/input/datasets/jessicamercya/satria-data-2026/BDC2026-20260708T012259Z-3-001 - Copy/BDC2026/train/1_Electronic/561.jpg,near_duplicate
/kaggle/input/datasets/jessicamercya/satria-data-2026/BDC2026-20260708T012259Z-3-001 - Copy/BDC2026/train/1_Electronic/Mobile_110.jpg,near_1231,/kaggle/input/datasets/jessicamercya/satria-data-2026/BDC2026-20260708T012259Z-3-001 - Copy/BDC2026/train/1_Electronic/561.jpg,near_duplicate
/kaggle/input/datasets/jessicamercya/satria-data-2026/BDC2026-20260708T012259Z-3-001 - Copy/BDC2026/train/1_Electronic/563.jpg,near_1237,/kaggle/input/datasets/jessicamercya/satria-data-2026/BDC2026-20260708T012259Z-3-001 - Copy/BDC2026/train/1_Electronic/563.jpg,near_duplicate
/kaggle/input/datasets/jessicamercya/satria-data-2026/BDC2026-20260708T012259Z-3-001 - Copy/BDC2026/train/1_Electronic/Mobile_112.jpg,near_1237,/kaggle/input/datasets/jessicamercya/satria-data-2026/BDC2026-20260708T012259Z-3-001 - Copy/BDC2026/train/1_Electronic/563.jpg,near_duplicate
/kaggle/input/datasets/jessicamercya/satria-data-2026/BDC2026-20260708T012259Z-3-001 - Copy/BDC2026/train/1_Electronic/Mobile_115.jpg,near_1247,/kaggle/input/datasets/jessicamercya/satria-data-2026/BDC2026-20260708T012259Z-3-001 - Copy/BDC2026/train/1_Electronic/Mobile_115.jpg,near_duplicate
/kaggle/input/datasets/jessicamercya/satria-data-2026/BDC2026-20260708T012259Z-3-001 - Copy/BDC2026/train/1_Electronic/566.jpg,near_1247,/kaggle/input/datasets/jessicamercya/satria-data-2026/BDC2026-20260708T012259Z-3-001 - Copy/BDC2026/train/1_Electronic/Mobile_115.jpg,near_duplicate
/kaggle/input/datasets/jessicamercya/satria-data-2026/BDC2026-20260708T012259Z-3-001 - Copy/BDC2026/train/1_Electronic/541.jpeg,near_1248,/kaggle/input/datasets/jessicamercya/satria-data-2026/BDC2026-20260708T012259Z-3-001 - Copy/BDC2026/train/1_Electronic/541.jpeg,near_duplicate
/kaggle/input/datasets/jessicamercya/satria-data-2026/BDC2026-20260708T012259Z-3-001 - Copy/BDC2026/train/1_Electronic/Mobile_90.jpg,near_1248,/kaggle/input/datasets/jessicamercya/satria-data-2026/BDC2026-20260708T012259Z-3-001 - Copy/BDC2026/train/1_Electronic/541.jpeg,near_duplicate
/kaggle/input/datasets/jessicamercya/satria-data-2026/BDC2026-20260708T012259Z-3-001 - Copy/BDC2026/train/1_Electronic/569.jpg,near_1258,/kaggle/input/datasets/jessicamercya/satria-data-2026/BDC2026-20260708T012259Z-3-001 - Copy/BDC2026/train/1_Electronic/569.jpg,near_duplicate
/kaggle/input/datasets/jessicamercya/satria-data-2026/BDC2026-20260708T012259Z-3-001 - Copy/BDC2026/train/1_Electronic/Mobile_118.jpg,near_1258,/kaggle/input/datasets/jessicamercya/satria-data-2026/BDC2026-20260708T012259Z-3-001 - Copy/BDC2026/train/1_Electronic/569.jpg,near_duplicate
/kaggle/input/datasets/jessicamercya/satria-data-2026/BDC2026-20260708T012259Z-3-001 - Copy/BDC2026/train/1_Electronic/19.jpeg,near_1268,/kaggle/input/datasets/jessicamercya/satria-data-2026/BDC2026-20260708T012259Z-3-001 - Copy/BDC2026/train/1_Electronic/19.jpeg,near_duplicate
/kaggle/input/datasets/jessicamercya/satria-data-2026/BDC2026-20260708T012259Z-3-001 - Copy/BDC2026/train/1_Electronic/Keyboard_24.jpg,near_1268,/kaggle/input/datasets/jessicamercya/satria-data-2026/BDC2026-20260708T012259Z-3-001 - Copy/BDC2026/train/1_Electronic/19.jpeg,near_duplicate
/kaggle/input/datasets/jessicamercya/satria-data-2026/BDC2026-20260708T012259Z-3-001 - Copy/BDC2026/train/1_Electronic/482.jpg,near_1286,/kaggle/input/datasets/jessicamercya/satria-data-2026/BDC2026-20260708T012259Z-3-001 - Copy/BDC2026/train/1_Electronic/482.jpg,near_duplicate
/kaggle/input/datasets/jessicamercya/satria-data-2026/BDC2026-20260708T012259Z-3-001 - Copy/BDC2026/train/1_Electronic/Mobile_31.jpg,near_1286,/kaggle/input/datasets/jessicamercya/satria-data-2026/BDC2026-20260708T012259Z-3-001 - Copy/BDC2026/train/1_Electronic/482.jpg,near_duplicate
/kaggle/input/datasets/jessicamercya/satria-data-2026/BDC2026-20260708T012259Z-3-001 - Copy/BDC2026/train/1_Electronic/Mouse_288.jpg,near_1292,/kaggle/input/datasets/jessicamercya/satria-data-2026/BDC2026-20260708T012259Z-3-001 - Copy/BDC2026/train/1_Electronic/Mouse_288.jpg,near_duplicate
/kaggle/input/datasets/jessicamercya/satria-data-2026/BDC2026-20260708T012259Z-3-001 - Copy/BDC2026/train/1_Electronic/765.jpeg,near_1292,/kaggle/input/datasets/jessicamercya/satria-data-2026/BDC2026-20260708T012259Z-3-001 - Copy/BDC2026/train/1_Electronic/Mouse_288.jpg,near_duplicate
/kaggle/input/datasets/jessicamercya/satria-data-2026/BDC2026-20260708T012259Z-3-001 - Copy/BDC2026/train/1_Electronic/594.jpeg,near_1305,/kaggle/input/datasets/jessicamercya/satria-data-2026/BDC2026-20260708T012259Z-3-001 - Copy/BDC2026/train/1_Electronic/594.jpeg,near_duplicate
/kaggle/input/datasets/jessicamercya/satria-data-2026/BDC2026-20260708T012259Z-3-001 - Copy/BDC2026/train/1_Electronic/Mobile_143.jpg,near_1305,/kaggle/input/datasets/jessicamercya/satria-data-2026/BDC2026-20260708T012259Z-3-001 - Copy/BDC2026/train/1_Electronic/594.jpeg,near_duplicate
/kaggle/input/datasets/jessicamercya/satria-data-2026/BDC2026-20260708T012259Z-3-001 - Copy/BDC2026/train/1_Electronic/770.jpeg,near_1309,/kaggle/input/datasets/jessicamercya/satria-data-2026/BDC2026-20260708T012259Z-3-001 - Copy/BDC2026/train/1_Electronic/770.jpeg,near_duplicate
/kaggle/input/datasets/jessicamercya/satria-data-2026/BDC2026-20260708T012259Z-3-001 - Copy/BDC2026/train/1_Electronic/Mouse_294.jpg,near_1309,/kaggle/input/datasets/jessicamercya/satria-data-2026/BDC2026-20260708T012259Z-3-001 - Copy/BDC2026/train/1_Electronic/770.jpeg,near_duplicate
/kaggle/input/datasets/jessicamercya/satria-data-2026/BDC2026-20260708T012259Z-3-001 - Copy/BDC2026/train/1_Electronic/785.jpeg,near_1318,/kaggle/input/datasets/jessicamercya/satria-data-2026/BDC2026-20260708T012259Z-3-001 - Copy/BDC2026/train/1_Electronic/785.jpeg,near_duplicate
/kaggle/input/datasets/jessicamercya/satria-data-2026/BDC2026-20260708T012259Z-3-001 - Copy/BDC2026/train/1_Electronic/Mouse_16.jpg,near_1318,/kaggle/input/datasets/jessicamercya/satria-data-2026/BDC2026-20260708T012259Z-3-001 - Copy/BDC2026/train/1_Electronic/785.jpeg,near_duplicate
/kaggle/input/datasets/jessicamercya/satria-data-2026/BDC2026-20260708T012259Z-3-001 - Copy/BDC2026/train/1_Electronic/7.jpeg,near_1320,/kaggle/input/datasets/jessicamercya/satria-data-2026/BDC2026-20260708T012259Z-3-001 - Copy/BDC2026/train/1_Electronic/7.jpeg,near_duplicate
/kaggle/input/datasets/jessicamercya/satria-data-2026/BDC2026-20260708T012259Z-3-001 - Copy/BDC2026/train/1_Electronic/Keyboard_101.jpg,near_1320,/kaggle/input/datasets/jessicamercya/satria-data-2026/BDC2026-20260708T012259Z-3-001 - Copy/BDC2026/train/1_Electronic/7.jpeg,near_duplicate
/kaggle/input/datasets/jessicamercya/satria-data-2026/BDC2026-20260708T012259Z-3-001 - Copy/BDC2026/train/1_Electronic/528.jpeg,near_1321,/kaggle/input/datasets/jessicamercya/satria-data-2026/BDC2026-20260708T012259Z-3-001 - Copy/BDC2026/train/1_Electronic/528.jpeg,near_duplicate
/kaggle/input/datasets/jessicamercya/satria-data-2026/BDC2026-20260708T012259Z-3-001 - Copy/BDC2026/train/1_Electronic/Mobile_77.jpg,near_1321,/kaggle/input/datasets/jessicamercya/satria-data-2026/BDC2026-20260708T012259Z-3-001 - Copy/BDC2026/train/1_Electronic/528.jpeg,near_duplicate
/kaggle/input/datasets/jessicamercya/satria-data-2026/BDC2026-20260708T012259Z-3-001 - Copy/BDC2026/train/1_Electronic/Mobile_137.jpg,near_1331,/kaggle/input/datasets/jessicamercya/satria-data-2026/BDC2026-20260708T012259Z-3-001 - Copy/BDC2026/train/1_Electronic/Mobile_137.jpg,near_duplicate
/kaggle/input/datasets/jessicamercya/satria-data-2026/BDC2026-20260708T012259Z-3-001 - Copy/BDC2026/train/1_Electronic/588.jpeg,near_1331,/kaggle/input/datasets/jessicamercya/satria-data-2026/BDC2026-20260708T012259Z-3-001 - Copy/BDC2026/train/1_Electronic/Mobile_137.jpg,near_duplicate
/kaggle/input/datasets/jessicamercya/satria-data-2026/BDC2026-20260708T012259Z-3-001 - Copy/BDC2026/train/1_Electronic/758.jpg,near_1429,/kaggle/input/datasets/jessicamercya/satria-data-2026/BDC2026-20260708T012259Z-3-001 - Copy/BDC2026/train/1_Electronic/758.jpg,near_duplicate
/kaggle/input/datasets/jessicamercya/satria-data-2026/BDC2026-20260708T012259Z-3-001 - Copy/BDC2026/train/1_Electronic/Mouse_280.jpg,near_1429,/kaggle/input/datasets/jessicamercya/satria-data-2026/BDC2026-20260708T012259Z-3-001 - Copy/BDC2026/train/1_Electronic/758.jpg,near_duplicate
/kaggle/input/datasets/jessicamercya/satria-data-2026/BDC2026-20260708T012259Z-3-001 - Copy/BDC2026/train/1_Electronic/606.jpeg,near_1435,/kaggle/input/datasets/jessicamercya/satria-data-2026/BDC2026-20260708T012259Z-3-001 - Copy/BDC2026/train/1_Electronic/606.jpeg,near_duplicate
/kaggle/input/datasets/jessicamercya/satria-data-2026/BDC2026-20260708T012259Z-3-001 - Copy/BDC2026/train/1_Electronic/Television_96.jpg,near_1435,/kaggle/input/datasets/jessicamercya/satria-data-2026/BDC2026-20260708T012259Z-3-001 - Copy/BDC2026/train/1_Electronic/606.jpeg,near_duplicate
/kaggle/input/datasets/jessicamercya/satria-data-2026/BDC2026-20260708T012259Z-3-001 - Copy/BDC2026/train/1_Electronic/Microwave_102.jpg,near_1449,/kaggle/input/datasets/jessicamercya/satria-data-2026/BDC2026-20260708T012259Z-3-001 - Copy/BDC2026/train/1_Electronic/Microwave_102.jpg,near_duplicate
/kaggle/input/datasets/jessicamercya/satria-data-2026/BDC2026-20260708T012259Z-3-001 - Copy/BDC2026/train/1_Electronic/Microwave_77.jpg,near_1449,/kaggle/input/datasets/jessicamercya/satria-data-2026/BDC2026-20260708T012259Z-3-001 - Copy/BDC2026/train/1_Electronic/Microwave_102.jpg,near_duplicate
/kaggle/input/datasets/jessicamercya/satria-data-2026/BDC2026-20260708T012259Z-3-001 - Copy/BDC2026/train/1_Electronic/632.jpeg,near_1464,/kaggle/input/datasets/jessicamercya/satria-data-2026/BDC2026-20260708T012259Z-3-001 - Copy/BDC2026/train/1_Electronic/632.jpeg,near_duplicate
/kaggle/input/datasets/jessicamercya/satria-data-2026/BDC2026-20260708T012259Z-3-001 - Copy/BDC2026/train/1_Electronic/Television_121.jpg,near_1464,/kaggle/input/datasets/jessicamercya/satria-data-2026/BDC2026-20260708T012259Z-3-001 - Copy/BDC2026/train/1_Electronic/632.jpeg,near_duplicate
/kaggle/input/datasets/jessicamercya/satria-data-2026/BDC2026-20260708T012259Z-3-001 - Copy/BDC2026/train/1_Electronic/Television_107.jpg,near_1467,/kaggle/input/datasets/jessicamercya/satria-data-2026/BDC2026-20260708T012259Z-3-001 - Copy/BDC2026/train/1_Electronic/Television_107.jpg,near_duplicate
/kaggle/input/datasets/jessicamercya/satria-data-2026/BDC2026-20260708T012259Z-3-001 - Copy/BDC2026/train/1_Electronic/618.jpeg,near_1467,/kaggle/input/datasets/jessicamercya/satria-data-2026/BDC2026-20260708T012259Z-3-001 - Copy/BDC2026/train/1_Electronic/Television_107.jpg,near_duplicate
/kaggle/input/datasets/jessicamercya/satria-data-2026/BDC2026-20260708T012259Z-3-001 - Copy/BDC2026/train/1_Electronic/470.jpeg,near_1468,/kaggle/input/datasets/jessicamercya/satria-data-2026/BDC2026-20260708T012259Z-3-001 - Copy/BDC2026/train/1_Electronic/470.jpeg,near_duplicate
/kaggle/input/datasets/jessicamercya/satria-data-2026/BDC2026-20260708T012259Z-3-001 - Copy/BDC2026/train/1_Electronic/Mobile_19.jpg,near_1468,/kaggle/input/datasets/jessicamercya/satria-data-2026/BDC2026-20260708T012259Z-3-001 - Copy/BDC2026/train/1_Electronic/470.jpeg,near_duplicate
/kaggle/input/datasets/jessicamercya/satria-data-2026/BDC2026-20260708T012259Z-3-001 - Copy/BDC2026/train/1_Electronic/Television_116.jpg,near_1492,/kaggle/input/datasets/jessicamercya/satria-data-2026/BDC2026-20260708T012259Z-3-001 - Copy/BDC2026/train/1_Electronic/Television_116.jpg,near_duplicate
/kaggle/input/datasets/jessicamercya/satria-data-2026/BDC2026-20260708T012259Z-3-001 - Copy/BDC2026/train/1_Electronic/627(1).jpeg,near_1492,/kaggle/input/datasets/jessicamercya/satria-data-2026/BDC2026-20260708T012259Z-3-001 - Copy/BDC2026/train/1_Electronic/Television_116.jpg,near_duplicate
/kaggle/input/datasets/jessicamercya/satria-data-2026/BDC2026-20260708T012259Z-3-001 - Copy/BDC2026/train/1_Electronic/627.jpeg,near_1492,/kaggle/input/datasets/jessicamercya/satria-data-2026/BDC2026-20260708T012259Z-3-001 - Copy/BDC2026/train/1_Electronic/Television_116.jpg,near_duplicate
/kaggle/input/datasets/jessicamercya/satria-data-2026/BDC2026-20260708T012259Z-3-001 - Copy/BDC2026/train/1_Electronic/Television_270.jpg,near_1500,/kaggle/input/datasets/jessicamercya/satria-data-2026/BDC2026-20260708T012259Z-3-001 - Copy/BDC2026/train/1_Electronic/Television_270.jpg,near_duplicate
/kaggle/input/datasets/jessicamercya/satria-data-2026/BDC2026-20260708T012259Z-3-001 - Copy/BDC2026/train/1_Electronic/Television_247.jpg,near_1500,/kaggle/input/datasets/jessicamercya/satria-data-2026/BDC2026-20260708T012259Z-3-001 - Copy/BDC2026/train/1_Electronic/Television_270.jpg,near_duplicate
/kaggle/input/datasets/jessicamercya/satria-data-2026/BDC2026-20260708T012259Z-3-001 - Copy/BDC2026/train/1_Electronic/629(1).jpeg,near_1512,/kaggle/input/datasets/jessicamercya/satria-data-2026/BDC2026-20260708T012259Z-3-001 - Copy/BDC2026/train/1_Electronic/629(1).jpeg,near_duplicate
/kaggle/input/datasets/jessicamercya/satria-data-2026/BDC2026-20260708T012259Z-3-001 - Copy/BDC2026/train/1_Electronic/629.jpeg,near_1512,/kaggle/input/datasets/jessicamercya/satria-data-2026/BDC2026-20260708T012259Z-3-001 - Copy/BDC2026/train/1_Electronic/629(1).jpeg,near_duplicate
/kaggle/input/datasets/jessicamercya/satria-data-2026/BDC2026-20260708T012259Z-3-001 - Copy/BDC2026/train/1_Electronic/Television_118.jpg,near_1512,/kaggle/input/datasets/jessicamercya/satria-data-2026/BDC2026-20260708T012259Z-3-001 - Copy/BDC2026/train/1_Electronic/629(1).jpeg,near_duplicate
/kaggle/input/datasets/jessicamercya/satria-data-2026/BDC2026-20260708T012259Z-3-001 - Copy/BDC2026/train/1_Electronic/Mobile_141.jpg,near_1529,/kaggle/input/datasets/jessicamercya/satria-data-2026/BDC2026-20260708T012259Z-3-001 - Copy/BDC2026/train/1_Electronic/Mobile_141.jpg,near_duplicate
/kaggle/input/datasets/jessicamercya/satria-data-2026/BDC2026-20260708T012259Z-3-001 - Copy/BDC2026/train/1_Electronic/592.jpeg,near_1529,/kaggle/input/datasets/jessicamercya/satria-data-2026/BDC2026-20260708T012259Z-3-001 - Copy/BDC2026/train/1_Electronic/Mobile_141.jpg,near_duplicate
/kaggle/input/datasets/jessicamercya/satria-data-2026/BDC2026-20260708T012259Z-3-001 - Copy/BDC2026/train/1_Electronic/461.jpeg,near_1535,/kaggle/input/datasets/jessicamercya/satria-data-2026/BDC2026-20260708T012259Z-3-001 - Copy/BDC2026/train/1_Electronic/461.jpeg,near_duplicate
/kaggle/input/datasets/jessicamercya/satria-data-2026/BDC2026-20260708T012259Z-3-001 - Copy/BDC2026/train/1_Electronic/Mobile_10.jpg,near_1535,/kaggle/input/datasets/jessicamercya/satria-data-2026/BDC2026-20260708T012259Z-3-001 - Copy/BDC2026/train/1_Electronic/461.jpeg,near_duplicate
/kaggle/input/datasets/jessicamercya/satria-data-2026/BDC2026-20260708T012259Z-3-001 - Copy/BDC2026/train/1_Electronic/Television_98.jpg,near_1545,/kaggle/input/datasets/jessicamercya/satria-data-2026/BDC2026-20260708T012259Z-3-001 - Copy/BDC2026/train/1_Electronic/Television_98.jpg,near_duplicate
/kaggle/input/datasets/jessicamercya/satria-data-2026/BDC2026-20260708T012259Z-3-001 - Copy/BDC2026/train/1_Electronic/608.jpeg,near_1545,/kaggle/input/datasets/jessicamercya/satria-data-2026/BDC2026-20260708T012259Z-3-001 - Copy/BDC2026/train/1_Electronic/Television_98.jpg,near_duplicate
/kaggle/input/datasets/jessicamercya/satria-data-2026/BDC2026-20260708T012259Z-3-001 - Copy/BDC2026/train/1_Electronic/Mobile_259.jpg,near_1551,/kaggle/input/datasets/jessicamercya/satria-data-2026/BDC2026-20260708T012259Z-3-001 - Copy/BDC2026/train/1_Electronic/Mobile_259.jpg,near_duplicate
/kaggle/input/datasets/jessicamercya/satria-data-2026/BDC2026-20260708T012259Z-3-001 - Copy/BDC2026/train/1_Electronic/Mobile_260.jpg,near_1551,/kaggle/input/datasets/jessicamercya/satria-data-2026/BDC2026-20260708T012259Z-3-001 - Copy/BDC2026/train/1_Electronic/Mobile_259.jpg,near_duplicate
/kaggle/input/datasets/jessicamercya/satria-data-2026/BDC2026-20260708T012259Z-3-001 - Copy/BDC2026/train/1_Electronic/780.jpeg,near_1558,/kaggle/input/datasets/jessicamercya/satria-data-2026/BDC2026-20260708T012259Z-3-001 - Copy/BDC2026/train/1_Electronic/780.jpeg,near_duplicate
/kaggle/input/datasets/jessicamercya/satria-data-2026/BDC2026-20260708T012259Z-3-001 - Copy/BDC2026/train/1_Electronic/Mouse_10.jpg,near_1558,/kaggle/input/datasets/jessicamercya/satria-data-2026/BDC2026-20260708T012259Z-3-001 - Copy/BDC2026/train/1_Electronic/780.jpeg,near_duplicate
/kaggle/input/datasets/jessicamercya/satria-data-2026/BDC2026-20260708T012259Z-3-001 - Copy/BDC2026/train/1_Electronic/472.jpeg,near_1609,/kaggle/input/datasets/jessicamercya/satria-data-2026/BDC2026-20260708T012259Z-3-001 - Copy/BDC2026/train/1_Electronic/472.jpeg,near_duplicate
/kaggle/input/datasets/jessicamercya/satria-data-2026/BDC2026-20260708T012259Z-3-001 - Copy/BDC2026/train/1_Electronic/Mobile_21.jpg,near_1609,/kaggle/input/datasets/jessicamercya/satria-data-2026/BDC2026-20260708T012259Z-3-001 - Copy/BDC2026/train/1_Electronic/472.jpeg,near_duplicate
/kaggle/input/datasets/jessicamercya/satria-data-2026/BDC2026-20260708T012259Z-3-001 - Copy/BDC2026/train/1_Electronic/531.jpeg,near_1610,/kaggle/input/datasets/jessicamercya/satria-data-2026/BDC2026-20260708T012259Z-3-001 - Copy/BDC2026/train/1_Electronic/531.jpeg,near_duplicate
/kaggle/input/datasets/jessicamercya/satria-data-2026/BDC2026-20260708T012259Z-3-001 - Copy/BDC2026/train/1_Electronic/Mobile_80.jpg,near_1610,/kaggle/input/datasets/jessicamercya/satria-data-2026/BDC2026-20260708T012259Z-3-001 - Copy/BDC2026/train/1_Electronic/531.jpeg,near_duplicate
/kaggle/input/datasets/jessicamercya/satria-data-2026/BDC2026-20260708T012259Z-3-001 - Copy/BDC2026/train/1_Electronic/460.jpeg,near_1641,/kaggle/input/datasets/jessicamercya/satria-data-2026/BDC2026-20260708T012259Z-3-001 - Copy/BDC2026/train/1_Electronic/460.jpeg,near_duplicate
/kaggle/input/datasets/jessicamercya/satria-data-2026/BDC2026-20260708T012259Z-3-001 - Copy/BDC2026/train/1_Electronic/Mobile_9.jpg,near_1641,/kaggle/input/datasets/jessicamercya/satria-data-2026/BDC2026-20260708T012259Z-3-001 - Copy/BDC2026/train/1_Electronic/460.jpeg,near_duplicate
/kaggle/input/datasets/jessicamercya/satria-data-2026/BDC2026-20260708T012259Z-3-001 - Copy/BDC2026/train/1_Electronic/Keyboard_43.jpg,near_1668,/kaggle/input/datasets/jessicamercya/satria-data-2026/BDC2026-20260708T012259Z-3-001 - Copy/BDC2026/train/1_Electronic/Keyboard_43.jpg,near_duplicate
/kaggle/input/datasets/jessicamercya/satria-data-2026/BDC2026-20260708T012259Z-3-001 - Copy/BDC2026/train/1_Electronic/23.jpeg,near_1668,/kaggle/input/datasets/jessicamercya/satria-data-2026/BDC2026-20260708T012259Z-3-001 - Copy/BDC2026/train/1_Electronic/Keyboard_43.jpg,near_duplicate
/kaggle/input/datasets/jessicamercya/satria-data-2026/BDC2026-20260708T012259Z-3-001 - Copy/BDC2026/train/1_Electronic/Mobile_123.jpg,near_1675,/kaggle/input/datasets/jessicamercya/satria-data-2026/BDC2026-20260708T012259Z-3-001 - Copy/BDC2026/train/1_Electronic/Mobile_123.jpg,near_duplicate
/kaggle/input/datasets/jessicamercya/satria-data-2026/BDC2026-20260708T012259Z-3-001 - Copy/BDC2026/train/1_Electronic/574.jpeg,near_1675,/kaggle/input/datasets/jessicamercya/satria-data-2026/BDC2026-20260708T012259Z-3-001 - Copy/BDC2026/train/1_Electronic/Mobile_123.jpg,near_duplicate
/kaggle/input/datasets/jessicamercya/satria-data-2026/BDC2026-20260708T012259Z-3-001 - Copy/BDC2026/train/1_Electronic/ded708777c311eecc141cc1809ad9be7.jpg,near_1680,/kaggle/input/datasets/jessicamercya/satria-data-2026/BDC2026-20260708T012259Z-3-001 - Copy/BDC2026/train/1_Electronic/ded708777c311eecc141cc1809ad9be7.jpg,near_duplicate
/kaggle/input/datasets/jessicamercya/satria-data-2026/BDC2026-20260708T012259Z-3-001 - Copy/BDC2026/train/1_Electronic/19.ded708777c311eecc141cc1809ad9be7.jpg,near_1680,/kaggle/input/datasets/jessicamercya/satria-data-2026/BDC2026-20260708T012259Z-3-001 - Copy/BDC2026/train/1_Electronic/ded708777c311eecc141cc1809ad9be7.jpg,near_duplicate
/kaggle/input/datasets/jessicamercya/satria-data-2026/BDC2026-20260708T012259Z-3-001 - Copy/BDC2026/train/1_Electronic/616.jpeg,near_1692,/kaggle/input/datasets/jessicamercya/satria-data-2026/BDC2026-20260708T012259Z-3-001 - Copy/BDC2026/train/1_Electronic/616.jpeg,near_duplicate
/kaggle/input/datasets/jessicamercya/satria-data-2026/BDC2026-20260708T012259Z-3-001 - Copy/BDC2026/train/1_Electronic/Television_106.jpg,near_1692,/kaggle/input/datasets/jessicamercya/satria-data-2026/BDC2026-20260708T012259Z-3-001 - Copy/BDC2026/train/1_Electronic/616.jpeg,near_duplicate
/kaggle/input/datasets/jessicamercya/satria-data-2026/BDC2026-20260708T012259Z-3-001 - Copy/BDC2026/train/1_Electronic/Player_29.jpg,near_1713,/kaggle/input/datasets/jessicamercya/satria-data-2026/BDC2026-20260708T012259Z-3-001 - Copy/BDC2026/train/1_Electronic/Player_29.jpg,near_duplicate
/kaggle/input/datasets/jessicamercya/satria-data-2026/BDC2026-20260708T012259Z-3-001 - Copy/BDC2026/train/1_Electronic/Player_262.jpg,near_1713,/kaggle/input/datasets/jessicamercya/satria-data-2026/BDC2026-20260708T012259Z-3-001 - Copy/BDC2026/train/1_Electronic/Player_29.jpg,near_duplicate
/kaggle/input/datasets/jessicamercya/satria-data-2026/BDC2026-20260708T012259Z-3-001 - Copy/BDC2026/train/1_Electronic/Player_162.jpg,near_1733,/kaggle/input/datasets/jessicamercya/satria-data-2026/BDC2026-20260708T012259Z-3-001 - Copy/BDC2026/train/1_Electronic/Player_162.jpg,near_duplicate
/kaggle/input/datasets/jessicamercya/satria-data-2026/BDC2026-20260708T012259Z-3-001 - Copy/BDC2026/train/1_Electronic/Player_203.jpg,near_1733,/kaggle/input/datasets/jessicamercya/satria-data-2026/BDC2026-20260708T012259Z-3-001 - Copy/BDC2026/train/1_Electronic/Player_162.jpg,near_duplicate
/kaggle/input/datasets/jessicamercya/satria-data-2026/BDC2026-20260708T012259Z-3-001 - Copy/BDC2026/train/1_Electronic/589.jpeg,near_1742,/kaggle/input/datasets/jessicamercya/satria-data-2026/BDC2026-20260708T012259Z-3-001 - Copy/BDC2026/train/1_Electronic/589.jpeg,near_duplicate
/kaggle/input/datasets/jessicamercya/satria-data-2026/BDC2026-20260708T012259Z-3-001 - Copy/BDC2026/train/1_Electronic/Mobile_138.jpg,near_1742,/kaggle/input/datasets/jessicamercya/satria-data-2026/BDC2026-20260708T012259Z-3-001 - Copy/BDC2026/train/1_Electronic/589.jpeg,near_duplicate
/kaggle/input/datasets/jessicamercya/satria-data-2026/BDC2026-20260708T012259Z-3-001 - Copy/BDC2026/train/1_Electronic/Player_279.jpg,near_1745,/kaggle/input/datasets/jessicamercya/satria-data-2026/BDC2026-20260708T012259Z-3-001 - Copy/BDC2026/train/1_Electronic/Player_279.jpg,near_duplicate
/kaggle/input/datasets/jessicamercya/satria-data-2026/BDC2026-20260708T012259Z-3-001 - Copy/BDC2026/train/1_Electronic/Player_22.jpg,near_1745,/kaggle/input/datasets/jessicamercya/satria-data-2026/BDC2026-20260708T012259Z-3-001 - Copy/BDC2026/train/1_Electronic/Player_279.jpg,near_duplicate
/kaggle/input/datasets/jessicamercya/satria-data-2026/BDC2026-20260708T012259Z-3-001 - Copy/BDC2026/train/1_Electronic/554.jpg,near_1755,/kaggle/input/datasets/jessicamercya/satria-data-2026/BDC2026-20260708T012259Z-3-001 - Copy/BDC2026/train/1_Electronic/554.jpg,near_duplicate
/kaggle/input/datasets/jessicamercya/satria-data-2026/BDC2026-20260708T012259Z-3-001 - Copy/BDC2026/train/1_Electronic/Mobile_103.jpg,near_1755,/kaggle/input/datasets/jessicamercya/satria-data-2026/BDC2026-20260708T012259Z-3-001 - Copy/BDC2026/train/1_Electronic/554.jpg,near_duplicate
/kaggle/input/datasets/jessicamercya/satria-data-2026/BDC2026-20260708T012259Z-3-001 - Copy/BDC2026/train/1_Electronic/Washing_Machine_153.jpg,near_1758,/kaggle/input/datasets/jessicamercya/satria-data-2026/BDC2026-20260708T012259Z-3-001 - Copy/BDC2026/train/1_Electronic/Washing_Machine_153.jpg,near_duplicate
/kaggle/input/datasets/jessicamercya/satria-data-2026/BDC2026-20260708T012259Z-3-001 - Copy/BDC2026/train/1_Electronic/Washing_Machine_167.jpg,near_1758,/kaggle/input/datasets/jessicamercya/satria-data-2026/BDC2026-20260708T012259Z-3-001 - Copy/BDC2026/train/1_Electronic/Washing_Machine_153.jpg,near_duplicate
/kaggle/input/datasets/jessicamercya/satria-data-2026/BDC2026-20260708T012259Z-3-001 - Copy/BDC2026/train/1_Electronic/Keyboard_19.jpg,near_1771,/kaggle/input/datasets/jessicamercya/satria-data-2026/BDC2026-20260708T012259Z-3-001 - Copy/BDC2026/train/1_Electronic/Keyboard_19.jpg,near_duplicate
/kaggle/input/datasets/jessicamercya/satria-data-2026/BDC2026-20260708T012259Z-3-001 - Copy/BDC2026/train/1_Electronic/17.jpeg,near_1771,/kaggle/input/datasets/jessicamercya/satria-data-2026/BDC2026-20260708T012259Z-3-001 - Copy/BDC2026/train/1_Electronic/Keyboard_19.jpg,near_duplicate
/kaggle/input/datasets/jessicamercya/satria-data-2026/BDC2026-20260708T012259Z-3-001 - Copy/BDC2026/train/1_Electronic/Television_72.jpg,near_1782,/kaggle/input/datasets/jessicamercya/satria-data-2026/BDC2026-20260708T012259Z-3-001 - Copy/BDC2026/train/1_Electronic/Television_72.jpg,near_duplicate
/kaggle/input/datasets/jessicamercya/satria-data-2026/BDC2026-20260708T012259Z-3-001 - Copy/BDC2026/train/1_Electronic/Television_266.jpg,near_1782,/kaggle/input/datasets/jessicamercya/satria-data-2026/BDC2026-20260708T012259Z-3-001 - Copy/BDC2026/train/1_Electronic/Television_72.jpg,near_duplicate
/kaggle/input/datasets/jessicamercya/satria-data-2026/BDC2026-20260708T012259Z-3-001 - Copy/BDC2026/train/1_Electronic/Keyboard_15.jpg,near_1792,/kaggle/input/datasets/jessicamercya/satria-data-2026/BDC2026-20260708T012259Z-3-001 - Copy/BDC2026/train/1_Electronic/Keyboard_15.jpg,near_duplicate
/kaggle/input/datasets/jessicamercya/satria-data-2026/BDC2026-20260708T012259Z-3-001 - Copy/BDC2026/train/1_Electronic/13.jpeg,near_1792,/kaggle/input/datasets/jessicamercya/satria-data-2026/BDC2026-20260708T012259Z-3-001 - Copy/BDC2026/train/1_Electronic/Keyboard_15.jpg,near_duplicate
/kaggle/input/datasets/jessicamercya/satria-data-2026/BDC2026-20260708T012259Z-3-001 - Copy/BDC2026/train/1_Electronic/624.jpeg,near_1794,/kaggle/input/datasets/jessicamercya/satria-data-2026/BDC2026-20260708T012259Z-3-001 - Copy/BDC2026/train/1_Electronic/624.jpeg,near_duplicate
/kaggle/input/datasets/jessicamercya/satria-data-2026/BDC2026-20260708T012259Z-3-001 - Copy/BDC2026/train/1_Electronic/Television_113.jpg,near_1794,/kaggle/input/datasets/jessicamercya/satria-data-2026/BDC2026-20260708T012259Z-3-001 - Copy/BDC2026/train/1_Electronic/624.jpeg,near_duplicate
/kaggle/input/datasets/jessicamercya/satria-data-2026/BDC2026-20260708T012259Z-3-001 - Copy/BDC2026/train/1_Electronic/Television_126.jpg,near_1800,/kaggle/input/datasets/jessicamercya/satria-data-2026/BDC2026-20260708T012259Z-3-001 - Copy/BDC2026/train/1_Electronic/Television_126.jpg,near_duplicate
/kaggle/input/datasets/jessicamercya/satria-data-2026/BDC2026-20260708T012259Z-3-001 - Copy/BDC2026/train/1_Electronic/637.jpeg,near_1800,/kaggle/input/datasets/jessicamercya/satria-data-2026/BDC2026-20260708T012259Z-3-001 - Copy/BDC2026/train/1_Electronic/Television_126.jpg,near_duplicate
/kaggle/input/datasets/jessicamercya/satria-data-2026/BDC2026-20260708T012259Z-3-001 - Copy/BDC2026/train/1_Electronic/Mobile_5.jpg,near_1805,/kaggle/input/datasets/jessicamercya/satria-data-2026/BDC2026-20260708T012259Z-3-001 - Copy/BDC2026/train/1_Electronic/Mobile_5.jpg,near_duplicate
/kaggle/input/datasets/jessicamercya/satria-data-2026/BDC2026-20260708T012259Z-3-001 - Copy/BDC2026/train/1_Electronic/456.jpeg,near_1805,/kaggle/input/datasets/jessicamercya/satria-data-2026/BDC2026-20260708T012259Z-3-001 - Copy/BDC2026/train/1_Electronic/Mobile_5.jpg,near_duplicate
/kaggle/input/datasets/jessicamercya/satria-data-2026/BDC2026-20260708T012259Z-3-001 - Copy/BDC2026/train/1_Electronic/Player_98.jpg,near_1809,/kaggle/input/datasets/jessicamercya/satria-data-2026/BDC2026-20260708T012259Z-3-001 - Copy/BDC2026/train/1_Electronic/Player_98.jpg,near_duplicate
/kaggle/input/datasets/jessicamercya/satria-data-2026/BDC2026-20260708T012259Z-3-001 - Copy/BDC2026/train/1_Electronic/Player_21.jpg,near_1809,/kaggle/input/datasets/jessicamercya/satria-data-2026/BDC2026-20260708T012259Z-3-001 - Copy/BDC2026/train/1_Electronic/Player_98.jpg,near_duplicate
/kaggle/input/datasets/jessicamercya/satria-data-2026/BDC2026-20260708T012259Z-3-001 - Copy/BDC2026/train/1_Electronic/Mobile_105.jpg,near_1811,/kaggle/input/datasets/jessicamercya/satria-data-2026/BDC2026-20260708T012259Z-3-001 - Copy/BDC2026/train/1_Electronic/Mobile_105.jpg,near_duplicate
/kaggle/input/datasets/jessicamercya/satria-data-2026/BDC2026-20260708T012259Z-3-001 - Copy/BDC2026/train/1_Electronic/556.jpg,near_1811,/kaggle/input/datasets/jessicamercya/satria-data-2026/BDC2026-20260708T012259Z-3-001 - Copy/BDC2026/train/1_Electronic/Mobile_105.jpg,near_duplicate
/kaggle/input/datasets/jessicamercya/satria-data-2026/BDC2026-20260708T012259Z-3-001 - Copy/BDC2026/train/1_Electronic/IMG_20200329_152857.jpg,near_1818,/kaggle/input/datasets/jessicamercya/satria-data-2026/BDC2026-20260708T012259Z-3-001 - Copy/BDC2026/train/1_Electronic/IMG_20200329_152857.jpg,near_duplicate
/kaggle/input/datasets/jessicamercya/satria-data-2026/BDC2026-20260708T012259Z-3-001 - Copy/BDC2026/train/1_Electronic/IMG_20200329_152858.jpg,near_1818,/kaggle/input/datasets/jessicamercya/satria-data-2026/BDC2026-20260708T012259Z-3-001 - Copy/BDC2026/train/1_Electronic/IMG_20200329_152857.jpg,near_duplicate
/kaggle/input/datasets/jessicamercya/satria-data-2026/BDC2026-20260708T012259Z-3-001 - Copy/BDC2026/train/1_Electronic/Mobile_126.jpg,near_1820,/kaggle/input/datasets/jessicamercya/satria-data-2026/BDC2026-20260708T012259Z-3-001 - Copy/BDC2026/train/1_Electronic/Mobile_126.jpg,near_duplicate
/kaggle/input/datasets/jessicamercya/satria-data-2026/BDC2026-20260708T012259Z-3-001 - Copy/BDC2026/train/1_Electronic/577.jpeg,near_1820,/kaggle/input/datasets/jessicamercya/satria-data-2026/BDC2026-20260708T012259Z-3-001 - Copy/BDC2026/train/1_Electronic/Mobile_126.jpg,near_duplicate
/kaggle/input/datasets/jessicamercya/satria-data-2026/BDC2026-20260708T012259Z-3-001 - Copy/BDC2026/train/1_Electronic/572.jpg,near_1830,/kaggle/input/datasets/jessicamercya/satria-data-2026/BDC2026-20260708T012259Z-3-001 - Copy/BDC2026/train/1_Electronic/572.jpg,near_duplicate
/kaggle/input/datasets/jessicamercya/satria-data-2026/BDC2026-20260708T012259Z-3-001 - Copy/BDC2026/train/1_Electronic/Mobile_121.jpg,near_1830,/kaggle/input/datasets/jessicamercya/satria-data-2026/BDC2026-20260708T012259Z-3-001 - Copy/BDC2026/train/1_Electronic/572.jpg,near_duplicate
/kaggle/input/datasets/jessicamercya/satria-data-2026/BDC2026-20260708T012259Z-3-001 - Copy/BDC2026/train/1_Electronic/540.jpeg,near_1840,/kaggle/input/datasets/jessicamercya/satria-data-2026/BDC2026-20260708T012259Z-3-001 - Copy/BDC2026/train/1_Electronic/540.jpeg,near_duplicate
/kaggle/input/datasets/jessicamercya/satria-data-2026/BDC2026-20260708T012259Z-3-001 - Copy/BDC2026/train/1_Electronic/Mobile_89.jpg,near_1840,/kaggle/input/datasets/jessicamercya/satria-data-2026/BDC2026-20260708T012259Z-3-001 - Copy/BDC2026/train/1_Electronic/540.jpeg,near_duplicate
/kaggle/input/datasets/jessicamercya/satria-data-2026/BDC2026-20260708T012259Z-3-001 - Copy/BDC2026/train/1_Electronic/Mobile_117.jpg,near_1853,/kaggle/input/datasets/jessicamercya/satria-data-2026/BDC2026-20260708T012259Z-3-001 - Copy/BDC2026/train/1_Electronic/Mobile_117.jpg,near_duplicate
/kaggle/input/datasets/jessicamercya/satria-data-2026/BDC2026-20260708T012259Z-3-001 - Copy/BDC2026/train/1_Electronic/568.jpg,near_1853,/kaggle/input/datasets/jessicamercya/satria-data-2026/BDC2026-20260708T012259Z-3-001 - Copy/BDC2026/train/1_Electronic/Mobile_117.jpg,near_duplicate
/kaggle/input/datasets/jessicamercya/satria-data-2026/BDC2026-20260708T012259Z-3-001 - Copy/BDC2026/train/1_Electronic/Mobile_13.jpg,near_1857,/kaggle/input/datasets/jessicamercya/satria-data-2026/BDC2026-20260708T012259Z-3-001 - Copy/BDC2026/train/1_Electronic/Mobile_13.jpg,near_duplicate
/kaggle/input/datasets/jessicamercya/satria-data-2026/BDC2026-20260708T012259Z-3-001 - Copy/BDC2026/train/1_Electronic/464.jpeg,near_1857,/kaggle/input/datasets/jessicamercya/satria-data-2026/BDC2026-20260708T012259Z-3-001 - Copy/BDC2026/train/1_Electronic/Mobile_13.jpg,near_duplicate
/kaggle/input/datasets/jessicamercya/satria-data-2026/BDC2026-20260708T012259Z-3-001 - Copy/BDC2026/train/1_Electronic/Mobile_8.jpg,near_1874,/kaggle/input/datasets/jessicamercya/satria-data-2026/BDC2026-20260708T012259Z-3-001 - Copy/BDC2026/train/1_Electronic/Mobile_8.jpg,near_duplicate
/kaggle/input/datasets/jessicamercya/satria-data-2026/BDC2026-20260708T012259Z-3-001 - Copy/BDC2026/train/1_Electronic/459.jpeg,near_1874,/kaggle/input/datasets/jessicamercya/satria-data-2026/BDC2026-20260708T012259Z-3-001 - Copy/BDC2026/train/1_Electronic/Mobile_8.jpg,near_duplicate
/kaggle/input/datasets/jessicamercya/satria-data-2026/BDC2026-20260708T012259Z-3-001 - Copy/BDC2026/train/1_Electronic/567.jpg,near_1892,/kaggle/input/datasets/jessicamercya/satria-data-2026/BDC2026-20260708T012259Z-3-001 - Copy/BDC2026/train/1_Electronic/567.jpg,near_duplicate
/kaggle/input/datasets/jessicamercya/satria-data-2026/BDC2026-20260708T012259Z-3-001 - Copy/BDC2026/train/1_Electronic/Mobile_116.jpg,near_1892,/kaggle/input/datasets/jessicamercya/satria-data-2026/BDC2026-20260708T012259Z-3-001 - Copy/BDC2026/train/1_Electronic/567.jpg,near_duplicate
/kaggle/input/datasets/jessicamercya/satria-data-2026/BDC2026-20260708T012259Z-3-001 - Copy/BDC2026/train/1_Electronic/610.jpeg,near_1904,/kaggle/input/datasets/jessicamercya/satria-data-2026/BDC2026-20260708T012259Z-3-001 - Copy/BDC2026/train/1_Electronic/610.jpeg,near_duplicate
/kaggle/input/datasets/jessicamercya/satria-data-2026/BDC2026-20260708T012259Z-3-001 - Copy/BDC2026/train/1_Electronic/Television_100.jpg,near_1904,/kaggle/input/datasets/jessicamercya/satria-data-2026/BDC2026-20260708T012259Z-3-001 - Copy/BDC2026/train/1_Electronic/610.jpeg,near_duplicate
/kaggle/input/datasets/jessicamercya/satria-data-2026/BDC2026-20260708T012259Z-3-001 - Copy/BDC2026/train/1_Electronic/Mobile_81.jpg,near_1911,/kaggle/input/datasets/jessicamercya/satria-data-2026/BDC2026-20260708T012259Z-3-001 - Copy/BDC2026/train/1_Electronic/Mobile_81.jpg,near_duplicate
/kaggle/input/datasets/jessicamercya/satria-data-2026/BDC2026-20260708T012259Z-3-001 - Copy/BDC2026/train/1_Electronic/532.jpeg,near_1911,/kaggle/input/datasets/jessicamercya/satria-data-2026/BDC2026-20260708T012259Z-3-001 - Copy/BDC2026/train/1_Electronic/Mobile_81.jpg,near_duplicate
/kaggle/input/datasets/jessicamercya/satria-data-2026/BDC2026-20260708T012259Z-3-001 - Copy/BDC2026/train/1_Electronic/467.jpeg,near_1931,/kaggle/input/datasets/jessicamercya/satria-data-2026/BDC2026-20260708T012259Z-3-001 - Copy/BDC2026/train/1_Electronic/467.jpeg,near_duplicate
/kaggle/input/datasets/jessicamercya/satria-data-2026/BDC2026-20260708T012259Z-3-001 - Copy/BDC2026/train/1_Electronic/Mobile_16.jpg,near_1931,/kaggle/input/datasets/jessicamercya/satria-data-2026/BDC2026-20260708T012259Z-3-001 - Copy/BDC2026/train/1_Electronic/467.jpeg,near_duplicate
/kaggle/input/datasets/jessicamercya/satria-data-2026/BDC2026-20260708T012259Z-3-001 - Copy/BDC2026/train/1_Electronic/Mouse_209.jpg,near_1933,/kaggle/input/datasets/jessicamercya/satria-data-2026/BDC2026-20260708T012259Z-3-001 - Copy/BDC2026/train/1_Electronic/Mouse_209.jpg,near_duplicate
/kaggle/input/datasets/jessicamercya/satria-data-2026/BDC2026-20260708T012259Z-3-001 - Copy/BDC2026/train/1_Electronic/Mouse_154.jpg,near_1933,/kaggle/input/datasets/jessicamercya/satria-data-2026/BDC2026-20260708T012259Z-3-001 - Copy/BDC2026/train/1_Electronic/Mouse_209.jpg,near_duplicate
/kaggle/input/datasets/jessicamercya/satria-data-2026/BDC2026-20260708T012259Z-3-001 - Copy/BDC2026/train/1_Electronic/599.jpeg,near_1937,/kaggle/input/datasets/jessicamercya/satria-data-2026/BDC2026-20260708T012259Z-3-001 - Copy/BDC2026/train/1_Electronic/599.jpeg,near_duplicate
/kaggle/input/datasets/jessicamercya/satria-data-2026/BDC2026-20260708T012259Z-3-001 - Copy/BDC2026/train/1_Electronic/Mobile_148.jpg,near_1937,/kaggle/input/datasets/jessicamercya/satria-data-2026/BDC2026-20260708T012259Z-3-001 - Copy/BDC2026/train/1_Electronic/599.jpeg,near_duplicate
/kaggle/input/datasets/jessicamercya/satria-data-2026/BDC2026-20260708T012259Z-3-001 - Copy/BDC2026/train/1_Electronic/506.jpeg,near_1971,/kaggle/input/datasets/jessicamercya/satria-data-2026/BDC2026-20260708T012259Z-3-001 - Copy/BDC2026/train/1_Electronic/506.jpeg,near_duplicate
/kaggle/input/datasets/jessicamercya/satria-data-2026/BDC2026-20260708T012259Z-3-001 - Copy/BDC2026/train/1_Electronic/Mobile_55.jpg,near_1971,/kaggle/input/datasets/jessicamercya/satria-data-2026/BDC2026-20260708T012259Z-3-001 - Copy/BDC2026/train/1_Electronic/506.jpeg,near_duplicate
/kaggle/input/datasets/jessicamercya/satria-data-2026/BDC2026-20260708T012259Z-3-001 - Copy/BDC2026/train/1_Electronic/Mouse_295.jpg,near_1974,/kaggle/input/datasets/jessicamercya/satria-data-2026/BDC2026-20260708T012259Z-3-001 - Copy/BDC2026/train/1_Electronic/Mouse_295.jpg,near_duplicate
/kaggle/input/datasets/jessicamercya/satria-data-2026/BDC2026-20260708T012259Z-3-001 - Copy/BDC2026/train/1_Electronic/771.jpeg,near_1974,/kaggle/input/datasets/jessicamercya/satria-data-2026/BDC2026-20260708T012259Z-3-001 - Copy/BDC2026/train/1_Electronic/Mouse_295.jpg,near_duplicate
/kaggle/input/datasets/jessicamercya/satria-data-2026/BDC2026-20260708T012259Z-3-001 - Copy/BDC2026/train/1_Electronic/Mobile_74.jpg,near_1975,/kaggle/input/datasets/jessicamercya/satria-data-2026/BDC2026-20260708T012259Z-3-001 - Copy/BDC2026/train/1_Electronic/Mobile_74.jpg,near_duplicate
/kaggle/input/datasets/jessicamercya/satria-data-2026/BDC2026-20260708T012259Z-3-001 - Copy/BDC2026/train/1_Electronic/525.jpeg,near_1975,/kaggle/input/datasets/jessicamercya/satria-data-2026/BDC2026-20260708T012259Z-3-001 - Copy/BDC2026/train/1_Electronic/Mobile_74.jpg,near_duplicate
/kaggle/input/datasets/jessicamercya/satria-data-2026/BDC2026-20260708T012259Z-3-001 - Copy/BDC2026/train/1_Electronic/535.jpeg,near_1987,/kaggle/input/datasets/jessicamercya/satria-data-2026/BDC2026-20260708T012259Z-3-001 - Copy/BDC2026/train/1_Electronic/535.jpeg,near_duplicate
/kaggle/input/datasets/jessicamercya/satria-data-2026/BDC2026-20260708T012259Z-3-001 - Copy/BDC2026/train/1_Electronic/Mobile_84.jpg,near_1987,/kaggle/input/datasets/jessicamercya/satria-data-2026/BDC2026-20260708T012259Z-3-001 - Copy/BDC2026/train/1_Electronic/535.jpeg,near_duplicate
/kaggle/input/datasets/jessicamercya/satria-data-2026/BDC2026-20260708T012259Z-3-001 - Copy/BDC2026/train/1_Electronic/Television_199.jpg,near_1996,/kaggle/input/datasets/jessicamercya/satria-data-2026/BDC2026-20260708T012259Z-3-001 - Copy/BDC2026/train/1_Electronic/Television_199.jpg,near_duplicate
/kaggle/input/datasets/jessicamercya/satria-data-2026/BDC2026-20260708T012259Z-3-001 - Copy/BDC2026/train/1_Electronic/Television_17.jpg,near_1996,/kaggle/input/datasets/jessicamercya/satria-data-2026/BDC2026-20260708T012259Z-3-001 - Copy/BDC2026/train/1_Electronic/Television_199.jpg,near_duplicate
/kaggle/input/datasets/jessicamercya/satria-data-2026/BDC2026-20260708T012259Z-3-001 - Copy/BDC2026/train/1_Electronic/Mouse_274.jpg,near_2001,/kaggle/input/datasets/jessicamercya/satria-data-2026/BDC2026-20260708T012259Z-3-001 - Copy/BDC2026/train/1_Electronic/Mouse_274.jpg,near_duplicate
/kaggle/input/datasets/jessicamercya/satria-data-2026/BDC2026-20260708T012259Z-3-001 - Copy/BDC2026/train/1_Electronic/753.jpg,near_2001,/kaggle/input/datasets/jessicamercya/satria-data-2026/BDC2026-20260708T012259Z-3-001 - Copy/BDC2026/train/1_Electronic/Mouse_274.jpg,near_duplicate
/kaggle/input/datasets/jessicamercya/satria-data-2026/BDC2026-20260708T012259Z-3-001 - Copy/BDC2026/train/1_Electronic/1.jpeg,near_2022,/kaggle/input/datasets/jessicamercya/satria-data-2026/BDC2026-20260708T012259Z-3-001 - Copy/BDC2026/train/1_Electronic/1.jpeg,near_duplicate
/kaggle/input/datasets/jessicamercya/satria-data-2026/BDC2026-20260708T012259Z-3-001 - Copy/BDC2026/train/1_Electronic/Keyboard_11.jpg,near_2022,/kaggle/input/datasets/jessicamercya/satria-data-2026/BDC2026-20260708T012259Z-3-001 - Copy/BDC2026/train/1_Electronic/1.jpeg,near_duplicate
/kaggle/input/datasets/jessicamercya/satria-data-2026/BDC2026-20260708T012259Z-3-001 - Copy/BDC2026/train/1_Electronic/544.jpeg,near_2024,/kaggle/input/datasets/jessicamercya/satria-data-2026/BDC2026-20260708T012259Z-3-001 - Copy/BDC2026/train/1_Electronic/544.jpeg,near_duplicate
/kaggle/input/datasets/jessicamercya/satria-data-2026/BDC2026-20260708T012259Z-3-001 - Copy/BDC2026/train/1_Electronic/Mobile_93.jpg,near_2024,/kaggle/input/datasets/jessicamercya/satria-data-2026/BDC2026-20260708T012259Z-3-001 - Copy/BDC2026/train/1_Electronic/544.jpeg,near_duplicate
/kaggle/input/datasets/jessicamercya/satria-data-2026/BDC2026-20260708T012259Z-3-001 - Copy/BDC2026/train/1_Electronic/Keyboard_65.jpg,near_2025,/kaggle/input/datasets/jessicamercya/satria-data-2026/BDC2026-20260708T012259Z-3-001 - Copy/BDC2026/train/1_Electronic/Keyboard_65.jpg,near_duplicate
/kaggle/input/datasets/jessicamercya/satria-data-2026/BDC2026-20260708T012259Z-3-001 - Copy/BDC2026/train/1_Electronic/34.jpeg,near_2025,/kaggle/input/datasets/jessicamercya/satria-data-2026/BDC2026-20260708T012259Z-3-001 - Copy/BDC2026/train/1_Electronic/Keyboard_65.jpg,near_duplicate
/kaggle/input/datasets/jessicamercya/satria-data-2026/BDC2026-20260708T012259Z-3-001 - Copy/BDC2026/train/1_Electronic/552.jpg,near_2029,/kaggle/input/datasets/jessicamercya/satria-data-2026/BDC2026-20260708T012259Z-3-001 - Copy/BDC2026/train/1_Electronic/552.jpg,near_duplicate
/kaggle/input/datasets/jessicamercya/satria-data-2026/BDC2026-20260708T012259Z-3-001 - Copy/BDC2026/train/1_Electronic/Mobile_101.jpg,near_2029,/kaggle/input/datasets/jessicamercya/satria-data-2026/BDC2026-20260708T012259Z-3-001 - Copy/BDC2026/train/1_Electronic/552.jpg,near_duplicate
/kaggle/input/datasets/jessicamercya/satria-data-2026/BDC2026-20260708T012259Z-3-001 - Copy/BDC2026/train/1_Electronic/Television_123.jpg,near_2036,/kaggle/input/datasets/jessicamercya/satria-data-2026/BDC2026-20260708T012259Z-3-001 - Copy/BDC2026/train/1_Electronic/Television_123.jpg,near_duplicate
/kaggle/input/datasets/jessicamercya/satria-data-2026/BDC2026-20260708T012259Z-3-001 - Copy/BDC2026/train/1_Electronic/634.jpeg,near_2036,/kaggle/input/datasets/jessicamercya/satria-data-2026/BDC2026-20260708T012259Z-3-001 - Copy/BDC2026/train/1_Electronic/Television_123.jpg,near_duplicate
/kaggle/input/datasets/jessicamercya/satria-data-2026/BDC2026-20260708T012259Z-3-001 - Copy/BDC2026/train/1_Electronic/578.jpeg,near_2047,/kaggle/input/datasets/jessicamercya/satria-data-2026/BDC2026-20260708T012259Z-3-001 - Copy/BDC2026/train/1_Electronic/578.jpeg,near_duplicate
/kaggle/input/datasets/jessicamercya/satria-data-2026/BDC2026-20260708T012259Z-3-001 - Copy/BDC2026/train/1_Electronic/Mobile_127.jpg,near_2047,/kaggle/input/datasets/jessicamercya/satria-data-2026/BDC2026-20260708T012259Z-3-001 - Copy/BDC2026/train/1_Electronic/578.jpeg,near_duplicate
/kaggle/input/datasets/jessicamercya/satria-data-2026/BDC2026-20260708T012259Z-3-001 - Copy/BDC2026/train/1_Electronic/Television_122.jpg,near_2055,/kaggle/input/datasets/jessicamercya/satria-data-2026/BDC2026-20260708T012259Z-3-001 - Copy/BDC2026/train/1_Electronic/Television_122.jpg,near_duplicate
/kaggle/input/datasets/jessicamercya/satria-data-2026/BDC2026-20260708T012259Z-3-001 - Copy/BDC2026/train/1_Electronic/633.jpeg,near_2055,/kaggle/input/datasets/jessicamercya/satria-data-2026/BDC2026-20260708T012259Z-3-001 - Copy/BDC2026/train/1_Electronic/Television_122.jpg,near_duplicate
/kaggle/input/datasets/jessicamercya/satria-data-2026/BDC2026-20260708T012259Z-3-001 - Copy/BDC2026/train/1_Electronic/779.jpeg,near_2058,/kaggle/input/datasets/jessicamercya/satria-data-2026/BDC2026-20260708T012259Z-3-001 - Copy/BDC2026/train/1_Electronic/779.jpeg,near_duplicate
/kaggle/input/datasets/jessicamercya/satria-data-2026/BDC2026-20260708T012259Z-3-001 - Copy/BDC2026/train/1_Electronic/Mouse_9.jpg,near_2058,/kaggle/input/datasets/jessicamercya/satria-data-2026/BDC2026-20260708T012259Z-3-001 - Copy/BDC2026/train/1_Electronic/779.jpeg,near_duplicate
/kaggle/input/datasets/jessicamercya/satria-data-2026/BDC2026-20260708T012259Z-3-001 - Copy/BDC2026/train/1_Electronic/Player_102.jpg,near_2075,/kaggle/input/datasets/jessicamercya/satria-data-2026/BDC2026-20260708T012259Z-3-001 - Copy/BDC2026/train/1_Electronic/Player_102.jpg,near_duplicate
/kaggle/input/datasets/jessicamercya/satria-data-2026/BDC2026-20260708T012259Z-3-001 - Copy/BDC2026/train/1_Electronic/Player_243.jpg,near_2075,/kaggle/input/datasets/jessicamercya/satria-data-2026/BDC2026-20260708T012259Z-3-001 - Copy/BDC2026/train/1_Electronic/Player_102.jpg,near_duplicate
/kaggle/input/datasets/jessicamercya/satria-data-2026/BDC2026-20260708T012259Z-3-001 - Copy/BDC2026/train/1_Electronic/Mobile_151.jpg,near_2076,/kaggle/input/datasets/jessicamercya/satria-data-2026/BDC2026-20260708T012259Z-3-001 - Copy/BDC2026/train/1_Electronic/Mobile_151.jpg,near_duplicate
/kaggle/input/datasets/jessicamercya/satria-data-2026/BDC2026-20260708T012259Z-3-001 - Copy/BDC2026/train/1_Electronic/602.jpeg,near_2076,/kaggle/input/datasets/jessicamercya/satria-data-2026/BDC2026-20260708T012259Z-3-001 - Copy/BDC2026/train/1_Electronic/Mobile_151.jpg,near_duplicate
/kaggle/input/datasets/jessicamercya/satria-data-2026/BDC2026-20260708T012259Z-3-001 - Copy/BDC2026/train/1_Electronic/579.jpeg,near_2121,/kaggle/input/datasets/jessicamercya/satria-data-2026/BDC2026-20260708T012259Z-3-001 - Copy/BDC2026/train/1_Electronic/579.jpeg,near_duplicate
/kaggle/input/datasets/jessicamercya/satria-data-2026/BDC2026-20260708T012259Z-3-001 - Copy/BDC2026/train/1_Electronic/Mobile_128.jpg,near_2121,/kaggle/input/datasets/jessicamercya/satria-data-2026/BDC2026-20260708T012259Z-3-001 - Copy/BDC2026/train/1_Electronic/579.jpeg,near_duplicate
/kaggle/input/datasets/jessicamercya/satria-data-2026/BDC2026-20260708T012259Z-3-001 - Copy/BDC2026/train/1_Electronic/Mobile_54.jpg,near_2135,/kaggle/input/datasets/jessicamercya/satria-data-2026/BDC2026-20260708T012259Z-3-001 - Copy/BDC2026/train/1_Electronic/Mobile_54.jpg,near_duplicate
/kaggle/input/datasets/jessicamercya/satria-data-2026/BDC2026-20260708T012259Z-3-001 - Copy/BDC2026/train/1_Electronic/505.jpeg,near_2135,/kaggle/input/datasets/jessicamercya/satria-data-2026/BDC2026-20260708T012259Z-3-001 - Copy/BDC2026/train/1_Electronic/Mobile_54.jpg,near_duplicate
/kaggle/input/datasets/jessicamercya/satria-data-2026/BDC2026-20260708T012259Z-3-001 - Copy/BDC2026/train/1_Electronic/636.jpeg,near_2158,/kaggle/input/datasets/jessicamercya/satria-data-2026/BDC2026-20260708T012259Z-3-001 - Copy/BDC2026/train/1_Electronic/636.jpeg,near_duplicate
/kaggle/input/datasets/jessicamercya/satria-data-2026/BDC2026-20260708T012259Z-3-001 - Copy/BDC2026/train/1_Electronic/Television_125.jpg,near_2158,/kaggle/input/datasets/jessicamercya/satria-data-2026/BDC2026-20260708T012259Z-3-001 - Copy/BDC2026/train/1_Electronic/636.jpeg,near_duplicate
/kaggle/input/datasets/jessicamercya/satria-data-2026/BDC2026-20260708T012259Z-3-001 - Copy/BDC2026/train/1_Electronic/607.jpeg,near_2161,/kaggle/input/datasets/jessicamercya/satria-data-2026/BDC2026-20260708T012259Z-3-001 - Copy/BDC2026/train/1_Electronic/607.jpeg,near_duplicate
/kaggle/input/datasets/jessicamercya/satria-data-2026/BDC2026-20260708T012259Z-3-001 - Copy/BDC2026/train/1_Electronic/Television_97.jpg,near_2161,/kaggle/input/datasets/jessicamercya/satria-data-2026/BDC2026-20260708T012259Z-3-001 - Copy/BDC2026/train/1_Electronic/607.jpeg,near_duplicate
/kaggle/input/datasets/jessicamercya/satria-data-2026/BDC2026-20260708T012259Z-3-001 - Copy/BDC2026/train/1_Electronic/Mobile_28.jpg,near_2198,/kaggle/input/datasets/jessicamercya/satria-data-2026/BDC2026-20260708T012259Z-3-001 - Copy/BDC2026/train/1_Electronic/Mobile_28.jpg,near_duplicate
/kaggle/input/datasets/jessicamercya/satria-data-2026/BDC2026-20260708T012259Z-3-001 - Copy/BDC2026/train/1_Electronic/479.jpg,near_2198,/kaggle/input/datasets/jessicamercya/satria-data-2026/BDC2026-20260708T012259Z-3-001 - Copy/BDC2026/train/1_Electronic/Mobile_28.jpg,near_duplicate
/kaggle/input/datasets/jessicamercya/satria-data-2026/BDC2026-20260708T012259Z-3-001 - Copy/BDC2026/train/1_Electronic/3.jpeg,near_2213,/kaggle/input/datasets/jessicamercya/satria-data-2026/BDC2026-20260708T012259Z-3-001 - Copy/BDC2026/train/1_Electronic/3.jpeg,near_duplicate
/kaggle/input/datasets/jessicamercya/satria-data-2026/BDC2026-20260708T012259Z-3-001 - Copy/BDC2026/train/1_Electronic/Keyboard_60.jpg,near_2213,/kaggle/input/datasets/jessicamercya/satria-data-2026/BDC2026-20260708T012259Z-3-001 - Copy/BDC2026/train/1_Electronic/3.jpeg,near_duplicate
/kaggle/input/datasets/jessicamercya/satria-data-2026/BDC2026-20260708T012259Z-3-001 - Copy/BDC2026/train/1_Electronic/35.jpeg,near_2231,/kaggle/input/datasets/jessicamercya/satria-data-2026/BDC2026-20260708T012259Z-3-001 - Copy/BDC2026/train/1_Electronic/35.jpeg,near_duplicate
/kaggle/input/datasets/jessicamercya/satria-data-2026/BDC2026-20260708T012259Z-3-001 - Copy/BDC2026/train/1_Electronic/Keyboard_66.jpg,near_2231,/kaggle/input/datasets/jessicamercya/satria-data-2026/BDC2026-20260708T012259Z-3-001 - Copy/BDC2026/train/1_Electronic/35.jpeg,near_duplicate
/kaggle/input/datasets/jessicamercya/satria-data-2026/BDC2026-20260708T012259Z-3-001 - Copy/BDC2026/train/1_Electronic/751.jpeg,near_2234,/kaggle/input/datasets/jessicamercya/satria-data-2026/BDC2026-20260708T012259Z-3-001 - Copy/BDC2026/train/1_Electronic/751.jpeg,near_duplicate
/kaggle/input/datasets/jessicamercya/satria-data-2026/BDC2026-20260708T012259Z-3-001 - Copy/BDC2026/train/1_Electronic/Mouse_272.jpg,near_2234,/kaggle/input/datasets/jessicamercya/satria-data-2026/BDC2026-20260708T012259Z-3-001 - Copy/BDC2026/train/1_Electronic/751.jpeg,near_duplicate
/kaggle/input/datasets/jessicamercya/satria-data-2026/BDC2026-20260708T012259Z-3-001 - Copy/BDC2026/train/1_Electronic/571.jpg,near_2242,/kaggle/input/datasets/jessicamercya/satria-data-2026/BDC2026-20260708T012259Z-3-001 - Copy/BDC2026/train/1_Electronic/571.jpg,near_duplicate
/kaggle/input/datasets/jessicamercya/satria-data-2026/BDC2026-20260708T012259Z-3-001 - Copy/BDC2026/train/1_Electronic/Mobile_120.jpg,near_2242,/kaggle/input/datasets/jessicamercya/satria-data-2026/BDC2026-20260708T012259Z-3-001 - Copy/BDC2026/train/1_Electronic/571.jpg,near_duplicate
/kaggle/input/datasets/jessicamercya/satria-data-2026/BDC2026-20260708T012259Z-3-001 - Copy/BDC2026/train/1_Electronic/451.jpeg,near_2253,/kaggle/input/datasets/jessicamercya/satria-data-2026/BDC2026-20260708T012259Z-3-001 - Copy/BDC2026/train/1_Electronic/451.jpeg,near_duplicate
/kaggle/input/datasets/jessicamercya/satria-data-2026/BDC2026-20260708T012259Z-3-001 - Copy/BDC2026/train/1_Electronic/Mobile_0.jpg,near_2253,/kaggle/input/datasets/jessicamercya/satria-data-2026/BDC2026-20260708T012259Z-3-001 - Copy/BDC2026/train/1_Electronic/451.jpeg,near_duplicate
/kaggle/input/datasets/jessicamercya/satria-data-2026/BDC2026-20260708T012259Z-3-001 - Copy/BDC2026/train/1_Electronic/Mouse_180.jpg,near_2281,/kaggle/input/datasets/jessicamercya/satria-data-2026/BDC2026-20260708T012259Z-3-001 - Copy/BDC2026/train/1_Electronic/Mouse_180.jpg,near_duplicate
/kaggle/input/datasets/jessicamercya/satria-data-2026/BDC2026-20260708T012259Z-3-001 - Copy/BDC2026/train/1_Electronic/Mouse_153.jpg,near_2281,/kaggle/input/datasets/jessicamercya/satria-data-2026/BDC2026-20260708T012259Z-3-001 - Copy/BDC2026/train/1_Electronic/Mouse_180.jpg,near_duplicate
/kaggle/input/datasets/jessicamercya/satria-data-2026/BDC2026-20260708T012259Z-3-001 - Copy/BDC2026/train/1_Electronic/Mobile_265.jpg,near_2286,/kaggle/input/datasets/jessicamercya/satria-data-2026/BDC2026-20260708T012259Z-3-001 - Copy/BDC2026/train/1_Electronic/Mobile_265.jpg,near_duplicate
/kaggle/input/datasets/jessicamercya/satria-data-2026/BDC2026-20260708T012259Z-3-001 - Copy/BDC2026/train/1_Electronic/Mobile_266.jpg,near_2286,/kaggle/input/datasets/jessicamercya/satria-data-2026/BDC2026-20260708T012259Z-3-001 - Copy/BDC2026/train/1_Electronic/Mobile_265.jpg,near_duplicate
/kaggle/input/datasets/jessicamercya/satria-data-2026/BDC2026-20260708T012259Z-3-001 - Copy/BDC2026/train/1_Electronic/Mouse_290.jpg,near_2303,/kaggle/input/datasets/jessicamercya/satria-data-2026/BDC2026-20260708T012259Z-3-001 - Copy/BDC2026/train/1_Electronic/Mouse_290.jpg,near_duplicate
/kaggle/input/datasets/jessicamercya/satria-data-2026/BDC2026-20260708T012259Z-3-001 - Copy/BDC2026/train/1_Electronic/766.jpeg,near_2303,/kaggle/input/datasets/jessicamercya/satria-data-2026/BDC2026-20260708T012259Z-3-001 - Copy/BDC2026/train/1_Electronic/Mouse_290.jpg,near_duplicate
/kaggle/input/datasets/jessicamercya/satria-data-2026/BDC2026-20260708T012259Z-3-001 - Copy/BDC2026/train/1_Electronic/Mobile_98.jpg,near_2310,/kaggle/input/datasets/jessicamercya/satria-data-2026/BDC2026-20260708T012259Z-3-001 - Copy/BDC2026/train/1_Electronic/Mobile_98.jpg,near_duplicate
/kaggle/input/datasets/jessicamercya/satria-data-2026/BDC2026-20260708T012259Z-3-001 - Copy/BDC2026/train/1_Electronic/549.jpeg,near_2310,/kaggle/input/datasets/jessicamercya/satria-data-2026/BDC2026-20260708T012259Z-3-001 - Copy/BDC2026/train/1_Electronic/Mobile_98.jpg,near_duplicate
/kaggle/input/datasets/jessicamercya/satria-data-2026/BDC2026-20260708T012259Z-3-001 - Copy/BDC2026/train/1_Electronic/Television_111.jpg,near_2435,/kaggle/input/datasets/jessicamercya/satria-data-2026/BDC2026-20260708T012259Z-3-001 - Copy/BDC2026/train/1_Electronic/Television_111.jpg,near_duplicate
/kaggle/input/datasets/jessicamercya/satria-data-2026/BDC2026-20260708T012259Z-3-001 - Copy/BDC2026/train/1_Electronic/622.jpeg,near_2435,/kaggle/input/datasets/jessicamercya/satria-data-2026/BDC2026-20260708T012259Z-3-001 - Copy/BDC2026/train/1_Electronic/Television_111.jpg,near_duplicate
/kaggle/input/datasets/jessicamercya/satria-data-2026/BDC2026-20260708T012259Z-3-001 - Copy/BDC2026/train/1_Electronic/Microwave_70.jpg,near_2441,/kaggle/input/datasets/jessicamercya/satria-data-2026/BDC2026-20260708T012259Z-3-001 - Copy/BDC2026/train/1_Electronic/Microwave_70.jpg,near_duplicate
/kaggle/input/datasets/jessicamercya/satria-data-2026/BDC2026-20260708T012259Z-3-001 - Copy/BDC2026/train/1_Electronic/Microwave_202.jpg,near_2441,/kaggle/input/datasets/jessicamercya/satria-data-2026/BDC2026-20260708T012259Z-3-001 - Copy/BDC2026/train/1_Electronic/Microwave_70.jpg,near_duplicate
/kaggle/input/datasets/jessicamercya/satria-data-2026/BDC2026-20260708T012259Z-3-001 - Copy/BDC2026/train/1_Electronic/Mobile_33.jpg,near_2508,/kaggle/input/datasets/jessicamercya/satria-data-2026/BDC2026-20260708T012259Z-3-001 - Copy/BDC2026/train/1_Electronic/Mobile_33.jpg,near_duplicate
/kaggle/input/datasets/jessicamercya/satria-data-2026/BDC2026-20260708T012259Z-3-001 - Copy/BDC2026/train/1_Electronic/484.jpg,near_2508,/kaggle/input/datasets/jessicamercya/satria-data-2026/BDC2026-20260708T012259Z-3-001 - Copy/BDC2026/train/1_Electronic/Mobile_33.jpg,near_duplicate
/kaggle/input/datasets/jessicamercya/satria-data-2026/BDC2026-20260708T012259Z-3-001 - Copy/BDC2026/train/1_Electronic/793.jpeg,near_2539,/kaggle/input/datasets/jessicamercya/satria-data-2026/BDC2026-20260708T012259Z-3-001 - Copy/BDC2026/train/1_Electronic/793.jpeg,near_duplicate
/kaggle/input/datasets/jessicamercya/satria-data-2026/BDC2026-20260708T012259Z-3-001 - Copy/BDC2026/train/1_Electronic/Mouse_24.jpg,near_2539,/kaggle/input/datasets/jessicamercya/satria-data-2026/BDC2026-20260708T012259Z-3-001 - Copy/BDC2026/train/1_Electronic/793.jpeg,near_duplicate
/kaggle/input/datasets/jessicamercya/satria-data-2026/BDC2026-20260708T012259Z-3-001 - Copy/BDC2026/train/1_Electronic/Microwave_167.jpg,near_2566,/kaggle/input/datasets/jessicamercya/satria-data-2026/BDC2026-20260708T012259Z-3-001 - Copy/BDC2026/train/1_Electronic/Microwave_167.jpg,near_duplicate
/kaggle/input/datasets/jessicamercya/satria-data-2026/BDC2026-20260708T012259Z-3-001 - Copy/BDC2026/train/1_Electronic/Microwave_128.jpg,near_2566,/kaggle/input/datasets/jessicamercya/satria-data-2026/BDC2026-20260708T012259Z-3-001 - Copy/BDC2026/train/1_Electronic/Microwave_167.jpg,near_duplicate
/kaggle/input/datasets/jessicamercya/satria-data-2026/BDC2026-20260708T012259Z-3-001 - Copy/BDC2026/train/1_Electronic/Television_91.jpg,near_2571,/kaggle/input/datasets/jessicamercya/satria-data-2026/BDC2026-20260708T012259Z-3-001 - Copy/BDC2026/train/1_Electronic/Television_91.jpg,near_duplicate
/kaggle/input/datasets/jessicamercya/satria-data-2026/BDC2026-20260708T012259Z-3-001 - Copy/BDC2026/train/1_Electronic/901.jpeg,near_2571,/kaggle/input/datasets/jessicamercya/satria-data-2026/BDC2026-20260708T012259Z-3-001 - Copy/BDC2026/train/1_Electronic/Television_91.jpg,near_duplicate
/kaggle/input/datasets/jessicamercya/satria-data-2026/BDC2026-20260708T012259Z-3-001 - Copy/BDC2026/train/1_Electronic/604.jpeg,near_2587,/kaggle/input/datasets/jessicamercya/satria-data-2026/BDC2026-20260708T012259Z-3-001 - Copy/BDC2026/train/1_Electronic/604.jpeg,near_duplicate
/kaggle/input/datasets/jessicamercya/satria-data-2026/BDC2026-20260708T012259Z-3-001 - Copy/BDC2026/train/1_Electronic/Television_94.jpg,near_2587,/kaggle/input/datasets/jessicamercya/satria-data-2026/BDC2026-20260708T012259Z-3-001 - Copy/BDC2026/train/1_Electronic/604.jpeg,near_duplicate
/kaggle/input/datasets/jessicamercya/satria-data-2026/BDC2026-20260708T012259Z-3-001 - Copy/BDC2026/train/1_Electronic/Television_93.jpg,near_2613,/kaggle/input/datasets/jessicamercya/satria-data-2026/BDC2026-20260708T012259Z-3-001 - Copy/BDC2026/train/1_Electronic/Television_93.jpg,near_duplicate
/kaggle/input/datasets/jessicamercya/satria-data-2026/BDC2026-20260708T012259Z-3-001 - Copy/BDC2026/train/1_Electronic/903.jpeg,near_2613,/kaggle/input/datasets/jessicamercya/satria-data-2026/BDC2026-20260708T012259Z-3-001 - Copy/BDC2026/train/1_Electronic/Television_93.jpg,near_duplicate
/kaggle/input/datasets/jessicamercya/satria-data-2026/BDC2026-20260708T012259Z-3-001 - Copy/BDC2026/train/1_Electronic/Mouse_11.jpg,near_2624,/kaggle/input/datasets/jessicamercya/satria-data-2026/BDC2026-20260708T012259Z-3-001 - Copy/BDC2026/train/1_Electronic/Mouse_11.jpg,near_duplicate
/kaggle/input/datasets/jessicamercya/satria-data-2026/BDC2026-20260708T012259Z-3-001 - Copy/BDC2026/train/1_Electronic/781.jpeg,near_2624,/kaggle/input/datasets/jessicamercya/satria-data-2026/BDC2026-20260708T012259Z-3-001 - Copy/BDC2026/train/1_Electronic/Mouse_11.jpg,near_duplicate
/kaggle/input/datasets/jessicamercya/satria-data-2026/BDC2026-20260708T012259Z-3-001 - Copy/BDC2026/train/1_Electronic/pcb_153.jpg,near_2625,/kaggle/input/datasets/jessicamercya/satria-data-2026/BDC2026-20260708T012259Z-3-001 - Copy/BDC2026/train/1_Electronic/pcb_153.jpg,near_duplicate
/kaggle/input/datasets/jessicamercya/satria-data-2026/BDC2026-20260708T012259Z-3-001 - Copy/BDC2026/train/1_Electronic/pcb_67.jpg,near_2625,/kaggle/input/datasets/jessicamercya/satria-data-2026/BDC2026-20260708T012259Z-3-001 - Copy/BDC2026/train/1_Electronic/pcb_153.jpg,near_duplicate
/kaggle/input/datasets/jessicamercya/satria-data-2026/BDC2026-20260708T012259Z-3-001 - Copy/BDC2026/train/1_Electronic/598.jpeg,near_2629,/kaggle/input/datasets/jessicamercya/satria-data-2026/BDC2026-20260708T012259Z-3-001 - Copy/BDC2026/train/1_Electronic/598.jpeg,near_duplicate
/kaggle/input/datasets/jessicamercya/satria-data-2026/BDC2026-20260708T012259Z-3-001 - Copy/BDC2026/train/1_Electronic/Mobile_147.jpg,near_2629,/kaggle/input/datasets/jessicamercya/satria-data-2026/BDC2026-20260708T012259Z-3-001 - Copy/BDC2026/train/1_Electronic/598.jpeg,near_duplicate
/kaggle/input/datasets/jessicamercya/satria-data-2026/BDC2026-20260708T012259Z-3-001 - Copy/BDC2026/train/1_Electronic/570.jpg,near_2663,/kaggle/input/datasets/jessicamercya/satria-data-2026/BDC2026-20260708T012259Z-3-001 - Copy/BDC2026/train/1_Electronic/570.jpg,near_duplicate
/kaggle/input/datasets/jessicamercya/satria-data-2026/BDC2026-20260708T012259Z-3-001 - Copy/BDC2026/train/1_Electronic/Mobile_119.jpg,near_2663,/kaggle/input/datasets/jessicamercya/satria-data-2026/BDC2026-20260708T012259Z-3-001 - Copy/BDC2026/train/1_Electronic/570.jpg,near_duplicate
/kaggle/input/datasets/jessicamercya/satria-data-2026/BDC2026-20260708T012259Z-3-001 - Copy/BDC2026/train/1_Electronic/543.jpeg,near_2675,/kaggle/input/datasets/jessicamercya/satria-data-2026/BDC2026-20260708T012259Z-3-001 - Copy/BDC2026/train/1_Electronic/543.jpeg,near_duplicate
/kaggle/input/datasets/jessicamercya/satria-data-2026/BDC2026-20260708T012259Z-3-001 - Copy/BDC2026/train/1_Electronic/Mobile_92.jpg,near_2675,/kaggle/input/datasets/jessicamercya/satria-data-2026/BDC2026-20260708T012259Z-3-001 - Copy/BDC2026/train/1_Electronic/543.jpeg,near_duplicate
/kaggle/input/datasets/jessicamercya/satria-data-2026/BDC2026-20260708T012259Z-3-001 - Copy/BDC2026/train/1_Electronic/492.jpeg,near_2678,/kaggle/input/datasets/jessicamercya/satria-data-2026/BDC2026-20260708T012259Z-3-001 - Copy/BDC2026/train/1_Electronic/492.jpeg,near_duplicate
/kaggle/input/datasets/jessicamercya/satria-data-2026/BDC2026-20260708T012259Z-3-001 - Copy/BDC2026/train/1_Electronic/Mobile_41.jpg,near_2678,/kaggle/input/datasets/jessicamercya/satria-data-2026/BDC2026-20260708T012259Z-3-001 - Copy/BDC2026/train/1_Electronic/492.jpeg,near_duplicate
/kaggle/input/datasets/jessicamercya/satria-data-2026/BDC2026-20260708T012259Z-3-001 - Copy/BDC2026/train/1_Electronic/Mouse_283.jpg,near_2746,/kaggle/input/datasets/jessicamercya/satria-data-2026/BDC2026-20260708T012259Z-3-001 - Copy/BDC2026/train/1_Electronic/Mouse_283.jpg,near_duplicate
/kaggle/input/datasets/jessicamercya/satria-data-2026/BDC2026-20260708T012259Z-3-001 - Copy/BDC2026/train/1_Electronic/760.jpeg,near_2746,/kaggle/input/datasets/jessicamercya/satria-data-2026/BDC2026-20260708T012259Z-3-001 - Copy/BDC2026/train/1_Electronic/Mouse_283.jpg,near_duplicate
/kaggle/input/datasets/jessicamercya/satria-data-2026/BDC2026-20260708T012259Z-3-001 - Copy/BDC2026/train/1_Electronic/533.jpeg,near_2768,/kaggle/input/datasets/jessicamercya/satria-data-2026/BDC2026-20260708T012259Z-3-001 - Copy/BDC2026/train/1_Electronic/533.jpeg,near_duplicate
/kaggle/input/datasets/jessicamercya/satria-data-2026/BDC2026-20260708T012259Z-3-001 - Copy/BDC2026/train/1_Electronic/Mobile_82.jpg,near_2768,/kaggle/input/datasets/jessicamercya/satria-data-2026/BDC2026-20260708T012259Z-3-001 - Copy/BDC2026/train/1_Electronic/533.jpeg,near_duplicate
/kaggle/input/datasets/jessicamercya/satria-data-2026/BDC2026-20260708T012259Z-3-001 - Copy/BDC2026/train/1_Electronic/502.jpeg,near_2822,/kaggle/input/datasets/jessicamercya/satria-data-2026/BDC2026-20260708T012259Z-3-001 - Copy/BDC2026/train/1_Electronic/502.jpeg,near_duplicate
/kaggle/input/datasets/jessicamercya/satria-data-2026/BDC2026-20260708T012259Z-3-001 - Copy/BDC2026/train/1_Electronic/Mobile_51.jpg,near_2822,/kaggle/input/datasets/jessicamercya/satria-data-2026/BDC2026-20260708T012259Z-3-001 - Copy/BDC2026/train/1_Electronic/502.jpeg,near_duplicate
/kaggle/input/datasets/jessicamercya/satria-data-2026/BDC2026-20260708T012259Z-3-001 - Copy/BDC2026/train/1_Electronic/Mouse_297.jpg,near_2838,/kaggle/input/datasets/jessicamercya/satria-data-2026/BDC2026-20260708T012259Z-3-001 - Copy/BDC2026/train/1_Electronic/Mouse_297.jpg,near_duplicate
/kaggle/input/datasets/jessicamercya/satria-data-2026/BDC2026-20260708T012259Z-3-001 - Copy/BDC2026/train/1_Electronic/773.jpeg,near_2838,/kaggle/input/datasets/jessicamercya/satria-data-2026/BDC2026-20260708T012259Z-3-001 - Copy/BDC2026/train/1_Electronic/Mouse_297.jpg,near_duplicate
/kaggle/input/datasets/jessicamercya/satria-data-2026/BDC2026-20260708T012259Z-3-001 - Copy/BDC2026/train/1_Electronic/1-theworldprod.jpg,near_2888,/kaggle/input/datasets/jessicamercya/satria-data-2026/BDC2026-20260708T012259Z-3-001 - Copy/BDC2026/train/1_Electronic/1-theworldprod.jpg,near_duplicate
/kaggle/input/datasets/jessicamercya/satria-data-2026/BDC2026-20260708T012259Z-3-001 - Copy/BDC2026/train/1_Electronic/24.according-to-the-unite.jpg,near_2888,/kaggle/input/datasets/jessicamercya/satria-data-2026/BDC2026-20260708T012259Z-3-001 - Copy/BDC2026/train/1_Electronic/1-theworldprod.jpg,near_duplicate
/kaggle/input/datasets/jessicamercya/satria-data-2026/BDC2026-20260708T012259Z-3-001 - Copy/BDC2026/train/1_Electronic/550.jpg,near_2894,/kaggle/input/datasets/jessicamercya/satria-data-2026/BDC2026-20260708T012259Z-3-001 - Copy/BDC2026/train/1_Electronic/550.jpg,near_duplicate
/kaggle/input/datasets/jessicamercya/satria-data-2026/BDC2026-20260708T012259Z-3-001 - Copy/BDC2026/train/1_Electronic/Mobile_99.jpg,near_2894,/kaggle/input/datasets/jessicamercya/satria-data-2026/BDC2026-20260708T012259Z-3-001 - Copy/BDC2026/train/1_Electronic/550.jpg,near_duplicate
/kaggle/input/datasets/jessicamercya/satria-data-2026/BDC2026-20260708T012259Z-3-001 - Copy/BDC2026/train/1_Electronic/468.jpeg,near_2923,/kaggle/input/datasets/jessicamercya/satria-data-2026/BDC2026-20260708T012259Z-3-001 - Copy/BDC2026/train/1_Electronic/468.jpeg,near_duplicate
/kaggle/input/datasets/jessicamercya/satria-data-2026/BDC2026-20260708T012259Z-3-001 - Copy/BDC2026/train/1_Electronic/Mobile_17.jpg,near_2923,/kaggle/input/datasets/jessicamercya/satria-data-2026/BDC2026-20260708T012259Z-3-001 - Copy/BDC2026/train/1_Electronic/468.jpeg,near_duplicate
/kaggle/input/datasets/jessicamercya/satria-data-2026/BDC2026-20260708T012259Z-3-001 - Copy/BDC2026/train/1_Electronic/Keyboard_14.jpg,near_2971,/kaggle/input/datasets/jessicamercya/satria-data-2026/BDC2026-20260708T012259Z-3-001 - Copy/BDC2026/train/1_Electronic/Keyboard_14.jpg,near_duplicate
/kaggle/input/datasets/jessicamercya/satria-data-2026/BDC2026-20260708T012259Z-3-001 - Copy/BDC2026/train/1_Electronic/12.jpeg,near_2971,/kaggle/input/datasets/jessicamercya/satria-data-2026/BDC2026-20260708T012259Z-3-001 - Copy/BDC2026/train/1_Electronic/Keyboard_14.jpg,near_duplicate
/kaggle/input/datasets/jessicamercya/satria-data-2026/BDC2026-20260708T012259Z-3-001 - Copy/BDC2026/train/1_Electronic/Keyboard_47.jpg,near_3121,/kaggle/input/datasets/jessicamercya/satria-data-2026/BDC2026-20260708T012259Z-3-001 - Copy/BDC2026/train/1_Electronic/Keyboard_47.jpg,near_duplicate
/kaggle/input/datasets/jessicamercya/satria-data-2026/BDC2026-20260708T012259Z-3-001 - Copy/BDC2026/train/1_Electronic/26.jpeg,near_3121,/kaggle/input/datasets/jessicamercya/satria-data-2026/BDC2026-20260708T012259Z-3-001 - Copy/BDC2026/train/1_Electronic/Keyboard_47.jpg,near_duplicate
/kaggle/input/datasets/jessicamercya/satria-data-2026/BDC2026-20260708T012259Z-3-001 - Copy/BDC2026/train/1_Electronic/553.jpg,near_3132,/kaggle/input/datasets/jessicamercya/satria-data-2026/BDC2026-20260708T012259Z-3-001 - Copy/BDC2026/train/1_Electronic/553.jpg,near_duplicate
/kaggle/input/datasets/jessicamercya/satria-data-2026/BDC2026-20260708T012259Z-3-001 - Copy/BDC2026/train/1_Electronic/Mobile_102.jpg,near_3132,/kaggle/input/datasets/jessicamercya/satria-data-2026/BDC2026-20260708T012259Z-3-001 - Copy/BDC2026/train/1_Electronic/553.jpg,near_duplicate
/kaggle/input/datasets/jessicamercya/satria-data-2026/BDC2026-20260708T012259Z-3-001 - Copy/BDC2026/train/1_Electronic/521.jpeg,near_3171,/kaggle/input/datasets/jessicamercya/satria-data-2026/BDC2026-20260708T012259Z-3-001 - Copy/BDC2026/train/1_Electronic/521.jpeg,near_duplicate
/kaggle/input/datasets/jessicamercya/satria-data-2026/BDC2026-20260708T012259Z-3-001 - Copy/BDC2026/train/1_Electronic/Mobile_70.jpg,near_3171,/kaggle/input/datasets/jessicamercya/satria-data-2026/BDC2026-20260708T012259Z-3-001 - Copy/BDC2026/train/1_Electronic/521.jpeg,near_duplicate
/kaggle/input/datasets/jessicamercya/satria-data-2026/BDC2026-20260708T012259Z-3-001 - Copy/BDC2026/train/1_Electronic/pcb_292.jpg,near_3191,/kaggle/input/datasets/jessicamercya/satria-data-2026/BDC2026-20260708T012259Z-3-001 - Copy/BDC2026/train/1_Electronic/pcb_292.jpg,near_duplicate
/kaggle/input/datasets/jessicamercya/satria-data-2026/BDC2026-20260708T012259Z-3-001 - Copy/BDC2026/train/1_Electronic/pcb_166.jpg,near_3191,/kaggle/input/datasets/jessicamercya/satria-data-2026/BDC2026-20260708T012259Z-3-001 - Copy/BDC2026/train/1_Electronic/pcb_292.jpg,near_duplicate
/kaggle/input/datasets/jessicamercya/satria-data-2026/BDC2026-20260708T012259Z-3-001 - Copy/BDC2026/train/1_Electronic/586.jpeg,near_3230,/kaggle/input/datasets/jessicamercya/satria-data-2026/BDC2026-20260708T012259Z-3-001 - Copy/BDC2026/train/1_Electronic/586.jpeg,near_duplicate
/kaggle/input/datasets/jessicamercya/satria-data-2026/BDC2026-20260708T012259Z-3-001 - Copy/BDC2026/train/1_Electronic/Mobile_135.jpg,near_3230,/kaggle/input/datasets/jessicamercya/satria-data-2026/BDC2026-20260708T012259Z-3-001 - Copy/BDC2026/train/1_Electronic/586.jpeg,near_duplicate
/kaggle/input/datasets/jessicamercya/satria-data-2026/BDC2026-20260708T012259Z-3-001 - Copy/BDC2026/train/1_Electronic/8.jpeg,near_3232,/kaggle/input/datasets/jessicamercya/satria-data-2026/BDC2026-20260708T012259Z-3-001 - Copy/BDC2026/train/1_Electronic/8.jpeg,near_duplicate
/kaggle/input/datasets/jessicamercya/satria-data-2026/BDC2026-20260708T012259Z-3-001 - Copy/BDC2026/train/1_Electronic/Keyboard_108.jpg,near_3232,/kaggle/input/datasets/jessicamercya/satria-data-2026/BDC2026-20260708T012259Z-3-001 - Copy/BDC2026/train/1_Electronic/8.jpeg,near_duplicate
/kaggle/input/datasets/jessicamercya/satria-data-2026/BDC2026-20260708T012259Z-3-001 - Copy/BDC2026/train/1_Electronic/581.jpeg,near_3253,/kaggle/input/datasets/jessicamercya/satria-data-2026/BDC2026-20260708T012259Z-3-001 - Copy/BDC2026/train/1_Electronic/581.jpeg,near_duplicate
/kaggle/input/datasets/jessicamercya/satria-data-2026/BDC2026-20260708T012259Z-3-001 - Copy/BDC2026/train/1_Electronic/Mobile_130.jpg,near_3253,/kaggle/input/datasets/jessicamercya/satria-data-2026/BDC2026-20260708T012259Z-3-001 - Copy/BDC2026/train/1_Electronic/581.jpeg,near_duplicate
/kaggle/input/datasets/jessicamercya/satria-data-2026/BDC2026-20260708T012259Z-3-001 - Copy/BDC2026/train/1_Electronic/Mobile_32.jpg,near_3279,/kaggle/input/datasets/jessicamercya/satria-data-2026/BDC2026-20260708T012259Z-3-001 - Copy/BDC2026/train/1_Electronic/Mobile_32.jpg,near_duplicate
/kaggle/input/datasets/jessicamercya/satria-data-2026/BDC2026-20260708T012259Z-3-001 - Copy/BDC2026/train/1_Electronic/483.jpg,near_3279,/kaggle/input/datasets/jessicamercya/satria-data-2026/BDC2026-20260708T012259Z-3-001 - Copy/BDC2026/train/1_Electronic/Mobile_32.jpg,near_duplicate
/kaggle/input/datasets/jessicamercya/satria-data-2026/BDC2026-20260708T012259Z-3-001 - Copy/BDC2026/train/1_Electronic/pcb_173.jpg,near_3311,/kaggle/input/datasets/jessicamercya/satria-data-2026/BDC2026-20260708T012259Z-3-001 - Copy/BDC2026/train/1_Electronic/pcb_173.jpg,near_duplicate
/kaggle/input/datasets/jessicamercya/satria-data-2026/BDC2026-20260708T012259Z-3-001 - Copy/BDC2026/train/1_Electronic/pcb_194.jpg,near_3311,/kaggle/input/datasets/jessicamercya/satria-data-2026/BDC2026-20260708T012259Z-3-001 - Copy/BDC2026/train/1_Electronic/pcb_173.jpg,near_duplicate
/kaggle/input/datasets/jessicamercya/satria-data-2026/BDC2026-20260708T012259Z-3-001 - Copy/BDC2026/train/1_Electronic/Mobile_1.jpg,near_3315,/kaggle/input/datasets/jessicamercya/satria-data-2026/BDC2026-20260708T012259Z-3-001 - Copy/BDC2026/train/1_Electronic/Mobile_1.jpg,near_duplicate
/kaggle/input/datasets/jessicamercya/satria-data-2026/BDC2026-20260708T012259Z-3-001 - Copy/BDC2026/train/1_Electronic/452.jpeg,near_3315,/kaggle/input/datasets/jessicamercya/satria-data-2026/BDC2026-20260708T012259Z-3-001 - Copy/BDC2026/train/1_Electronic/Mobile_1.jpg,near_duplicate
/kaggle/input/datasets/jessicamercya/satria-data-2026/BDC2026-20260708T012259Z-3-001 - Copy/BDC2026/train/1_Electronic/Mobile_40.jpg,near_3374,/kaggle/input/datasets/jessicamercya/satria-data-2026/BDC2026-20260708T012259Z-3-001 - Copy/BDC2026/train/1_Electronic/Mobile_40.jpg,near_duplicate
/kaggle/input/datasets/jessicamercya/satria-data-2026/BDC2026-20260708T012259Z-3-001 - Copy/BDC2026/train/1_Electronic/491.jpeg,near_3374,/kaggle/input/datasets/jessicamercya/satria-data-2026/BDC2026-20260708T012259Z-3-001 - Copy/BDC2026/train/1_Electronic/Mobile_40.jpg,near_duplicate
/kaggle/input/datasets/jessicamercya/satria-data-2026/BDC2026-20260708T012259Z-3-001 - Copy/BDC2026/train/1_Electronic/Mobile_100.jpg,near_3406,/kaggle/input/datasets/jessicamercya/satria-data-2026/BDC2026-20260708T012259Z-3-001 - Copy/BDC2026/train/1_Electronic/Mobile_100.jpg,near_duplicate
/kaggle/input/datasets/jessicamercya/satria-data-2026/BDC2026-20260708T012259Z-3-001 - Copy/BDC2026/train/1_Electronic/551.jpg,near_3406,/kaggle/input/datasets/jessicamercya/satria-data-2026/BDC2026-20260708T012259Z-3-001 - Copy/BDC2026/train/1_Electronic/Mobile_100.jpg,near_duplicate
/kaggle/input/datasets/jessicamercya/satria-data-2026/BDC2026-20260708T012259Z-3-001 - Copy/BDC2026/train/1_Electronic/463.jpeg,near_3500,/kaggle/input/datasets/jessicamercya/satria-data-2026/BDC2026-20260708T012259Z-3-001 - Copy/BDC2026/train/1_Electronic/463.jpeg,near_duplicate
/kaggle/input/datasets/jessicamercya/satria-data-2026/BDC2026-20260708T012259Z-3-001 - Copy/BDC2026/train/1_Electronic/Mobile_12.jpg,near_3500,/kaggle/input/datasets/jessicamercya/satria-data-2026/BDC2026-20260708T012259Z-3-001 - Copy/BDC2026/train/1_Electronic/463.jpeg,near_duplicate
/kaggle/input/datasets/jessicamercya/satria-data-2026/BDC2026-20260708T012259Z-3-001 - Copy/BDC2026/train/1_Electronic/Mobile_7.jpg,near_3534,/kaggle/input/datasets/jessicamercya/satria-data-2026/BDC2026-20260708T012259Z-3-001 - Copy/BDC2026/train/1_Electronic/Mobile_7.jpg,near_duplicate
/kaggle/input/datasets/jessicamercya/satria-data-2026/BDC2026-20260708T012259Z-3-001 - Copy/BDC2026/train/1_Electronic/458.jpeg,near_3534,/kaggle/input/datasets/jessicamercya/satria-data-2026/BDC2026-20260708T012259Z-3-001 - Copy/BDC2026/train/1_Electronic/Mobile_7.jpg,near_duplicate
/kaggle/input/datasets/jessicamercya/satria-data-2026/BDC2026-20260708T012259Z-3-001 - Copy/BDC2026/train/1_Electronic/784.jpeg,near_3569,/kaggle/input/datasets/jessicamercya/satria-data-2026/BDC2026-20260708T012259Z-3-001 - Copy/BDC2026/train/1_Electronic/784.jpeg,near_duplicate
/kaggle/input/datasets/jessicamercya/satria-data-2026/BDC2026-20260708T012259Z-3-001 - Copy/BDC2026/train/1_Electronic/Mouse_14.jpg,near_3569,/kaggle/input/datasets/jessicamercya/satria-data-2026/BDC2026-20260708T012259Z-3-001 - Copy/BDC2026/train/1_Electronic/784.jpeg,near_duplicate
/kaggle/input/datasets/jessicamercya/satria-data-2026/BDC2026-20260708T012259Z-3-001 - Copy/BDC2026/train/1_Electronic/Television_104.jpg,near_3587,/kaggle/input/datasets/jessicamercya/satria-data-2026/BDC2026-20260708T012259Z-3-001 - Copy/BDC2026/train/1_Electronic/Television_104.jpg,near_duplicate
/kaggle/input/datasets/jessicamercya/satria-data-2026/BDC2026-20260708T012259Z-3-001 - Copy/BDC2026/train/1_Electronic/614.jpg,near_3587,/kaggle/input/datasets/jessicamercya/satria-data-2026/BDC2026-20260708T012259Z-3-001 - Copy/BDC2026/train/1_Electronic/Television_104.jpg,near_duplicate
/kaggle/input/datasets/jessicamercya/satria-data-2026/BDC2026-20260708T012259Z-3-001 - Copy/BDC2026/train/1_Electronic/Mobile_87.jpg,near_3734,/kaggle/input/datasets/jessicamercya/satria-data-2026/BDC2026-20260708T012259Z-3-001 - Copy/BDC2026/train/1_Electronic/Mobile_87.jpg,near_duplicate
/kaggle/input/datasets/jessicamercya/satria-data-2026/BDC2026-20260708T012259Z-3-001 - Copy/BDC2026/train/1_Electronic/538.jpeg,near_3734,/kaggle/input/datasets/jessicamercya/satria-data-2026/BDC2026-20260708T012259Z-3-001 - Copy/BDC2026/train/1_Electronic/Mobile_87.jpg,near_duplicate
/kaggle/input/datasets/jessicamercya/satria-data-2026/BDC2026-20260708T012259Z-3-001 - Copy/BDC2026/train/1_Electronic/519.jpeg,near_3851,/kaggle/input/datasets/jessicamercya/satria-data-2026/BDC2026-20260708T012259Z-3-001 - Copy/BDC2026/train/1_Electronic/519.jpeg,near_duplicate
/kaggle/input/datasets/jessicamercya/satria-data-2026/BDC2026-20260708T012259Z-3-001 - Copy/BDC2026/train/1_Electronic/Mobile_68.jpg,near_3851,/kaggle/input/datasets/jessicamercya/satria-data-2026/BDC2026-20260708T012259Z-3-001 - Copy/BDC2026/train/1_Electronic/519.jpeg,near_duplicate
