filepath,label,width,height,format,mode,aspect_ratio,corrupt,file_hash,phash,siglip_community,siglip_subcommunity
/kaggle/input/datasets/jessicamercya/satria-data-2026/BDC2026-20260708T012259Z-3-001 - Copy/BDC2026/train/1_Electronic/pcb_261.jpg,Electronic,150,150,JPEG,RGB,1.0,False,e05bbb24078d93f3acd44a7f5447c24a,af488d820d6b6e2f,7,18
/kaggle/input/datasets/jessicamercya/satria-data-2026/BDC2026-20260708T012259Z-3-001 - Copy/BDC2026/train/1_Electronic/Printer_172.jpg,Electronic,150,150,JPEG,RGB,1.0,False,c5becb240b8db975ea615573498e5cd6,eb61d296959ecc28,6,11
/kaggle/input/datasets/jessicamercya/satria-data-2026/BDC2026-20260708T012259Z-3-001 - Copy/BDC2026/train/1_Electronic/266.jpeg,Electronic,1152,864,JPEG,RGB,1.3333333333333333,False,25693995423bcecb88d9bc56c2def8f9,d0dede25752a5582,10,2
/kaggle/input/datasets/jessicamercya/satria-data-2026/BDC2026-20260708T012259Z-3-001 - Copy/BDC2026/train/1_Electronic/19.pile-of-electronic-waste-polluting-the-environment-in-junkyard-photo.jpg,Electronic,1470,980,JPEG,RGB,1.5,False,4c61d0c65caeb8b2b53a00a47a2c7413,c0d7f8e739134d30,0,14
/kaggle/input/datasets/jessicamercya/satria-data-2026/BDC2026-20260708T012259Z-3-001 - Copy/BDC2026/train/1_Electronic/20.old-used-obsolete-electronic-equipment-isolated-white-50908264.jpg,Electronic,800,515,JPEG,RGB,1.5533980582524272,False,30e50de994ead7159b10958052fde01f,bbf79140ca4dcc0d,0,0
/kaggle/input/datasets/jessicamercya/satria-data-2026/BDC2026-20260708T012259Z-3-001 - Copy/BDC2026/train/1_Electronic/Keyboard_149.jpg,Electronic,150,150,JPEG,RGB,1.0,False,6ac3a6ab3f951d4490791f3a89f9452a,ab4edcb1c69910e6,2,5
/kaggle/input/datasets/jessicamercya/satria-data-2026/BDC2026-20260708T012259Z-3-001 - Copy/BDC2026/train/1_Electronic/Player_134.jpg,Electronic,150,150,JPEG,RGB,1.0,False,24c201263bd861f4ae3bfa8b1522cb6e,d489ab424ddf3730,9,17
/kaggle/input/datasets/jessicamercya/satria-data-2026/BDC2026-20260708T012259Z-3-001 - Copy/BDC2026/train/1_Electronic/Player_198.jpg,Electronic,150,150,JPEG,RGB,1.0,False,297c31052e56caf7cb39eb8e43280fb8,83af39718e106bd6,9,17
/kaggle/input/datasets/jessicamercya/satria-data-2026/BDC2026-20260708T012259Z-3-001 - Copy/BDC2026/train/1_Electronic/14.jpeg,Electronic,1160,870,JPEG,RGB,1.3333333333333333,False,8e05ba5fef47200901a4e020171453f1,a91adbad50d42d55,11,31
/kaggle/input/datasets/jessicamercya/satria-data-2026/BDC2026-20260708T012259Z-3-001 - Copy/BDC2026/train/1_Electronic/Television_187.jpg,Electronic,150,150,JPEG,RGB,1.0,False,e056bca80e48bd66eafc6ba738e462a6,e9619706e42dda96,4,12
/kaggle/input/datasets/jessicamercya/satria-data-2026/BDC2026-20260708T012259Z-3-001 - Copy/BDC2026/train/1_Electronic/18.pexels-photo-5721895.jpeg,Electronic,6016,4016,JPEG,RGB,1.49800796812749,False,47ba4b772dbe0327f36de368b3c9a373,c8f774a1127e096e,0,39
/kaggle/input/datasets/jessicamercya/satria-data-2026/BDC2026-20260708T012259Z-3-001 - Copy/BDC2026/train/1_Electronic/344.jpeg,Electronic,1152,864,JPEG,RGB,1.3333333333333333,False,7c631a6b6b02ccffbe92e87f003f6c34,e0c55aa39e78036f,11,44
/kaggle/input/datasets/jessicamercya/satria-data-2026/BDC2026-20260708T012259Z-3-001 - Copy/BDC2026/train/1_Electronic/Washing_Machine_187.jpg,Electronic,150,150,JPEG,RGB,1.0,False,7c554b43bc7b74f6522cd2927fa0f848,ab742f96d58bc128,3,35
/kaggle/input/datasets/jessicamercya/satria-data-2026/BDC2026-20260708T012259Z-3-001 - Copy/BDC2026/train/1_Electronic/Mouse_236.jpg,Electronic,150,150,JPEG,RGB,1.0,False,028ebc97b6610cca04cc70cb75c2bebb,da9f21339c66b388,5,36
/kaggle/input/datasets/jessicamercya/satria-data-2026/BDC2026-20260708T012259Z-3-001 - Copy/BDC2026/train/1_Electronic/Mobile_48.jpg,Electronic,150,150,JPEG,RGB,1.0,False,34b4c249a108d78b4a9927feb9ee0144,bc34c3cf5ec07434,2,25
/kaggle/input/datasets/jessicamercya/satria-data-2026/BDC2026-20260708T012259Z-3-001 - Copy/BDC2026/train/1_Electronic/Washing_Machine_70.jpg,Electronic,150,150,JPEG,RGB,1.0,False,99b4ac3b0a48b5d5db38dc519edb349f,ea609e853478e3c7,3,27
/kaggle/input/datasets/jessicamercya/satria-data-2026/BDC2026-20260708T012259Z-3-001 - Copy/BDC2026/train/1_Electronic/Mouse_92.jpg,Electronic,150,150,JPEG,RGB,1.0,False,9d4940cc54152bb640697d9f2f39efba,f8b8c1b49a6759c4,5,26
/kaggle/input/datasets/jessicamercya/satria-data-2026/BDC2026-20260708T012259Z-3-001 - Copy/BDC2026/train/1_Electronic/59.unearthed-fortune-in-your-old-tech-find-out-how-yo.jpg,Electronic,1216,832,JPEG,RGB,1.4615384615384615,False,5f3e87a5068540a88dd7a6eb808d7759,9b981f10d1f2c39e,0,14
/kaggle/input/datasets/jessicamercya/satria-data-2026/BDC2026-20260708T012259Z-3-001 - Copy/BDC2026/train/1_Electronic/35.computer-recycling-milton-keynes-.jpg,Electronic,1200,800,JPEG,RGB,1.5,False,74f3d4217a738f7f5529e6a744e132be,d943b6b8c1379962,0,0
/kaggle/input/datasets/jessicamercya/satria-data-2026/BDC2026-20260708T012259Z-3-001 - Copy/BDC2026/train/1_Electronic/5.Medical-Gaming-Motherboard-Server-PCB-Manufacturing-Scrap-IC-Chip-Recycling-Multilayer-PCB-Prototypes-for-IoT-Applications.jpg,Electronic,300,300,JPEG,RGB,1.0,False,f873a79bab6e39b29b75269e6c295bc2,b8b1c14a37a77239,7,23
/kaggle/input/datasets/jessicamercya/satria-data-2026/BDC2026-20260708T012259Z-3-001 - Copy/BDC2026/train/1_Electronic/5.a-broken-computer-on-a-wood-block-floor-2AGGMKM.jpg,Electronic,867,1390,JPEG,RGB,0.6237410071942446,False,84d5c86d613a71271c32eaece635216e,fcb360cd58b52c92,0,43
/kaggle/input/datasets/jessicamercya/satria-data-2026/BDC2026-20260708T012259Z-3-001 - Copy/BDC2026/train/1_Electronic/Printer_220.jpg,Electronic,150,150,JPEG,RGB,1.0,False,91262958a786b7b3d7ad37ffc7c3f522,c0823b3fe0f437ca,6,6
/kaggle/input/datasets/jessicamercya/satria-data-2026/BDC2026-20260708T012259Z-3-001 - Copy/BDC2026/train/1_Electronic/761.jpeg,Electronic,1040,780,JPEG,RGB,1.3333333333333333,False,ca389165f2760deed96e43682db835f0,b5adc9dd2612a24b,5,29
/kaggle/input/datasets/jessicamercya/satria-data-2026/BDC2026-20260708T012259Z-3-001 - Copy/BDC2026/train/1_Electronic/Television_99.jpg,Electronic,150,150,JPEG,RGB,1.0,False,afa3303e7bf5bc90097f2fde05c89fd0,e32dc115ccf28e6c,11,41
/kaggle/input/datasets/jessicamercya/satria-data-2026/BDC2026-20260708T012259Z-3-001 - Copy/BDC2026/train/1_Electronic/Mobile_219.jpg,Electronic,150,150,JPEG,RGB,1.0,False,b832495a838aac684be6187626479636,e3579d0e27343331,2,25
/kaggle/input/datasets/jessicamercya/satria-data-2026/BDC2026-20260708T012259Z-3-001 - Copy/BDC2026/train/1_Electronic/73.Electronic_20Recycling_20in_20Scottsdale.jpg,Electronic,280,292,JPEG,RGB,0.958904109589041,False,8e80cee2859c6e19c9d376d316a32183,8985fe135b2f482d,0,34
/kaggle/input/datasets/jessicamercya/satria-data-2026/BDC2026-20260708T012259Z-3-001 - Copy/BDC2026/train/1_Electronic/Mouse_25.jpg,Electronic,150,150,JPEG,RGB,1.0,False,9dc6385323866572a50c6548151c3173,b8d2456c2e353b9a,5,36
/kaggle/input/datasets/jessicamercya/satria-data-2026/BDC2026-20260708T012259Z-3-001 - Copy/BDC2026/train/1_Electronic/imhjk.jpg,Electronic,1300,954,JPEG,RGB,1.3626834381551363,False,70acd7f0b1d255216e93d9bc2ff4ef71,fe5884039f6ac0bd,0,14
/kaggle/input/datasets/jessicamercya/satria-data-2026/BDC2026-20260708T012259Z-3-001 - Copy/BDC2026/train/1_Electronic/Mouse_273.jpg,Electronic,150,150,JPEG,RGB,1.0,False,a204bc5c4c7de19cc87e9216d33f6d9e,a0d3836c0c773fc3,5,36
/kaggle/input/datasets/jessicamercya/satria-data-2026/BDC2026-20260708T012259Z-3-001 - Copy/BDC2026/train/1_Electronic/473.jpg,Electronic,2340,4160,JPEG,RGB,0.5625,False,eb746e35d9e1d14f8eebc2dcbd3d55c7,ab69c51e9e8562b4,1,4
/kaggle/input/datasets/jessicamercya/satria-data-2026/BDC2026-20260708T012259Z-3-001 - Copy/BDC2026/train/1_Electronic/e-waste circular economy wide.jpg,Electronic,1500,1000,JPEG,RGB,1.5,False,154224a4dc9d82f0c85cd00fbb2c3409,c9ae0ee6df780072,0,14
/kaggle/input/datasets/jessicamercya/satria-data-2026/BDC2026-20260708T012259Z-3-001 - Copy/BDC2026/train/1_Electronic/Printer_12.jpg,Electronic,150,150,JPEG,RGB,1.0,False,4df4e833e5167f7b12e263414a5e7aa3,be6c94b434c2d30f,6,6
/kaggle/input/datasets/jessicamercya/satria-data-2026/BDC2026-20260708T012259Z-3-001 - Copy/BDC2026/train/1_Electronic/Printer_170.jpg,Electronic,150,150,JPEG,RGB,1.0,False,bdedded004c960b0b2ffe09c3df9ebc9,b2e6c5ccd2ab5298,6,6
/kaggle/input/datasets/jessicamercya/satria-data-2026/BDC2026-20260708T012259Z-3-001 - Copy/BDC2026/train/1_Electronic/Keyboard_147.jpg,Electronic,150,150,JPEG,RGB,1.0,False,ca252d9be38eea96c698c622af57571a,aed0d0272fd8da25,2,5
/kaggle/input/datasets/jessicamercya/satria-data-2026/BDC2026-20260708T012259Z-3-001 - Copy/BDC2026/train/1_Electronic/40.fc135a1904e4b003df06fc50d7433cf8.jpg,Electronic,640,360,JPEG,RGB,1.7777777777777777,False,2143b0bff7fb220419ca1cfa8a1daabc,df74e9d226802f8a,0,0
/kaggle/input/datasets/jessicamercya/satria-data-2026/BDC2026-20260708T012259Z-3-001 - Copy/BDC2026/train/1_Electronic/Printer_240.jpg,Electronic,150,150,JPEG,RGB,1.0,False,82b44b9dbd159b2c792ed87e59cba0b3,e08a2f2ddd9de190,2,40
/kaggle/input/datasets/jessicamercya/satria-data-2026/BDC2026-20260708T012259Z-3-001 - Copy/BDC2026/train/1_Electronic/Printer_292.jpg,Electronic,150,150,JPEG,RGB,1.0,False,0a81fcd4c6837cbebf35bf6751a6a39a,af12f03fc1b69690,6,53
/kaggle/input/datasets/jessicamercya/satria-data-2026/BDC2026-20260708T012259Z-3-001 - Copy/BDC2026/train/1_Electronic/battery_266.jpg,Electronic,150,150,JPEG,RGB,1.0,False,2f9c234953901e1e9d752a283d4e024c,e69999cccc8c9999,12,37
/kaggle/input/datasets/jessicamercya/satria-data-2026/BDC2026-20260708T012259Z-3-001 - Copy/BDC2026/train/1_Electronic/Mobile_122.jpg,Electronic,150,150,JPEG,RGB,1.0,False,a154483b1d0df4530cf7ab7bc87944c1,af3fd5d040c2cb43,2,25
/kaggle/input/datasets/jessicamercya/satria-data-2026/BDC2026-20260708T012259Z-3-001 - Copy/BDC2026/train/1_Electronic/pcb_63.jpg,Electronic,150,150,JPEG,RGB,1.0,False,78e4e36fd09d8d3a36abad796f18a1ba,cbdb9077f0256684,7,23
/kaggle/input/datasets/jessicamercya/satria-data-2026/BDC2026-20260708T012259Z-3-001 - Copy/BDC2026/train/1_Electronic/17.recyclable-computer-processor-scrap-100-kg-2222426523-gfzyi5j5.jpg,Electronic,600,600,JPEG,RGB,1.0,False,bd0281cbc6ff90fe97a031e3ad57b631,a4a81f96d0d147b7,0,30
/kaggle/input/datasets/jessicamercya/satria-data-2026/BDC2026-20260708T012259Z-3-001 - Copy/BDC2026/train/1_Electronic/Mobile_44.jpg,Electronic,150,150,JPEG,RGB,1.0,False,872a772db739b284e954ff4d7c52db10,e161cece6d25a534,1,16
/kaggle/input/datasets/jessicamercya/satria-data-2026/BDC2026-20260708T012259Z-3-001 - Copy/BDC2026/train/1_Electronic/Printer_199.jpg,Electronic,150,150,JPEG,RGB,1.0,False,ef8cd68e5c7a1f54dd8bb77f10f54701,ba6a6bc381c1f0cb,6,53
/kaggle/input/datasets/jessicamercya/satria-data-2026/BDC2026-20260708T012259Z-3-001 - Copy/BDC2026/train/1_Electronic/Keyboard_55.jpg,Electronic,150,150,JPEG,RGB,1.0,False,692b147d938056c585f12a2473a826fe,989f5047623f7a68,2,13
/kaggle/input/datasets/jessicamercya/satria-data-2026/BDC2026-20260708T012259Z-3-001 - Copy/BDC2026/train/1_Electronic/Mouse_240.jpg,Electronic,150,150,JPEG,RGB,1.0,False,f139c76b8af90e3985c20cba14c05ae1,eb4891354cda36cd,5,26
/kaggle/input/datasets/jessicamercya/satria-data-2026/BDC2026-20260708T012259Z-3-001 - Copy/BDC2026/train/1_Electronic/Microwave_292.jpg,Electronic,150,150,JPEG,RGB,1.0,False,181c5f4effc17eb80222ba73af00fbbd,fb80c4b235bd852d,8,1
/kaggle/input/datasets/jessicamercya/satria-data-2026/BDC2026-20260708T012259Z-3-001 - Copy/BDC2026/train/1_Electronic/Keyboard_76.jpg,Electronic,150,150,JPEG,RGB,1.0,False,e4df1e943e53e7938784da57db962187,a3e2803f61e8dda5,2,32
/kaggle/input/datasets/jessicamercya/satria-data-2026/BDC2026-20260708T012259Z-3-001 - Copy/BDC2026/train/1_Electronic/Mouse_17.jpg,Electronic,150,150,JPEG,RGB,1.0,False,309edc83cf95e9f62365b4ce8c6d5a77,b4c3c33e0cba8dd1,5,36
/kaggle/input/datasets/jessicamercya/satria-data-2026/BDC2026-20260708T012259Z-3-001 - Copy/BDC2026/train/1_Electronic/Mobile_182.jpg,Electronic,150,150,JPEG,RGB,1.0,False,12d8ddf798e5e9a46523df3f67ee4997,c60f9559662d4ea5,1,9
/kaggle/input/datasets/jessicamercya/satria-data-2026/BDC2026-20260708T012259Z-3-001 - Copy/BDC2026/train/1_Electronic/Television_26.jpg,Electronic,150,150,JPEG,RGB,1.0,False,5de7a31054a0315db370c396759243b8,ebcf3520993ba01d,4,12
/kaggle/input/datasets/jessicamercya/satria-data-2026/BDC2026-20260708T012259Z-3-001 - Copy/BDC2026/train/1_Electronic/18.Asekol_WEEE_pics.jpg,Electronic,1600,900,JPEG,RGB,1.7777777777777777,False,ed1b50875ef5b2785703dac08fc8a835,ba3131ba3a35a5a6,0,22
/kaggle/input/datasets/jessicamercya/satria-data-2026/BDC2026-20260708T012259Z-3-001 - Copy/BDC2026/train/1_Electronic/Copy of IMG_20200328_131958.jpg,Electronic,3456,4608,JPEG,RGB,0.75,False,9e0386162f2c9df79f5ff3695fa8e0d6,a8c3c307cb0b2f3d,5,29
/kaggle/input/datasets/jessicamercya/satria-data-2026/BDC2026-20260708T012259Z-3-001 - Copy/BDC2026/train/1_Electronic/battery_18.jpg,Electronic,150,150,JPEG,RGB,1.0,False,d73b1d45328ff7086a22aed79eb48bf5,eb9994e25e0db864,13,19
/kaggle/input/datasets/jessicamercya/satria-data-2026/BDC2026-20260708T012259Z-3-001 - Copy/BDC2026/train/1_Electronic/25.front-view-of-old-broken-laptop-isolated-KPWDRW.jpg,Electronic,1197,1390,JPEG,RGB,0.8611510791366906,False,d2a61a7247e45b72c29c8a21342191b5,afbf909295c164c5,0,43
/kaggle/input/datasets/jessicamercya/satria-data-2026/BDC2026-20260708T012259Z-3-001 - Copy/BDC2026/train/1_Electronic/Washing_Machine_249.jpg,Electronic,150,150,JPEG,RGB,1.0,False,cb47ae50073fca036f4b3d4e32c0073b,e5c79a389a6165c6,3,8
/kaggle/input/datasets/jessicamercya/satria-data-2026/BDC2026-20260708T012259Z-3-001 - Copy/BDC2026/train/1_Electronic/16.pile-electronic-waste-computer-motherboards-260nw-2650827395.jpg,Electronic,390,280,JPEG,RGB,1.3928571428571428,False,588c4a761f6f5666bb93c849dd4b62b8,f94fc11f823bec20,0,34
/kaggle/input/datasets/jessicamercya/satria-data-2026/BDC2026-20260708T012259Z-3-001 - Copy/BDC2026/train/1_Electronic/Television_272.jpg,Electronic,150,150,JPEG,RGB,1.0,False,457c8e5e0117a785df49378fa7f73a5d,e9699696585e4669,4,10
/kaggle/input/datasets/jessicamercya/satria-data-2026/BDC2026-20260708T012259Z-3-001 - Copy/BDC2026/train/1_Electronic/Microwave_64.jpg,Electronic,150,150,JPEG,RGB,1.0,False,10f39c1c11d38e82049f2b9fc41bff05,ead08e0f8dcb858e,8,1
/kaggle/input/datasets/jessicamercya/satria-data-2026/BDC2026-20260708T012259Z-3-001 - Copy/BDC2026/train/1_Electronic/Mobile_155.jpg,Electronic,150,150,JPEG,RGB,1.0,False,d812689f3e2b3f53aadcd4b99fdfeef3,cc3bd1cecc322c66,1,16
/kaggle/input/datasets/jessicamercya/satria-data-2026/BDC2026-20260708T012259Z-3-001 - Copy/BDC2026/train/1_Electronic/IMG_20200329_142649.jpg,Electronic,4608,3456,JPEG,RGB,1.3333333333333333,False,b55723884b347d907db7a6e4ab2e6b1b,8956d19ee6926ec2,10,2
/kaggle/input/datasets/jessicamercya/satria-data-2026/BDC2026-20260708T012259Z-3-001 - Copy/BDC2026/train/1_Electronic/253.jpeg,Electronic,1152,864,JPEG,RGB,1.3333333333333333,False,6aa0c292e5fa6614826c576bd98a5692,bddd1c9c69184ab4,10,2
/kaggle/input/datasets/jessicamercya/satria-data-2026/BDC2026-20260708T012259Z-3-001 - Copy/BDC2026/train/1_Electronic/Player_269.jpg,Electronic,150,150,JPEG,RGB,1.0,False,3c69fefc14d41c61cbd719101851ea96,ea9c95626a9d9562,9,50
/kaggle/input/datasets/jessicamercya/satria-data-2026/BDC2026-20260708T012259Z-3-001 - Copy/BDC2026/train/1_Electronic/Player_95.jpg,Electronic,150,150,JPEG,RGB,1.0,False,7efb8bc842a39bee1ef19d898858613c,ea7ca9078505f5b2,9,45
/kaggle/input/datasets/jessicamercya/satria-data-2026/BDC2026-20260708T012259Z-3-001 - Copy/BDC2026/train/1_Electronic/Television_28.jpg,Electronic,150,150,JPEG,RGB,1.0,False,fd1514d9d8deb0546f7fd89204001699,8dce93834c97713c,4,15
/kaggle/input/datasets/jessicamercya/satria-data-2026/BDC2026-20260708T012259Z-3-001 - Copy/BDC2026/train/1_Electronic/pcb_36.jpg,Electronic,150,150,JPEG,RGB,1.0,False,0b611613766eedf1b96f974627627784,91daae3da920d2da,7,7
/kaggle/input/datasets/jessicamercya/satria-data-2026/BDC2026-20260708T012259Z-3-001 - Copy/BDC2026/train/1_Electronic/Keyboard_179.jpg,Electronic,150,150,JPEG,RGB,1.0,False,8ae9ef1c564974871bc624728f8fc056,eeb5e870a34b950a,2,5
/kaggle/input/datasets/jessicamercya/satria-data-2026/BDC2026-20260708T012259Z-3-001 - Copy/BDC2026/train/1_Electronic/Keyboard_239.jpg,Electronic,150,150,JPEG,RGB,1.0,False,c98157cb124e17124342de9b6b8b1aed,bfe0c01f3ec09da1,2,5
/kaggle/input/datasets/jessicamercya/satria-data-2026/BDC2026-20260708T012259Z-3-001 - Copy/BDC2026/train/1_Electronic/Printer_93.jpg,Electronic,150,150,JPEG,RGB,1.0,False,5f74237017329e1db764fb4d05cbb474,ddda5ab8b5312252,6,6
/kaggle/input/datasets/jessicamercya/satria-data-2026/BDC2026-20260708T012259Z-3-001 - Copy/BDC2026/train/1_Electronic/Television_69.jpg,Electronic,150,150,JPEG,RGB,1.0,False,b2121ed13df842bcb1617ab1c00de2a7,ffbca1c1c4e2d230,4,12
/kaggle/input/datasets/jessicamercya/satria-data-2026/BDC2026-20260708T012259Z-3-001 - Copy/BDC2026/train/1_Electronic/Mouse_136.jpg,Electronic,150,150,JPEG,RGB,1.0,False,10a7b3ed6e41e5d1177c1172da97725b,fb9da0709cc6916a,5,26
/kaggle/input/datasets/jessicamercya/satria-data-2026/BDC2026-20260708T012259Z-3-001 - Copy/BDC2026/train/1_Electronic/pcb_72.jpg,Electronic,150,150,JPEG,RGB,1.0,False,73c4c9f44ebc4678ae283536d0b133be,b173b678974224d3,7,7
/kaggle/input/datasets/jessicamercya/satria-data-2026/BDC2026-20260708T012259Z-3-001 - Copy/BDC2026/train/1_Electronic/Mouse_147.jpg,Electronic,150,150,JPEG,RGB,1.0,False,acf333cddec3bf30d511300f8b5e0871,d26b4d3479d38668,5,3
/kaggle/input/datasets/jessicamercya/satria-data-2026/BDC2026-20260708T012259Z-3-001 - Copy/BDC2026/train/1_Electronic/61.nvidia_gtx645de_1gb_gpu_1756211461_4b1f9770_thumbnail.jpg,Electronic,320,314,JPEG,RGB,1.019108280254777,False,28d2ac486ba9a16880a9d6f8ce5376fe,b60afe49b5c5a5c0,0,30
/kaggle/input/datasets/jessicamercya/satria-data-2026/BDC2026-20260708T012259Z-3-001 - Copy/BDC2026/train/1_Electronic/Mouse_23.jpg,Electronic,150,150,JPEG,RGB,1.0,False,6ba43da97b5c694edda7511f24758098,f94616391c8996f3,5,36
/kaggle/input/datasets/jessicamercya/satria-data-2026/BDC2026-20260708T012259Z-3-001 - Copy/BDC2026/train/1_Electronic/Printer_29.jpg,Electronic,150,150,JPEG,RGB,1.0,False,4e2a4fb20153d9e43fc2d8f68babd994,cc93326c3b783e68,6,52
/kaggle/input/datasets/jessicamercya/satria-data-2026/BDC2026-20260708T012259Z-3-001 - Copy/BDC2026/train/1_Electronic/pcb_135.jpg,Electronic,150,150,JPEG,RGB,1.0,False,274c71f2bd2ff02c35bdd4a8b391a38c,81c31e7c1c7f44e3,7,18
/kaggle/input/datasets/jessicamercya/satria-data-2026/BDC2026-20260708T012259Z-3-001 - Copy/BDC2026/train/1_Electronic/Television_249.jpg,Electronic,150,150,JPEG,RGB,1.0,False,ababb9d7c66b963d46c62000edbc8995,ce7ff178c4e090c1,4,12
/kaggle/input/datasets/jessicamercya/satria-data-2026/BDC2026-20260708T012259Z-3-001 - Copy/BDC2026/train/1_Electronic/battery_144.jpg,Electronic,150,150,JPEG,RGB,1.0,False,da33efd45f1e00cc864c1ac439405c0a,ab30908d8eca6be7,13,19
/kaggle/input/datasets/jessicamercya/satria-data-2026/BDC2026-20260708T012259Z-3-001 - Copy/BDC2026/train/1_Electronic/18.jpeg,Electronic,1280,640,JPEG,RGB,2.0,False,7402bd2517d55c2aadcf9b06ffaef61e,9bffd7c4c4c440c8,11,31
/kaggle/input/datasets/jessicamercya/satria-data-2026/BDC2026-20260708T012259Z-3-001 - Copy/BDC2026/train/1_Electronic/battery_204.jpg,Electronic,150,150,JPEG,RGB,1.0,False,2f954b70e439b6732d31d35c7695da22,fa8dc56a85cc8695,12,37
/kaggle/input/datasets/jessicamercya/satria-data-2026/BDC2026-20260708T012259Z-3-001 - Copy/BDC2026/train/1_Electronic/263.jpeg,Electronic,1152,864,JPEG,RGB,1.3333333333333333,False,10e58454a80dcc08eb8103ceba149871,bf55c24ac16d6856,10,2
/kaggle/input/datasets/jessicamercya/satria-data-2026/BDC2026-20260708T012259Z-3-001 - Copy/BDC2026/train/1_Electronic/Mouse_41.jpg,Electronic,150,150,JPEG,RGB,1.0,False,a3be98c5cd3d9174d74dc467f1a7e528,f456da5a62ca9a89,5,36
/kaggle/input/datasets/jessicamercya/satria-data-2026/BDC2026-20260708T012259Z-3-001 - Copy/BDC2026/train/1_Electronic/battery_151.jpg,Electronic,150,150,JPEG,RGB,1.0,False,ff9b2e751a0e220ce246573254bb9b55,bec0c93f64cd0972,14,24
/kaggle/input/datasets/jessicamercya/satria-data-2026/BDC2026-20260708T012259Z-3-001 - Copy/BDC2026/train/1_Electronic/pcb_47.jpg,Electronic,150,150,JPEG,RGB,1.0,False,1354cae567fb1fe96103871dfc97d39d,a77abb16c80a9e49,7,18
/kaggle/input/datasets/jessicamercya/satria-data-2026/BDC2026-20260708T012259Z-3-001 - Copy/BDC2026/train/1_Electronic/Television_58.jpg,Electronic,150,150,JPEG,RGB,1.0,False,5118b405c76e712b9fa3851b2967814f,94bc63576a461f45,4,12
/kaggle/input/datasets/jessicamercya/satria-data-2026/BDC2026-20260708T012259Z-3-001 - Copy/BDC2026/train/1_Electronic/816.jpeg,Electronic,720,1280,JPEG,RGB,0.5625,False,e82e90ae245a65697a0bb1f101044455,e15f9ea081f3d88c,5,29
/kaggle/input/datasets/jessicamercya/satria-data-2026/BDC2026-20260708T012259Z-3-001 - Copy/BDC2026/train/1_Electronic/Mobile_150.jpg,Electronic,150,150,JPEG,RGB,1.0,False,7edd3c01581df123f961b77fe2a271cc,dce76399c82427d8,1,16
/kaggle/input/datasets/jessicamercya/satria-data-2026/BDC2026-20260708T012259Z-3-001 - Copy/BDC2026/train/1_Electronic/Keyboard_129.jpg,Electronic,150,150,JPEG,RGB,1.0,False,fe73117b65cdda8a462e6bebdeb08464,e9a612b636b907c9,2,5
/kaggle/input/datasets/jessicamercya/satria-data-2026/BDC2026-20260708T012259Z-3-001 - Copy/BDC2026/train/1_Electronic/Television_253.jpg,Electronic,150,150,JPEG,RGB,1.0,False,bcd2c522eb0892ba7d6d6b1dbbcc66ad,be8de07a956295e0,4,10
/kaggle/input/datasets/jessicamercya/satria-data-2026/BDC2026-20260708T012259Z-3-001 - Copy/BDC2026/train/1_Electronic/Mouse_275.jpg,Electronic,150,150,JPEG,RGB,1.0,False,5d05861af699354e86f2ad3d5b083614,b04f4f3491b78f30,5,36
/kaggle/input/datasets/jessicamercya/satria-data-2026/BDC2026-20260708T012259Z-3-001 - Copy/BDC2026/train/1_Electronic/Mobile_200.jpg,Electronic,150,150,JPEG,RGB,1.0,False,b3c30508741e8cf82b550ee0672d6f8d,f62049db3e6520de,1,16
/kaggle/input/datasets/jessicamercya/satria-data-2026/BDC2026-20260708T012259Z-3-001 - Copy/BDC2026/train/1_Electronic/Television_15.jpg,Electronic,150,150,JPEG,RGB,1.0,False,7919881b304c99f148056f08b110693a,989843878f5ebc3c,4,12
/kaggle/input/datasets/jessicamercya/satria-data-2026/BDC2026-20260708T012259Z-3-001 - Copy/BDC2026/train/1_Electronic/Keyboard_99.jpg,Electronic,150,150,JPEG,RGB,1.0,False,4f512ef8738c51c8d2bbdc713888c009,eab5854a3f95ca60,2,5
/kaggle/input/datasets/jessicamercya/satria-data-2026/BDC2026-20260708T012259Z-3-001 - Copy/BDC2026/train/1_Electronic/Mobile_65.jpg,Electronic,150,150,JPEG,RGB,1.0,False,2d1783a63c01021852906d5f9962f9b0,aa2bd5d5508056df,1,9
/kaggle/input/datasets/jessicamercya/satria-data-2026/BDC2026-20260708T012259Z-3-001 - Copy/BDC2026/train/1_Electronic/Microwave_150.jpg,Electronic,150,150,JPEG,RGB,1.0,False,1225758fb422907a4d447f13116d6f1e,af92d0642f1f38d2,8,1
/kaggle/input/datasets/jessicamercya/satria-data-2026/BDC2026-20260708T012259Z-3-001 - Copy/BDC2026/train/1_Electronic/Keyboard_269.jpg,Electronic,150,150,JPEG,RGB,1.0,False,8c3e31cda8ba34ccf52dd196b19a1bf2,bf9dc4854564aea2,2,13
/kaggle/input/datasets/jessicamercya/satria-data-2026/BDC2026-20260708T012259Z-3-001 - Copy/BDC2026/train/1_Electronic/335.jpeg,Electronic,1152,864,JPEG,RGB,1.3333333333333333,False,60ea1078c8b8e5511fd3779f3402d3da,b939baf1101281ff,11,31
/kaggle/input/datasets/jessicamercya/satria-data-2026/BDC2026-20260708T012259Z-3-001 - Copy/BDC2026/train/1_Electronic/Player_189.jpg,Electronic,150,150,JPEG,RGB,1.0,False,2091e8a26fca1aed02c98b0777586df7,afadfd4bc040a05e,9,45
/kaggle/input/datasets/jessicamercya/satria-data-2026/BDC2026-20260708T012259Z-3-001 - Copy/BDC2026/train/1_Electronic/Printer_67.jpg,Electronic,150,150,JPEG,RGB,1.0,False,562a1306c4d9910d2a8e037fd25d280c,af7d85287ac79490,6,11
/kaggle/input/datasets/jessicamercya/satria-data-2026/BDC2026-20260708T012259Z-3-001 - Copy/BDC2026/train/1_Electronic/2.Electronic_waste_1024x1024.jpg,Electronic,700,450,JPEG,RGB,1.5555555555555556,False,77087b34dbb8332f0e755b55c334c773,e0c1379a59dbb614,0,0
/kaggle/input/datasets/jessicamercya/satria-data-2026/BDC2026-20260708T012259Z-3-001 - Copy/BDC2026/train/1_Electronic/qwertyuiop.jpg,Electronic,275,183,JPEG,RGB,1.5027322404371584,False,3f88980e248433e489273206b47ab7e8,86ca13dce9ca6da1,0,14
/kaggle/input/datasets/jessicamercya/satria-data-2026/BDC2026-20260708T012259Z-3-001 - Copy/BDC2026/train/1_Electronic/Printer_283.jpg,Electronic,150,150,JPEG,RGB,1.0,False,5955325be1dcab7817b91edfcf347221,ba68b012c7bac7b1,6,11
/kaggle/input/datasets/jessicamercya/satria-data-2026/BDC2026-20260708T012259Z-3-001 - Copy/BDC2026/train/1_Electronic/Printer_253.jpg,Electronic,150,150,JPEG,RGB,1.0,False,d1c1c53862cbdc5dbc849edb0c9b7f2f,aeeab2b5c8ccc8c1,6,6
/kaggle/input/datasets/jessicamercya/satria-data-2026/BDC2026-20260708T012259Z-3-001 - Copy/BDC2026/train/1_Electronic/Washing_Machine_80.jpg,Electronic,150,150,JPEG,RGB,1.0,False,ea258ca6f36c11672ba655962eebad2b,eb6d2c2e2c4a6a8e,3,35
/kaggle/input/datasets/jessicamercya/satria-data-2026/BDC2026-20260708T012259Z-3-001 - Copy/BDC2026/train/1_Electronic/2.34.-grosir-sparepart-komputer.jpg,Electronic,1000,562,JPEG,RGB,1.7793594306049823,False,3d030e9877e279fae07c0cbbcce4606a,adec123cd9037a4b,0,54
/kaggle/input/datasets/jessicamercya/satria-data-2026/BDC2026-20260708T012259Z-3-001 - Copy/BDC2026/train/1_Electronic/Player_160.jpg,Electronic,150,150,JPEG,RGB,1.0,False,320546f1d9038f37bb1588507a46a0c6,a10f873874f4c27b,9,17
/kaggle/input/datasets/jessicamercya/satria-data-2026/BDC2026-20260708T012259Z-3-001 - Copy/BDC2026/train/1_Electronic/battery_63.jpg,Electronic,150,150,JPEG,RGB,1.0,False,2e964907088ed03c1e7c9dd672b1df35,ad92e1329f65ba0c,2,32
/kaggle/input/datasets/jessicamercya/satria-data-2026/BDC2026-20260708T012259Z-3-001 - Copy/BDC2026/train/1_Electronic/Player_9.jpg,Electronic,150,150,JPEG,RGB,1.0,False,32ffa17352c0f9fbfc047a20dfa174af,ea4a958d92dcc966,9,60
/kaggle/input/datasets/jessicamercya/satria-data-2026/BDC2026-20260708T012259Z-3-001 - Copy/BDC2026/train/1_Electronic/Washing_Machine_127.jpg,Electronic,150,150,JPEG,RGB,1.0,False,bb04629624bc7ecf1211c8b8bb0959a0,bdb4c29e6c3890e3,3,27
/kaggle/input/datasets/jessicamercya/satria-data-2026/BDC2026-20260708T012259Z-3-001 - Copy/BDC2026/train/1_Electronic/Printer_148.jpg,Electronic,150,150,JPEG,RGB,1.0,False,3bbcd186753aebf8df871e64e8ee4acb,ab03c47ad23a65d6,6,11
/kaggle/input/datasets/jessicamercya/satria-data-2026/BDC2026-20260708T012259Z-3-001 - Copy/BDC2026/train/1_Electronic/Television_145.jpg,Electronic,150,150,JPEG,RGB,1.0,False,d75cefa3e1de475a8bb68324444749f2,a703ba1f9d8b92c4,4,10
/kaggle/input/datasets/jessicamercya/satria-data-2026/BDC2026-20260708T012259Z-3-001 - Copy/BDC2026/train/1_Electronic/Printer_234.jpg,Electronic,150,150,JPEG,RGB,1.0,False,d5de463cd8c5713cfa130ac7b9033989,f9c99436c6b0c13b,6,42
/kaggle/input/datasets/jessicamercya/satria-data-2026/BDC2026-20260708T012259Z-3-001 - Copy/BDC2026/train/1_Electronic/Washing_Machine_197.jpg,Electronic,150,150,JPEG,RGB,1.0,False,2c0f6e4cea76f09748b0f1fe54d8a402,a76e9c8e65614aca,3,8
/kaggle/input/datasets/jessicamercya/satria-data-2026/BDC2026-20260708T012259Z-3-001 - Copy/BDC2026/train/1_Electronic/265.jpeg,Electronic,1152,864,JPEG,RGB,1.3333333333333333,False,16a7c8591d18966dad2296adf5c59806,bfeb45da40d72054,10,2
/kaggle/input/datasets/jessicamercya/satria-data-2026/BDC2026-20260708T012259Z-3-001 - Copy/BDC2026/train/1_Electronic/Player_16.jpg,Electronic,150,150,JPEG,RGB,1.0,False,0a090f94ad9a19c68ec21ee388384eb2,fe6881867a68a997,9,50
/kaggle/input/datasets/jessicamercya/satria-data-2026/BDC2026-20260708T012259Z-3-001 - Copy/BDC2026/train/1_Electronic/Mobile_73.jpg,Electronic,150,150,JPEG,RGB,1.0,False,7e43da235215b91132d7c9a42c3829b6,f84b81b5244fc0bf,1,9
/kaggle/input/datasets/jessicamercya/satria-data-2026/BDC2026-20260708T012259Z-3-001 - Copy/BDC2026/train/1_Electronic/Mouse_155.jpg,Electronic,150,150,JPEG,RGB,1.0,False,99e074fbd9020266f136629477c99f16,bf6ad09505ca3f24,5,3
/kaggle/input/datasets/jessicamercya/satria-data-2026/BDC2026-20260708T012259Z-3-001 - Copy/BDC2026/train/1_Electronic/Mouse_127.jpg,Electronic,150,150,JPEG,RGB,1.0,False,f972c2b173226e195dad3eb892030321,fa2394c2589f6b31,5,26
/kaggle/input/datasets/jessicamercya/satria-data-2026/BDC2026-20260708T012259Z-3-001 - Copy/BDC2026/train/1_Electronic/Mouse_145.jpg,Electronic,150,150,JPEG,RGB,1.0,False,bdc78f791f817214ea23fe4da658f3be,ba6ac0b7acc936c4,5,3
/kaggle/input/datasets/jessicamercya/satria-data-2026/BDC2026-20260708T012259Z-3-001 - Copy/BDC2026/train/1_Electronic/Keyboard_236.jpg,Electronic,150,150,JPEG,RGB,1.0,False,5db88be9dd72cc6bb895bd87112b24ca,eadcb4cdd0a5d025,2,5
/kaggle/input/datasets/jessicamercya/satria-data-2026/BDC2026-20260708T012259Z-3-001 - Copy/BDC2026/train/1_Electronic/Player_131.jpg,Electronic,150,150,JPEG,RGB,1.0,False,459b16e50e1825c77ffc5e6cbfe0ef21,8a767859b8762ae1,9,17
/kaggle/input/datasets/jessicamercya/satria-data-2026/BDC2026-20260708T012259Z-3-001 - Copy/BDC2026/train/1_Electronic/Television_114.jpg,Electronic,150,150,JPEG,RGB,1.0,False,22d1a1d5a2066900a42df6f71712b0c1,fc4585a89c373a66,11,41
/kaggle/input/datasets/jessicamercya/satria-data-2026/BDC2026-20260708T012259Z-3-001 - Copy/BDC2026/train/1_Electronic/Washing_Machine_45.jpg,Electronic,150,150,JPEG,RGB,1.0,False,b3ef359f8851e7cf8a4683aefb2647f4,8fb25887e8ce8d62,2,40
/kaggle/input/datasets/jessicamercya/satria-data-2026/BDC2026-20260708T012259Z-3-001 - Copy/BDC2026/train/1_Electronic/Mobile_106.jpg,Electronic,150,150,JPEG,RGB,1.0,False,02641a73b175d4755450936a711f64bc,be68c116dacb16d2,1,9
/kaggle/input/datasets/jessicamercya/satria-data-2026/BDC2026-20260708T012259Z-3-001 - Copy/BDC2026/train/1_Electronic/250.jpeg,Electronic,1152,864,JPEG,RGB,1.3333333333333333,False,ad19bda602415e45141f319f580d643c,9a7a42d56de060be,10,2
/kaggle/input/datasets/jessicamercya/satria-data-2026/BDC2026-20260708T012259Z-3-001 - Copy/BDC2026/train/1_Electronic/Washing_Machine_243.jpg,Electronic,150,150,JPEG,RGB,1.0,False,42f814323a7bf6f28287443c013e83b5,be6ee09ce4929169,3,27
/kaggle/input/datasets/jessicamercya/satria-data-2026/BDC2026-20260708T012259Z-3-001 - Copy/BDC2026/train/1_Electronic/Mouse_35.jpg,Electronic,150,150,JPEG,RGB,1.0,False,00efe819c24726b19e3e2b48a1050bbb,b25cc7594c32d966,5,3
/kaggle/input/datasets/jessicamercya/satria-data-2026/BDC2026-20260708T012259Z-3-001 - Copy/BDC2026/train/1_Electronic/474.jpg,Electronic,2340,4160,JPEG,RGB,0.5625,False,da50689d7a870121e5242189a5c233e0,b66ac81597c341de,1,4
/kaggle/input/datasets/jessicamercya/satria-data-2026/BDC2026-20260708T012259Z-3-001 - Copy/BDC2026/train/1_Electronic/battery_80.jpg,Electronic,150,150,JPEG,RGB,1.0,False,83db6d7abcd339ad86944198fdea6381,b09acf658e31ce61,12,37
/kaggle/input/datasets/jessicamercya/satria-data-2026/BDC2026-20260708T012259Z-3-001 - Copy/BDC2026/train/1_Electronic/251.jpeg,Electronic,1152,864,JPEG,RGB,1.3333333333333333,False,3109750a6b4252b4d23a3779f39730dc,bc674f5a322b3129,10,2
/kaggle/input/datasets/jessicamercya/satria-data-2026/BDC2026-20260708T012259Z-3-001 - Copy/BDC2026/train/1_Electronic/pcb_266.jpg,Electronic,150,150,JPEG,RGB,1.0,False,31540a4f26c2d569f24b0473fbcac7b2,ba43fe7c8780e330,7,18
/kaggle/input/datasets/jessicamercya/satria-data-2026/BDC2026-20260708T012259Z-3-001 - Copy/BDC2026/train/1_Electronic/Printer_57.jpg,Electronic,150,150,JPEG,RGB,1.0,False,c8831fc41a147a1f6d6a86563c462e2f,d16a2d35f67aa141,6,6
/kaggle/input/datasets/jessicamercya/satria-data-2026/BDC2026-20260708T012259Z-3-001 - Copy/BDC2026/train/1_Electronic/Player_5.jpg,Electronic,150,150,JPEG,RGB,1.0,False,bd8e1b95c23ed9aef10079a2953a0499,ebb1e117c42e8c6c,9,21
/kaggle/input/datasets/jessicamercya/satria-data-2026/BDC2026-20260708T012259Z-3-001 - Copy/BDC2026/train/1_Electronic/Washing_Machine_201.jpg,Electronic,150,150,JPEG,RGB,1.0,False,2bf056d711e9300268918b2529516c83,e56664c664966c9b,3,35
/kaggle/input/datasets/jessicamercya/satria-data-2026/BDC2026-20260708T012259Z-3-001 - Copy/BDC2026/train/1_Electronic/58.italy2_0254.jpg,Electronic,3840,2560,JPEG,RGB,1.5,False,27bb208a784e886ba8e7e07f88cc7536,c52ddc15db2196ac,0,22
/kaggle/input/datasets/jessicamercya/satria-data-2026/BDC2026-20260708T012259Z-3-001 - Copy/BDC2026/train/1_Electronic/Microwave_66.jpg,Electronic,150,150,JPEG,RGB,1.0,False,10277b124f53295c871270851048c263,be5ac1a5365a5a85,8,1
/kaggle/input/datasets/jessicamercya/satria-data-2026/BDC2026-20260708T012259Z-3-001 - Copy/BDC2026/train/1_Electronic/Mouse_161.jpg,Electronic,150,150,JPEG,RGB,1.0,False,ebddd919cdd47c8940aadd399df5eef6,a7985b6649d98876,5,3
/kaggle/input/datasets/jessicamercya/satria-data-2026/BDC2026-20260708T012259Z-3-001 - Copy/BDC2026/train/1_Electronic/pcb_75.jpg,Electronic,150,150,JPEG,RGB,1.0,False,7423f62cab6a372ecbcd9c064b272434,eb9495ca5e0f2790,7,7
/kaggle/input/datasets/jessicamercya/satria-data-2026/BDC2026-20260708T012259Z-3-001 - Copy/BDC2026/train/1_Electronic/Printer_122.jpg,Electronic,150,150,JPEG,RGB,1.0,False,c256f1ad49d55d49ce2e34ea0e2e3942,fa7981805edee161,6,11
/kaggle/input/datasets/jessicamercya/satria-data-2026/BDC2026-20260708T012259Z-3-001 - Copy/BDC2026/train/1_Electronic/Mouse_221.jpg,Electronic,150,150,JPEG,RGB,1.0,False,961429dcfc16a5105cc96c7387d2ee94,e93696c96836b5c2,5,26
/kaggle/input/datasets/jessicamercya/satria-data-2026/BDC2026-20260708T012259Z-3-001 - Copy/BDC2026/train/1_Electronic/Microwave_282.jpg,Electronic,150,150,JPEG,RGB,1.0,False,7f2cd5c96ad2da3ab1ca68aa640e3895,fa3ec1c93794c0b4,2,32
/kaggle/input/datasets/jessicamercya/satria-data-2026/BDC2026-20260708T012259Z-3-001 - Copy/BDC2026/train/1_Electronic/Washing_Machine_69.jpg,Electronic,150,150,JPEG,RGB,1.0,False,0958866c1137f84a6b5e04daab60c0bf,b06c9f63c9d14ec1,3,28
/kaggle/input/datasets/jessicamercya/satria-data-2026/BDC2026-20260708T012259Z-3-001 - Copy/BDC2026/train/1_Electronic/Washing_Machine_260.jpg,Electronic,150,150,JPEG,RGB,1.0,False,8402f0c49b05241d37342131983bee34,b4c792929b98cb9c,3,35
/kaggle/input/datasets/jessicamercya/satria-data-2026/BDC2026-20260708T012259Z-3-001 - Copy/BDC2026/train/1_Electronic/pcb_33.jpg,Electronic,150,150,JPEG,RGB,1.0,False,80c530f288f728dcf927e21f02f8eca5,a4c7c9389b66c636,7,23
/kaggle/input/datasets/jessicamercya/satria-data-2026/BDC2026-20260708T012259Z-3-001 - Copy/BDC2026/train/1_Electronic/pcb_184.jpg,Electronic,150,150,JPEG,RGB,1.0,False,2cb26e889e01d4333ca3c5730f0e3224,aac495c8f137c369,7,23
/kaggle/input/datasets/jessicamercya/satria-data-2026/BDC2026-20260708T012259Z-3-001 - Copy/BDC2026/train/1_Electronic/original.jpg,Electronic,720,405,JPEG,RGB,1.7777777777777777,False,743e02e682d78f16db327e3a4c645339,95ca6361e7253746,0,34
/kaggle/input/datasets/jessicamercya/satria-data-2026/BDC2026-20260708T012259Z-3-001 - Copy/BDC2026/train/1_Electronic/166.jpeg,Electronic,720,1280,JPEG,RGB,0.5625,False,558f8ebd7b2d01589993d73f6f0ce1db,aad5d46bbf420235,10,2
/kaggle/input/datasets/jessicamercya/satria-data-2026/BDC2026-20260708T012259Z-3-001 - Copy/BDC2026/train/1_Electronic/902.jpeg,Electronic,1280,721,JPEG,RGB,1.7753120665742026,False,900fd19761112fa206a94795238efe10,adfc86d193c4d681,11,44
/kaggle/input/datasets/jessicamercya/satria-data-2026/BDC2026-20260708T012259Z-3-001 - Copy/BDC2026/train/1_Electronic/battery_26.jpg,Electronic,150,150,JPEG,RGB,1.0,False,bc4794d09c3f4c6ed817440e83d2e9cb,e3989e6fc9326898,13,19
/kaggle/input/datasets/jessicamercya/satria-data-2026/BDC2026-20260708T012259Z-3-001 - Copy/BDC2026/train/1_Electronic/Copy of IMG_20200328_215110.jpg,Electronic,4000,3000,JPEG,RGB,1.3333333333333333,False,fed063b41f93b2a853bcff2f0d2b7b32,af70e790e5c2334a,1,4
/kaggle/input/datasets/jessicamercya/satria-data-2026/BDC2026-20260708T012259Z-3-001 - Copy/BDC2026/train/1_Electronic/Keyboard_10.jpg,Electronic,150,150,JPEG,RGB,1.0,False,06d4c98fb7364ff912fb21a73b811dea,eb909443f9b40779,2,5
/kaggle/input/datasets/jessicamercya/satria-data-2026/BDC2026-20260708T012259Z-3-001 - Copy/BDC2026/train/1_Electronic/Keyboard_237.jpg,Electronic,150,150,JPEG,RGB,1.0,False,43a86974fdbb76f35aa322a1530c7e09,d5df4b7e3081ca0a,2,40
/kaggle/input/datasets/jessicamercya/satria-data-2026/BDC2026-20260708T012259Z-3-001 - Copy/BDC2026/train/1_Electronic/battery_293.jpg,Electronic,150,150,JPEG,RGB,1.0,False,fbe7414cac71b5964333aba25e991b5f,e8b59f43a94c9662,14,24
/kaggle/input/datasets/jessicamercya/satria-data-2026/BDC2026-20260708T012259Z-3-001 - Copy/BDC2026/train/1_Electronic/630(1).jpeg,Electronic,1152,864,JPEG,RGB,1.3333333333333333,False,f9b96db1123f36fe7b28347fb73524d0,aadf95cbc090eb84,11,41
/kaggle/input/datasets/jessicamercya/satria-data-2026/BDC2026-20260708T012259Z-3-001 - Copy/BDC2026/train/1_Electronic/252.jpeg,Electronic,1152,864,JPEG,RGB,1.3333333333333333,False,68287b5f6a5b85e3ad648ee0a9f37df2,80c0dbd95e346acf,10,2
/kaggle/input/datasets/jessicamercya/satria-data-2026/BDC2026-20260708T012259Z-3-001 - Copy/BDC2026/train/1_Electronic/Washing_Machine_111.jpg,Electronic,150,150,JPEG,RGB,1.0,False,94e30c7c4b712cf23d618b0937cc3194,badac5daa49ad098,3,27
/kaggle/input/datasets/jessicamercya/satria-data-2026/BDC2026-20260708T012259Z-3-001 - Copy/BDC2026/train/1_Electronic/13.image-23.png,Electronic,500,332,PNG,RGB,1.5060240963855422,False,cf6f543aeaab606271e7d9d06afa4e48,fbacbabe01e1e005,0,14
/kaggle/input/datasets/jessicamercya/satria-data-2026/BDC2026-20260708T012259Z-3-001 - Copy/BDC2026/train/1_Electronic/Washing_Machine_54.jpg,Electronic,150,150,JPEG,RGB,1.0,False,a40e4286fc80efdbe4146ebf89b97c51,b4323282cbcdcbcd,3,28
/kaggle/input/datasets/jessicamercya/satria-data-2026/BDC2026-20260708T012259Z-3-001 - Copy/BDC2026/train/1_Electronic/Player_10.jpg,Electronic,150,150,JPEG,RGB,1.0,False,fc90c32238732703783dedd5d3a053f7,bfc3d03ccb304cc9,9,48
/kaggle/input/datasets/jessicamercya/satria-data-2026/BDC2026-20260708T012259Z-3-001 - Copy/BDC2026/train/1_Electronic/Keyboard_113.jpg,Electronic,150,150,JPEG,RGB,1.0,False,8578e48d15849e572d2012972db8120f,bfa5ad16c84ad24a,2,32
/kaggle/input/datasets/jessicamercya/satria-data-2026/BDC2026-20260708T012259Z-3-001 - Copy/BDC2026/train/1_Electronic/Mobile_111.jpg,Electronic,150,150,JPEG,RGB,1.0,False,aa50bcacebc4211400924c52adab5461,aff5d0c2cf30304e,1,9
/kaggle/input/datasets/jessicamercya/satria-data-2026/BDC2026-20260708T012259Z-3-001 - Copy/BDC2026/train/1_Electronic/Washing_Machine_0.jpg,Electronic,150,150,JPEG,RGB,1.0,False,157f67b74a08d5867adcfb3bc13f7389,e4e6ce9999189633,3,8
/kaggle/input/datasets/jessicamercya/satria-data-2026/BDC2026-20260708T012259Z-3-001 - Copy/BDC2026/train/1_Electronic/16.s-l1200.jpg,Electronic,900,1200,JPEG,RGB,0.75,False,35825a1505e9b3059b441a75a34d8627,e97b90c58c4fca43,10,2
/kaggle/input/datasets/jessicamercya/satria-data-2026/BDC2026-20260708T012259Z-3-001 - Copy/BDC2026/train/1_Electronic/Television_5.jpg,Electronic,150,150,JPEG,RGB,1.0,False,2c691551e738ba390f2abad74efc65e7,c03f3fc1723e36c0,4,12
/kaggle/input/datasets/jessicamercya/satria-data-2026/BDC2026-20260708T012259Z-3-001 - Copy/BDC2026/train/1_Electronic/Microwave_200.jpg,Electronic,150,150,JPEG,RGB,1.0,False,36bf67f1ee3eadee1b56ad6814b6d7d3,be68c09697c92a7a,8,1
/kaggle/input/datasets/jessicamercya/satria-data-2026/BDC2026-20260708T012259Z-3-001 - Copy/BDC2026/train/1_Electronic/626.jpeg,Electronic,1152,864,JPEG,RGB,1.3333333333333333,False,f8afc9514b791efd5b28475aab1a8738,e819d7f886018eb7,11,41
/kaggle/input/datasets/jessicamercya/satria-data-2026/BDC2026-20260708T012259Z-3-001 - Copy/BDC2026/train/1_Electronic/Mouse_36.jpg,Electronic,150,150,JPEG,RGB,1.0,False,96896071a9e0934339684f07684b1573,a5e1cc168eed93c8,5,26
/kaggle/input/datasets/jessicamercya/satria-data-2026/BDC2026-20260708T012259Z-3-001 - Copy/BDC2026/train/1_Electronic/Keyboard_245.jpg,Electronic,150,150,JPEG,RGB,1.0,False,6bea2b801bb12eed84d7fa6d021d81c9,fe5781a87a538a0e,2,5
/kaggle/input/datasets/jessicamercya/satria-data-2026/BDC2026-20260708T012259Z-3-001 - Copy/BDC2026/train/1_Electronic/battery_38.jpg,Electronic,150,150,JPEG,RGB,1.0,False,09a804fc6ac92bed9834c63ad087372e,e2d89437b1c44dd9,14,24
/kaggle/input/datasets/jessicamercya/satria-data-2026/BDC2026-20260708T012259Z-3-001 - Copy/BDC2026/train/1_Electronic/Player_206.jpg,Electronic,150,150,JPEG,RGB,1.0,False,72093b26203beda91621bac3b80b6110,fbccc0b5078d9998,9,17
/kaggle/input/datasets/jessicamercya/satria-data-2026/BDC2026-20260708T012259Z-3-001 - Copy/BDC2026/train/1_Electronic/152.jpeg,Electronic,1280,720,JPEG,RGB,1.7777777777777777,False,8734c35cbcccd31b58dc5b9cb9a52d8a,bfd4d2cbc06bc029,10,2
/kaggle/input/datasets/jessicamercya/satria-data-2026/BDC2026-20260708T012259Z-3-001 - Copy/BDC2026/train/1_Electronic/Mobile_129.jpg,Electronic,150,150,JPEG,RGB,1.0,False,f84e658852715e534f0a8f6536507439,fa38858787857a78,2,25
/kaggle/input/datasets/jessicamercya/satria-data-2026/BDC2026-20260708T012259Z-3-001 - Copy/BDC2026/train/1_Electronic/Printer_46.jpg,Electronic,150,150,JPEG,RGB,1.0,False,e59e2b5d027eeaa2bf30bdf67cac83bf,aa60e51fc38597f0,6,11
/kaggle/input/datasets/jessicamercya/satria-data-2026/BDC2026-20260708T012259Z-3-001 - Copy/BDC2026/train/1_Electronic/21.notebook-screen-replacements-port-macquarie-101-1024x485.jpg,Electronic,1024,485,JPEG,RGB,2.111340206185567,False,69e117547d6802f4bcf6da9bb7b4c23b,b4b4e88b0edbcd88,0,58
/kaggle/input/datasets/jessicamercya/satria-data-2026/BDC2026-20260708T012259Z-3-001 - Copy/BDC2026/train/1_Electronic/40.depositphotos_207919862-stock-photo-pile-used-electronic-housewares-waste.jpg,Electronic,600,400,WEBP,RGB,1.5,False,d7a1a8d16b08cec6031db696b9d5942e,a986f9d51a1d67a0,0,0
/kaggle/input/datasets/jessicamercya/satria-data-2026/BDC2026-20260708T012259Z-3-001 - Copy/BDC2026/train/1_Electronic/Mobile_153.jpg,Electronic,150,150,JPEG,RGB,1.0,False,84a932efbb673997709cea7113a76649,b6fec90364cd12d8,1,9
/kaggle/input/datasets/jessicamercya/satria-data-2026/BDC2026-20260708T012259Z-3-001 - Copy/BDC2026/train/1_Electronic/Player_289.jpg,Electronic,150,150,JPEG,RGB,1.0,False,f1e05cd4244fb2374f1ce986d4dc2686,be2dc1cacb869692,9,17
/kaggle/input/datasets/jessicamercya/satria-data-2026/BDC2026-20260708T012259Z-3-001 - Copy/BDC2026/train/1_Electronic/70.35520267.jpg,Electronic,450,319,JPEG,RGB,1.4106583072100314,False,29f6d187d87c659c3d4df43b42b926e1,d911e606c36f905f,0,0
/kaggle/input/datasets/jessicamercya/satria-data-2026/BDC2026-20260708T012259Z-3-001 - Copy/BDC2026/train/1_Electronic/Printer_139.jpg,Electronic,150,150,JPEG,RGB,1.0,False,b4a248e4a01a02fe41eb5ba4e017daf1,eeb629cad0116676,6,6
/kaggle/input/datasets/jessicamercya/satria-data-2026/BDC2026-20260708T012259Z-3-001 - Copy/BDC2026/train/1_Electronic/Keyboard_256.jpg,Electronic,150,150,JPEG,RGB,1.0,False,1d564442f9d871b36ccaf45a39da88c9,bf3ed0402b93743c,2,5
/kaggle/input/datasets/jessicamercya/satria-data-2026/BDC2026-20260708T012259Z-3-001 - Copy/BDC2026/train/1_Electronic/70.tpa-adalah-tempat-pemrosesan-akhir-bukan-tempat-pembuangan-akhir-39.jpg,Electronic,600,343,JPEG,RGB,1.749271137026239,False,cbbdbb0ffff240d1f107bd160f3e34df,c9c2e8a6f8a5731c,0,22
/kaggle/input/datasets/jessicamercya/satria-data-2026/BDC2026-20260708T012259Z-3-001 - Copy/BDC2026/train/1_Electronic/yui.jpeg,Electronic,1200,675,PNG,RGB,1.7777777777777777,False,f37ae8654bde2029b45b6a1448cf839a,8b7bd2c70f781a84,0,0
/kaggle/input/datasets/jessicamercya/satria-data-2026/BDC2026-20260708T012259Z-3-001 - Copy/BDC2026/train/1_Electronic/462.jpeg,Electronic,780,1040,JPEG,RGB,0.75,False,9da0f04170b7bdab40d61d4465d8d7f8,a087cf782d311f39,1,4
/kaggle/input/datasets/jessicamercya/satria-data-2026/BDC2026-20260708T012259Z-3-001 - Copy/BDC2026/train/1_Electronic/Mobile_59.jpg,Electronic,150,150,JPEG,RGB,1.0,False,a4beed568e34d0036b5a3952a95b8c13,f074d64bc9cb68c4,1,9
/kaggle/input/datasets/jessicamercya/satria-data-2026/BDC2026-20260708T012259Z-3-001 - Copy/BDC2026/train/1_Electronic/Television_236.jpg,Electronic,150,150,JPEG,RGB,1.0,False,54ef6a2205047c878130f48ab6a9e80d,ba6e8431913ec4cf,4,10
/kaggle/input/datasets/jessicamercya/satria-data-2026/BDC2026-20260708T012259Z-3-001 - Copy/BDC2026/train/1_Electronic/10.used-computer-cpu-processor-scrap-2224708040-dnyh4xtj.jpg,Electronic,504,498,JPEG,RGB,1.0120481927710843,False,a17a96ee05d8b68c9d53c5233b49da05,e1d8e2d0a738171f,0,30
/kaggle/input/datasets/jessicamercya/satria-data-2026/BDC2026-20260708T012259Z-3-001 - Copy/BDC2026/train/1_Electronic/Microwave_86.jpg,Electronic,150,150,JPEG,RGB,1.0,False,20298be3970adbe5a0d1215807da2815,df31c82be4987bc0,7,7
/kaggle/input/datasets/jessicamercya/satria-data-2026/BDC2026-20260708T012259Z-3-001 - Copy/BDC2026/train/1_Electronic/24.broken-electronics.jpg,Electronic,1280,720,JPEG,RGB,1.7777777777777777,False,7ff2d58b452ce2571e08cbd922bd8c0d,aea858e6770ef244,0,34
/kaggle/input/datasets/jessicamercya/satria-data-2026/BDC2026-20260708T012259Z-3-001 - Copy/BDC2026/train/1_Electronic/Printer_197.jpg,Electronic,150,150,JPEG,RGB,1.0,False,053c8e012592c53b1b9d1319b05b8531,dfc0c04cebb276c8,6,11
/kaggle/input/datasets/jessicamercya/satria-data-2026/BDC2026-20260708T012259Z-3-001 - Copy/BDC2026/train/1_Electronic/Mobile_223.jpg,Electronic,150,150,JPEG,RGB,1.0,False,dcb7c3482c8276888848acad2eb794ec,f4c3cb34cf7c5030,1,16
/kaggle/input/datasets/jessicamercya/satria-data-2026/BDC2026-20260708T012259Z-3-001 - Copy/BDC2026/train/1_Electronic/Washing_Machine_11.jpg,Electronic,150,150,JPEG,RGB,1.0,False,f2938ae3f718075b80483c65069a22d2,b5fa18c761926e29,3,28
/kaggle/input/datasets/jessicamercya/satria-data-2026/BDC2026-20260708T012259Z-3-001 - Copy/BDC2026/train/1_Electronic/Microwave_187.jpg,Electronic,150,150,JPEG,RGB,1.0,False,38c56b77483ad87e79331ad13cae6eaa,a91192c6ec78fcc9,8,20
/kaggle/input/datasets/jessicamercya/satria-data-2026/BDC2026-20260708T012259Z-3-001 - Copy/BDC2026/train/1_Electronic/238.jpeg,Electronic,1280,640,JPEG,RGB,2.0,False,cae3c482b44ec404cc3bbda1e007a03d,f034ddd5703aca83,10,2
/kaggle/input/datasets/jessicamercya/satria-data-2026/BDC2026-20260708T012259Z-3-001 - Copy/BDC2026/train/1_Electronic/Keyboard_6.jpg,Electronic,150,150,JPEG,RGB,1.0,False,3f98f239667896474d042fe72e87593c,f6d6dc59d838c830,2,32
/kaggle/input/datasets/jessicamercya/satria-data-2026/BDC2026-20260708T012259Z-3-001 - Copy/BDC2026/train/1_Electronic/Mobile_52.jpg,Electronic,150,150,JPEG,RGB,1.0,False,4688468649ff1733147712a84c944e82,b43c99c3c399cac9,1,9
/kaggle/input/datasets/jessicamercya/satria-data-2026/BDC2026-20260708T012259Z-3-001 - Copy/BDC2026/train/1_Electronic/Copy of IMG_20200328_222058.jpg,Electronic,8000,6000,JPEG,RGB,1.3333333333333333,False,5bc8b8a7af80b1191c685dfa9756033e,bf68c00797cf0a95,1,4
/kaggle/input/datasets/jessicamercya/satria-data-2026/BDC2026-20260708T012259Z-3-001 - Copy/BDC2026/train/1_Electronic/24.laptop_repair_6.jpg,Electronic,1200,627,JPEG,RGB,1.9138755980861244,False,2cd2956cd5bdb87e69d4c0f22a9ed9fe,ff67f77ec0000c12,10,56
/kaggle/input/datasets/jessicamercya/satria-data-2026/BDC2026-20260708T012259Z-3-001 - Copy/BDC2026/train/1_Electronic/battery_299.jpg,Electronic,150,150,JPEG,RGB,1.0,False,5bc2cb5f0a43bead22f02f6fef9919ef,bec2d837a4b1274c,14,24
/kaggle/input/datasets/jessicamercya/satria-data-2026/BDC2026-20260708T012259Z-3-001 - Copy/BDC2026/train/1_Electronic/12.vttz1ouj1z531.jpg,Electronic,3024,4032,JPEG,RGB,0.75,False,3f80c21d0ccaac6f117d5536c5b2eff8,da91812ffc24ee34,10,2
/kaggle/input/datasets/jessicamercya/satria-data-2026/BDC2026-20260708T012259Z-3-001 - Copy/BDC2026/train/1_Electronic/Printer_53.jpg,Electronic,150,150,JPEG,RGB,1.0,False,f179b5d6c1536dde612b8b6456d02c4a,c13a3de4648b334f,6,6
/kaggle/input/datasets/jessicamercya/satria-data-2026/BDC2026-20260708T012259Z-3-001 - Copy/BDC2026/train/1_Electronic/Player_265.jpg,Electronic,150,150,JPEG,RGB,1.0,False,3309a2ca3cbab930c705fd354ee9ff1a,ead0a10f853f9e64,9,21
/kaggle/input/datasets/jessicamercya/satria-data-2026/BDC2026-20260708T012259Z-3-001 - Copy/BDC2026/train/1_Electronic/Keyboard_27.jpg,Electronic,150,150,JPEG,RGB,1.0,False,ef25806ca8e191e41b4b5d81870da933,c58f341f31942cb7,2,13
/kaggle/input/datasets/jessicamercya/satria-data-2026/BDC2026-20260708T012259Z-3-001 - Copy/BDC2026/train/1_Electronic/unnamed.jpg,Electronic,512,484,JPEG,RGB,1.0578512396694215,False,dce6885959c272fc2d6eb3dd6f2595b2,ded2603627e9c989,7,7
/kaggle/input/datasets/jessicamercya/satria-data-2026/BDC2026-20260708T012259Z-3-001 - Copy/BDC2026/train/1_Electronic/Television_84.jpg,Electronic,150,150,JPEG,RGB,1.0,False,fc7417d8f2bbce211f1353ff4c72583c,fe3b817891ac98c6,4,10
/kaggle/input/datasets/jessicamercya/satria-data-2026/BDC2026-20260708T012259Z-3-001 - Copy/BDC2026/train/1_Electronic/Player_264.jpg,Electronic,150,150,JPEG,RGB,1.0,False,85401168405d77b873ddbf8fc3c141e6,fab580623f4a719a,2,32
/kaggle/input/datasets/jessicamercya/satria-data-2026/BDC2026-20260708T012259Z-3-001 - Copy/BDC2026/train/1_Electronic/Microwave_287.jpg,Electronic,150,150,JPEG,RGB,1.0,False,8679614eafe5ce80ee572ec8dc86de75,be99c07293680fa7,8,1
/kaggle/input/datasets/jessicamercya/satria-data-2026/BDC2026-20260708T012259Z-3-001 - Copy/BDC2026/train/1_Electronic/Player_193.jpg,Electronic,150,150,JPEG,RGB,1.0,False,cb8fc8c5f828baede83c514b7360fde5,eacdc1f610763e06,9,17
/kaggle/input/datasets/jessicamercya/satria-data-2026/BDC2026-20260708T012259Z-3-001 - Copy/BDC2026/train/1_Electronic/Television_74.jpg,Electronic,150,150,JPEG,RGB,1.0,False,80bd790c92518549fb31897d7220cf94,eb999c06e7c0c4f1,4,12
/kaggle/input/datasets/jessicamercya/satria-data-2026/BDC2026-20260708T012259Z-3-001 - Copy/BDC2026/train/1_Electronic/Copy of IMG_20200328_140053.jpg,Electronic,3456,4608,JPEG,RGB,0.75,False,fcd154d0af6e4a1aa2632ee435bf7590,8fb4618b30adc736,1,55
/kaggle/input/datasets/jessicamercya/satria-data-2026/BDC2026-20260708T012259Z-3-001 - Copy/BDC2026/train/1_Electronic/Printer_190.jpg,Electronic,150,150,JPEG,RGB,1.0,False,0ac7f67b7d927d845d1c44b61f0351c6,f0cf9638cb34c91a,6,11
/kaggle/input/datasets/jessicamercya/satria-data-2026/BDC2026-20260708T012259Z-3-001 - Copy/BDC2026/train/1_Electronic/Mobile_142.jpg,Electronic,150,150,JPEG,RGB,1.0,False,a286f7e807e96ae9f4829181387bf0c4,c0bec067c2d837d5,1,9
/kaggle/input/datasets/jessicamercya/satria-data-2026/BDC2026-20260708T012259Z-3-001 - Copy/BDC2026/train/1_Electronic/pcb_151.jpg,Electronic,150,150,JPEG,RGB,1.0,False,51c9b61dfeaf948cc719978765eea9bc,aab1d52dd4ed9034,7,18
/kaggle/input/datasets/jessicamercya/satria-data-2026/BDC2026-20260708T012259Z-3-001 - Copy/BDC2026/train/1_Electronic/IMG_20200329_201051.jpg,Electronic,4000,3000,JPEG,RGB,1.3333333333333333,False,a4ac47672808ff46768725a9b304051a,b58dc2bb8b651c64,5,29
/kaggle/input/datasets/jessicamercya/satria-data-2026/BDC2026-20260708T012259Z-3-001 - Copy/BDC2026/train/1_Electronic/16.jpeg,Electronic,581,1032,JPEG,RGB,0.562984496124031,False,688b73723224fd1bb39104496b94773f,ffc08ba7622d1c1c,11,31
/kaggle/input/datasets/jessicamercya/satria-data-2026/BDC2026-20260708T012259Z-3-001 - Copy/BDC2026/train/1_Electronic/153.jpg,Electronic,4160,2340,JPEG,RGB,1.7777777777777777,False,43a34e78051125016a82d47bbccb37b6,ad3cd402431f0fcf,10,56
/kaggle/input/datasets/jessicamercya/satria-data-2026/BDC2026-20260708T012259Z-3-001 - Copy/BDC2026/train/1_Electronic/Mouse_181.jpg,Electronic,150,150,JPEG,RGB,1.0,False,987585ee8406913b07991260ed2ab32a,bd9ec268cc659227,5,26
/kaggle/input/datasets/jessicamercya/satria-data-2026/BDC2026-20260708T012259Z-3-001 - Copy/BDC2026/train/1_Electronic/Microwave_277.jpg,Electronic,150,150,JPEG,RGB,1.0,False,4ac45092029da9b5434919a2ddfbaf2d,bfaa94c4cc5cc835,8,1
/kaggle/input/datasets/jessicamercya/satria-data-2026/BDC2026-20260708T012259Z-3-001 - Copy/BDC2026/train/1_Electronic/Television_120.jpg,Electronic,150,150,JPEG,RGB,1.0,False,56ee8ba42a3846a35657ba74c0faba90,ffc19cbe80ea9023,11,41
/kaggle/input/datasets/jessicamercya/satria-data-2026/BDC2026-20260708T012259Z-3-001 - Copy/BDC2026/train/1_Electronic/Mobile_47.jpg,Electronic,150,150,JPEG,RGB,1.0,False,6026b0725d09e675b89bb3fced09edc1,ee8ab16e93834e94,1,9
/kaggle/input/datasets/jessicamercya/satria-data-2026/BDC2026-20260708T012259Z-3-001 - Copy/BDC2026/train/1_Electronic/Keyboard_26.jpg,Electronic,150,150,JPEG,RGB,1.0,False,5f6944fc9c696a4ceea5a5f621efb7ab,e992c7253a69389d,2,5
/kaggle/input/datasets/jessicamercya/satria-data-2026/BDC2026-20260708T012259Z-3-001 - Copy/BDC2026/train/1_Electronic/25.electronic-waste.jpg,Electronic,1920,1080,JPEG,RGB,1.7777777777777777,False,659346a8fb0eaaec4859294c97973e22,acfd078b7086ad54,0,22
/kaggle/input/datasets/jessicamercya/satria-data-2026/BDC2026-20260708T012259Z-3-001 - Copy/BDC2026/train/1_Electronic/Printer_246.jpg,Electronic,150,150,JPEG,RGB,1.0,False,721194ad458ae638ce44c77062353345,ebd0e52a809ace6d,6,53
/kaggle/input/datasets/jessicamercya/satria-data-2026/BDC2026-20260708T012259Z-3-001 - Copy/BDC2026/train/1_Electronic/469.jpeg,Electronic,832,1280,JPEG,RGB,0.65,False,13bdab3d2b11b6d91eaa1d1772e591ce,f50292ff8660cb78,1,4
/kaggle/input/datasets/jessicamercya/satria-data-2026/BDC2026-20260708T012259Z-3-001 - Copy/BDC2026/train/1_Electronic/476.jpg,Electronic,4160,2340,JPEG,RGB,1.7777777777777777,False,2215377265a81ffe2973696d211437d2,8e6ec98111d7953d,1,4
/kaggle/input/datasets/jessicamercya/satria-data-2026/BDC2026-20260708T012259Z-3-001 - Copy/BDC2026/train/1_Electronic/Mouse_244.jpg,Electronic,150,150,JPEG,RGB,1.0,False,35921dc865a97cf8fb998b251a508693,bfc0c03fc3c835c3,5,3
/kaggle/input/datasets/jessicamercya/satria-data-2026/BDC2026-20260708T012259Z-3-001 - Copy/BDC2026/train/1_Electronic/Mobile_214.jpg,Electronic,150,150,JPEG,RGB,1.0,False,cefd0c5dd069b4bf8c22c7250f2aaf1d,a56c8db11ec6903f,1,16
/kaggle/input/datasets/jessicamercya/satria-data-2026/BDC2026-20260708T012259Z-3-001 - Copy/BDC2026/train/1_Electronic/Printer_210.jpg,Electronic,150,150,JPEG,RGB,1.0,False,699679be1498026924bf70a8dce56b2b,c3d03a2dcd387666,6,11
/kaggle/input/datasets/jessicamercya/satria-data-2026/BDC2026-20260708T012259Z-3-001 - Copy/BDC2026/train/1_Electronic/10.retro-computer-grungy.jpg,Electronic,1200,675,JPEG,RGB,1.7777777777777777,False,8dc1e09e06a3ed2e4718742f1b1ef04c,ea94939b9dba1249,0,39
/kaggle/input/datasets/jessicamercya/satria-data-2026/BDC2026-20260708T012259Z-3-001 - Copy/BDC2026/train/1_Electronic/Washing_Machine_140.jpg,Electronic,150,150,JPEG,RGB,1.0,False,cb0591a77e11790850eb604e8940e304,b72589cec6dfc081,3,28
/kaggle/input/datasets/jessicamercya/satria-data-2026/BDC2026-20260708T012259Z-3-001 - Copy/BDC2026/train/1_Electronic/Television_103.jpg,Electronic,150,150,JPEG,RGB,1.0,False,4104c8a7e3c5e91d9dca0ebe7744475d,ab9390357e687cc2,11,41
/kaggle/input/datasets/jessicamercya/satria-data-2026/BDC2026-20260708T012259Z-3-001 - Copy/BDC2026/train/1_Electronic/e-waste-889x667.jpg,Electronic,889,667,JPEG,RGB,1.3328335832083957,False,84e9126f4b1ef1a0c256b1b592916857,a159a2e99af5a12e,0,14
/kaggle/input/datasets/jessicamercya/satria-data-2026/BDC2026-20260708T012259Z-3-001 - Copy/BDC2026/train/1_Electronic/311.jpeg,Electronic,1032,581,JPEG,RGB,1.7762478485370052,False,053cd041f8b8536728f3de9fe5c1cc20,a817c68db56295dc,11,44
/kaggle/input/datasets/jessicamercya/satria-data-2026/BDC2026-20260708T012259Z-3-001 - Copy/BDC2026/train/1_Electronic/Washing_Machine_235.jpg,Electronic,150,150,JPEG,RGB,1.0,False,68ed9e44527906bd42558602726ce747,e4ce66cc8c66c68b,3,8
/kaggle/input/datasets/jessicamercya/satria-data-2026/BDC2026-20260708T012259Z-3-001 - Copy/BDC2026/train/1_Electronic/Player_37.jpg,Electronic,150,150,JPEG,RGB,1.0,False,a9ab9f9e82cd926206a220d28b360f1d,ea70a41e9543c72f,9,45
/kaggle/input/datasets/jessicamercya/satria-data-2026/BDC2026-20260708T012259Z-3-001 - Copy/BDC2026/train/1_Electronic/Keyboard_51.jpg,Electronic,150,150,JPEG,RGB,1.0,False,94d0bde01c5be5c0ea81f3984760d598,ae36d1ca720d6572,2,5
/kaggle/input/datasets/jessicamercya/satria-data-2026/BDC2026-20260708T012259Z-3-001 - Copy/BDC2026/train/1_Electronic/Mouse_276.jpg,Electronic,150,150,JPEG,RGB,1.0,False,c7ba6db11147dd9d57ea1b24851408d5,bf6817c033da86d4,2,25
/kaggle/input/datasets/jessicamercya/satria-data-2026/BDC2026-20260708T012259Z-3-001 - Copy/BDC2026/train/1_Electronic/Mouse_193.jpg,Electronic,150,150,JPEG,RGB,1.0,False,95a3fa1c097bc226100e34768e904fbd,e2dc8529de27d027,5,3
/kaggle/input/datasets/jessicamercya/satria-data-2026/BDC2026-20260708T012259Z-3-001 - Copy/BDC2026/train/1_Electronic/pcb_255.jpg,Electronic,150,150,JPEG,RGB,1.0,False,ed8494b4820df792ae23dccf7dc041f0,9fd0e10fe031dc2e,7,23
/kaggle/input/datasets/jessicamercya/satria-data-2026/BDC2026-20260708T012259Z-3-001 - Copy/BDC2026/train/1_Electronic/303.jpeg,Electronic,1152,864,JPEG,RGB,1.3333333333333333,False,90e570045e0f0783cef890ec0ad8d614,ba58142f688f7aa3,10,2
/kaggle/input/datasets/jessicamercya/satria-data-2026/BDC2026-20260708T012259Z-3-001 - Copy/BDC2026/train/1_Electronic/11.pile-electronic-waste-gadgets-use-isolated-white-background-reuse-recycle-concept-144517803.jpg,Electronic,800,534,JPEG,RGB,1.4981273408239701,False,baf27383c7f8c130ed71727f1870a5b8,b0b2906fcccd971c,0,0
/kaggle/input/datasets/jessicamercya/satria-data-2026/BDC2026-20260708T012259Z-3-001 - Copy/BDC2026/train/1_Electronic/40.laptop-disassembled-broken-pieces-ready-spares-recycling-junk-48239320.jpg,Electronic,800,510,JPEG,RGB,1.5686274509803921,False,279867b43b82ba4e9605892b56d148ee,bf94c053893f8e68,0,0
/kaggle/input/datasets/jessicamercya/satria-data-2026/BDC2026-20260708T012259Z-3-001 - Copy/BDC2026/train/1_Electronic/3.used-retro-vintage-radio-antiques-antiquities-flea-market-technology-electronics-electronic-device-1418368.jpg,Electronic,6000,4000,JPEG,RGB,1.5,False,5e50913ac47b2e5812e673451bac4f84,c4f4c639841aba7b,0,22
/kaggle/input/datasets/jessicamercya/satria-data-2026/BDC2026-20260708T012259Z-3-001 - Copy/BDC2026/train/1_Electronic/Washing_Machine_22.jpg,Electronic,150,150,JPEG,RGB,1.0,False,20511160c90633734eb3be117e2cd9a1,e769c9c963619296,3,8
/kaggle/input/datasets/jessicamercya/satria-data-2026/BDC2026-20260708T012259Z-3-001 - Copy/BDC2026/train/1_Electronic/68.hq720.jpg,Electronic,1280,720,JPEG,RGB,1.7777777777777777,False,553c10218ab6fda590a055ab7c721d7e,bac0a5ef124d5b26,0,0
/kaggle/input/datasets/jessicamercya/satria-data-2026/BDC2026-20260708T012259Z-3-001 - Copy/BDC2026/train/1_Electronic/Printer_15.jpg,Electronic,150,150,JPEG,RGB,1.0,False,449a6dad55a5ea748f2811be5ca15405,8caa71ad7e5d9051,6,6
/kaggle/input/datasets/jessicamercya/satria-data-2026/BDC2026-20260708T012259Z-3-001 - Copy/BDC2026/train/1_Electronic/Printer_262.jpg,Electronic,150,150,JPEG,RGB,1.0,False,49cfd639e08ee619fb468df93ce84019,eee5854a189be097,6,11
/kaggle/input/datasets/jessicamercya/satria-data-2026/BDC2026-20260708T012259Z-3-001 - Copy/BDC2026/train/1_Electronic/Mobile_280.jpg,Electronic,150,150,JPEG,RGB,1.0,False,d6294432df28feb82697acd69e3dadb9,fea781d5d292c298,2,25
/kaggle/input/datasets/jessicamercya/satria-data-2026/BDC2026-20260708T012259Z-3-001 - Copy/BDC2026/train/1_Electronic/Copy of IMG_20200328_221715.jpg,Electronic,8000,6000,JPEG,RGB,1.3333333333333333,False,3ce6b54189fdae81fa1730264438298e,fe35df3088648ae4,11,47
/kaggle/input/datasets/jessicamercya/satria-data-2026/BDC2026-20260708T012259Z-3-001 - Copy/BDC2026/train/1_Electronic/76.motherboard_en.jpg,Electronic,256,192,JPEG,RGB,1.3333333333333333,False,c1daeb3b15b2029b5973ba4247811fe0,97dc9f2c50e1321e,0,0
/kaggle/input/datasets/jessicamercya/satria-data-2026/BDC2026-20260708T012259Z-3-001 - Copy/BDC2026/train/1_Electronic/Mouse_241.jpg,Electronic,150,150,JPEG,RGB,1.0,False,33bf84dc7ffb038e770c5f10de8beb04,fa86609d85f2a5a5,5,3
/kaggle/input/datasets/jessicamercya/satria-data-2026/BDC2026-20260708T012259Z-3-001 - Copy/BDC2026/train/1_Electronic/Washing_Machine_9.jpg,Electronic,150,150,JPEG,RGB,1.0,False,ca99bb9e0e66d6a538bf8d58536641ba,b133cccc3333cc39,3,8
/kaggle/input/datasets/jessicamercya/satria-data-2026/BDC2026-20260708T012259Z-3-001 - Copy/BDC2026/train/1_Electronic/Player_177.jpg,Electronic,150,150,JPEG,RGB,1.0,False,7c6b3217cd159c91c80d13abede7f2e8,eb92cd3ad0a51ee0,9,17
/kaggle/input/datasets/jessicamercya/satria-data-2026/BDC2026-20260708T012259Z-3-001 - Copy/BDC2026/train/1_Electronic/66.18-pounds-marine-electronics-circuit-board-gold-scrap-recovery-mixed-lot-felix-ommo33069-20250617-111240-629584.jpeg,Electronic,1999,1922,JPEG,RGB,1.0400624349635796,False,b90ad5b8c1607a8aed946a61e8fc179b,bf4896a1ccb6c4b4,0,30
/kaggle/input/datasets/jessicamercya/satria-data-2026/BDC2026-20260708T012259Z-3-001 - Copy/BDC2026/train/1_Electronic/pcb_171.jpg,Electronic,150,150,JPEG,RGB,1.0,False,c8fadbece8bc5b3cf96b3d99115c1f1d,aad7d580c4b08e3f,2,25
/kaggle/input/datasets/jessicamercya/satria-data-2026/BDC2026-20260708T012259Z-3-001 - Copy/BDC2026/train/1_Electronic/Mobile_255.jpg,Electronic,150,150,JPEG,RGB,1.0,False,cf9e65c2473af617fde7992aeb7fdf47,93ed4f70351834ce,1,16
/kaggle/input/datasets/jessicamercya/satria-data-2026/BDC2026-20260708T012259Z-3-001 - Copy/BDC2026/train/1_Electronic/Washing_Machine_139.jpg,Electronic,150,150,JPEG,RGB,1.0,False,01eadaf6ba82a87ec7a4c3baa118df92,e164ce993993e689,3,8
/kaggle/input/datasets/jessicamercya/satria-data-2026/BDC2026-20260708T012259Z-3-001 - Copy/BDC2026/train/1_Electronic/pcb_97.jpg,Electronic,150,150,JPEG,RGB,1.0,False,b91d5a6ab4dc8db53cf5e35b63098ad7,f0ec2a1bc3e107ec,7,18
/kaggle/input/datasets/jessicamercya/satria-data-2026/BDC2026-20260708T012259Z-3-001 - Copy/BDC2026/train/1_Electronic/10.pile-obsolete-electronics-broken-household-appliances-computers-monitors-tablets-phones-white-background-electronic-waste-389979332.jpg,Electronic,800,457,JPEG,RGB,1.75054704595186,False,71e1fca8e4cc3d5a16303751722a2158,baa5d3ce8b54cc18,0,0
/kaggle/input/datasets/jessicamercya/satria-data-2026/BDC2026-20260708T012259Z-3-001 - Copy/BDC2026/train/1_Electronic/Printer_121.jpg,Electronic,150,150,JPEG,RGB,1.0,False,025aa651464bf66572a196ff12caeb6c,ef989469c29c9aa6,6,11
/kaggle/input/datasets/jessicamercya/satria-data-2026/BDC2026-20260708T012259Z-3-001 - Copy/BDC2026/train/1_Electronic/8.41893_2019_320_Figa_HTML.jpg,Electronic,1435,957,JPEG,RGB,1.4994775339602926,False,abf07e99208f40ff8017c8369da1d601,d2dd9a32ac271fa0,0,0
/kaggle/input/datasets/jessicamercya/satria-data-2026/BDC2026-20260708T012259Z-3-001 - Copy/BDC2026/train/1_Electronic/31.jpeg,Electronic,1152,864,JPEG,RGB,1.3333333333333333,False,fe8cc6b0fc3e0878bd41921ef5ed16e4,bf60df609e252896,11,31
/kaggle/input/datasets/jessicamercya/satria-data-2026/BDC2026-20260708T012259Z-3-001 - Copy/BDC2026/train/1_Electronic/IMG_20200329_142626.jpg,Electronic,4608,3456,JPEG,RGB,1.3333333333333333,False,2cd44e8623fcaca71418bc79d2a394bf,e8b1871fb21635d4,10,2
/kaggle/input/datasets/jessicamercya/satria-data-2026/BDC2026-20260708T012259Z-3-001 - Copy/BDC2026/train/1_Electronic/Printer_297.jpg,Electronic,150,150,JPEG,RGB,1.0,False,aa448ee7c0d079ab1ca62e14f86e3f72,dba335cad2641d4a,6,6
/kaggle/input/datasets/jessicamercya/satria-data-2026/BDC2026-20260708T012259Z-3-001 - Copy/BDC2026/train/1_Electronic/Keyboard_20.jpg,Electronic,150,150,JPEG,RGB,1.0,False,a2c39ad3f0df6d8828e71bb211a2ac64,cb19f446bfb74011,2,5
/kaggle/input/datasets/jessicamercya/satria-data-2026/BDC2026-20260708T012259Z-3-001 - Copy/BDC2026/train/1_Electronic/Washing_Machine_96.jpg,Electronic,150,150,JPEG,RGB,1.0,False,90727fc240e50097a4dda9dc81f8b083,a3ccdc23c49f51ac,3,8
/kaggle/input/datasets/jessicamercya/satria-data-2026/BDC2026-20260708T012259Z-3-001 - Copy/BDC2026/train/1_Electronic/Washing_Machine_35.jpg,Electronic,150,150,JPEG,RGB,1.0,False,59c58885b908144ebafc761c863ae25c,dcd582286f5f86a2,2,40
/kaggle/input/datasets/jessicamercya/satria-data-2026/BDC2026-20260708T012259Z-3-001 - Copy/BDC2026/train/1_Electronic/Player_293.jpg,Electronic,150,150,JPEG,RGB,1.0,False,2b557acde379c17e341bb13c5953ec78,bdd581dc8a3b15c4,9,45
/kaggle/input/datasets/jessicamercya/satria-data-2026/BDC2026-20260708T012259Z-3-001 - Copy/BDC2026/train/1_Electronic/Mouse_62.jpg,Electronic,150,150,JPEG,RGB,1.0,False,0f139cf949e965422cf01db658d4a02c,becbc036923b893c,5,26
/kaggle/input/datasets/jessicamercya/satria-data-2026/BDC2026-20260708T012259Z-3-001 - Copy/BDC2026/train/1_Electronic/64.hq720.jpg,Electronic,1280,720,JPEG,RGB,1.7777777777777777,False,545a661256311cd9f9b1cb5191b5b866,816976cbade10be4,0,22
/kaggle/input/datasets/jessicamercya/satria-data-2026/BDC2026-20260708T012259Z-3-001 - Copy/BDC2026/train/1_Electronic/Mouse_253.jpg,Electronic,150,150,JPEG,RGB,1.0,False,6aeb310dda82ffe5ab3bab6677d11418,e93c866398659bc5,5,26
/kaggle/input/datasets/jessicamercya/satria-data-2026/BDC2026-20260708T012259Z-3-001 - Copy/BDC2026/train/1_Electronic/Keyboard_100.jpg,Electronic,150,150,JPEG,RGB,1.0,False,b50ea8df1ff4fb3dde88fc09bc16bbab,bf0a843e34e04bd7,2,5
/kaggle/input/datasets/jessicamercya/satria-data-2026/BDC2026-20260708T012259Z-3-001 - Copy/BDC2026/train/1_Electronic/battery_12.jpg,Electronic,150,150,JPEG,RGB,1.0,False,85cb4b7feb39a40ed716e062c68b1b6b,cfd0f02525664eda,12,37
/kaggle/input/datasets/jessicamercya/satria-data-2026/BDC2026-20260708T012259Z-3-001 - Copy/BDC2026/train/1_Electronic/Washing_Machine_267.jpg,Electronic,150,150,JPEG,RGB,1.0,False,a3218588c7bc171179f3f0bad7090f20,cfce30396663c686,3,33
/kaggle/input/datasets/jessicamercya/satria-data-2026/BDC2026-20260708T012259Z-3-001 - Copy/BDC2026/train/1_Electronic/Mouse_88.jpg,Electronic,150,150,JPEG,RGB,1.0,False,14e777c6c611e2f6e2bd295de0dd8fc3,e9c79638c9332cca,5,3
/kaggle/input/datasets/jessicamercya/satria-data-2026/BDC2026-20260708T012259Z-3-001 - Copy/BDC2026/train/1_Electronic/67.lcd-monitor-scrap-400062.jpg,Electronic,500,375,JPEG,RGB,1.3333333333333333,False,1941b67e41b1862847b9f90dc68d2988,90edd3929b89a2b6,0,0
/kaggle/input/datasets/jessicamercya/satria-data-2026/BDC2026-20260708T012259Z-3-001 - Copy/BDC2026/train/1_Electronic/Mouse_289.jpg,Electronic,150,150,JPEG,RGB,1.0,False,11dc7f7bcb9c64a652c2ec85a6ec7d24,ea95c7628967942e,5,26
/kaggle/input/datasets/jessicamercya/satria-data-2026/BDC2026-20260708T012259Z-3-001 - Copy/BDC2026/train/1_Electronic/Mouse_214.jpg,Electronic,150,150,JPEG,RGB,1.0,False,7152f3e596b2c162d18394a59837edb4,eb4094b7b7c8941b,5,26
/kaggle/input/datasets/jessicamercya/satria-data-2026/BDC2026-20260708T012259Z-3-001 - Copy/BDC2026/train/1_Electronic/Television_129.jpg,Electronic,150,150,JPEG,RGB,1.0,False,3335ce995a688ed4d4abb6bf5955060b,ceb835c78c1a666c,2,40
/kaggle/input/datasets/jessicamercya/satria-data-2026/BDC2026-20260708T012259Z-3-001 - Copy/BDC2026/train/1_Electronic/Mobile_173.jpg,Electronic,150,150,JPEG,RGB,1.0,False,c92ffcb59beca6ce00b7534b093c7889,e6e88db49de5b014,1,51
/kaggle/input/datasets/jessicamercya/satria-data-2026/BDC2026-20260708T012259Z-3-001 - Copy/BDC2026/train/1_Electronic/25.jpeg,Electronic,1152,864,JPEG,RGB,1.3333333333333333,False,8af3c9df4df209dd7f4caddf8561f073,e664e040cb5b4bdb,11,31
/kaggle/input/datasets/jessicamercya/satria-data-2026/BDC2026-20260708T012259Z-3-001 - Copy/BDC2026/train/1_Electronic/battery_44.jpg,Electronic,150,150,JPEG,RGB,1.0,False,ebc868af6b67106b7ca24acb29f7c713,bf40ffc0973c4234,13,19
/kaggle/input/datasets/jessicamercya/satria-data-2026/BDC2026-20260708T012259Z-3-001 - Copy/BDC2026/train/1_Electronic/5.jpg,Electronic,4608,3456,JPEG,RGB,1.3333333333333333,False,c3d0f6e47731eddb498fa8b638deca7e,fbf3d050d242ca4b,11,31
/kaggle/input/datasets/jessicamercya/satria-data-2026/BDC2026-20260708T012259Z-3-001 - Copy/BDC2026/train/1_Electronic/battery_30.jpg,Electronic,150,150,JPEG,RGB,1.0,False,fab3b5d821a21e41d25ed47e84b868a0,fab5c260351a0fa7,14,24
/kaggle/input/datasets/jessicamercya/satria-data-2026/BDC2026-20260708T012259Z-3-001 - Copy/BDC2026/train/1_Electronic/Television_277.jpg,Electronic,150,150,JPEG,RGB,1.0,False,2b631b0d91912c4638bd59a9aa42d4c7,e9c3953e943836b1,4,10
/kaggle/input/datasets/jessicamercya/satria-data-2026/BDC2026-20260708T012259Z-3-001 - Copy/BDC2026/train/1_Electronic/73.314-3144875_resolving-laptop-screen-issues-damaged-laptop.png,Electronic,448,293,PNG,RGBA,1.52901023890785,False,532bea971e5b0a0e73c443b0de6e15f5,bebe943a44c969c8,0,43
/kaggle/input/datasets/jessicamercya/satria-data-2026/BDC2026-20260708T012259Z-3-001 - Copy/BDC2026/train/1_Electronic/6.crt-tv-old-television-600w-228881692.jpg,Electronic,600,620,JPEG,RGB,0.967741935483871,False,16be9d844a28e64167e90e899251e044,ae6bc1f0c4858c9f,4,12
/kaggle/input/datasets/jessicamercya/satria-data-2026/BDC2026-20260708T012259Z-3-001 - Copy/BDC2026/train/1_Electronic/15.2020-07-02T000000Z_369912223_RC2QKH9AMJCB_RTRMADP_3_GLOBAL-WASTE-PHILIPPINES-1024x683.jpg,Electronic,1024,683,JPEG,RGB,1.499267935578331,False,360e47a412a244bbe99b3e955a1b05d5,c55209dac6c8db8f,0,34
/kaggle/input/datasets/jessicamercya/satria-data-2026/BDC2026-20260708T012259Z-3-001 - Copy/BDC2026/train/1_Electronic/battery_276.jpg,Electronic,150,150,JPEG,RGB,1.0,False,fa073f000cb6214048735f0829239508,ea3280ded9c69dc8,12,38
/kaggle/input/datasets/jessicamercya/satria-data-2026/BDC2026-20260708T012259Z-3-001 - Copy/BDC2026/train/1_Electronic/pcb_140.jpg,Electronic,150,150,JPEG,RGB,1.0,False,03d2604396638dd401087a45fd6cdf93,eb1255eb132f1a0d,7,18
/kaggle/input/datasets/jessicamercya/satria-data-2026/BDC2026-20260708T012259Z-3-001 - Copy/BDC2026/train/1_Electronic/Mouse_27.jpg,Electronic,150,150,JPEG,RGB,1.0,False,f6a4368d22e67533c556cd50e3342086,aa94859f7bd0c899,5,36
/kaggle/input/datasets/jessicamercya/satria-data-2026/BDC2026-20260708T012259Z-3-001 - Copy/BDC2026/train/1_Electronic/Mouse_184.jpg,Electronic,150,150,JPEG,RGB,1.0,False,31f32d8d76e95cbf29a3c712affdb34f,bae2c31f38e00fb1,5,3
/kaggle/input/datasets/jessicamercya/satria-data-2026/BDC2026-20260708T012259Z-3-001 - Copy/BDC2026/train/1_Electronic/504.jpeg,Electronic,972,1280,JPEG,RGB,0.759375,False,cd5dd7ac601aa091b6af4c4fb4bc9beb,bc24629bc365cbc3,1,4
/kaggle/input/datasets/jessicamercya/satria-data-2026/BDC2026-20260708T012259Z-3-001 - Copy/BDC2026/train/1_Electronic/Microwave_118.jpg,Electronic,150,150,JPEG,RGB,1.0,False,4d92e025411c1dd5fd911e68723aa22e,bf1ec092d2e03c6d,8,1
/kaggle/input/datasets/jessicamercya/satria-data-2026/BDC2026-20260708T012259Z-3-001 - Copy/BDC2026/train/1_Electronic/Microwave_186.jpg,Electronic,150,150,JPEG,RGB,1.0,False,ef7ea54181f82f2278d43b04559a2712,ebf0942fc12fc152,8,1
/kaggle/input/datasets/jessicamercya/satria-data-2026/BDC2026-20260708T012259Z-3-001 - Copy/BDC2026/train/1_Electronic/Player_8.jpg,Electronic,150,150,JPEG,RGB,1.0,False,304a6c37453290eb708adc430b9e85c2,bee4b042917b5939,9,21
/kaggle/input/datasets/jessicamercya/satria-data-2026/BDC2026-20260708T012259Z-3-001 - Copy/BDC2026/train/1_Electronic/battery_21.jpg,Electronic,150,150,JPEG,RGB,1.0,False,bee4646bcef2b5d9abd3cedcec58af85,ae60c917ac9913d7,14,24
/kaggle/input/datasets/jessicamercya/satria-data-2026/BDC2026-20260708T012259Z-3-001 - Copy/BDC2026/train/1_Electronic/Microwave_27.jpg,Electronic,150,150,JPEG,RGB,1.0,False,336fbefc09961f793481758983c62d2a,ea94956bc5952b94,8,1
/kaggle/input/datasets/jessicamercya/satria-data-2026/BDC2026-20260708T012259Z-3-001 - Copy/BDC2026/train/1_Electronic/pcb_175.jpg,Electronic,150,150,JPEG,RGB,1.0,False,5b13fec3c929400fe5be12d46f8f96d7,ba3ed4c0851f43da,7,23
/kaggle/input/datasets/jessicamercya/satria-data-2026/BDC2026-20260708T012259Z-3-001 - Copy/BDC2026/train/1_Electronic/battery_19.jpg,Electronic,150,150,JPEG,RGB,1.0,False,2c78aff7ad5cb4398e82607b7962ba73,ae36c0db198d1f58,12,37
/kaggle/input/datasets/jessicamercya/satria-data-2026/BDC2026-20260708T012259Z-3-001 - Copy/BDC2026/train/1_Electronic/Keyboard_184.jpg,Electronic,150,150,JPEG,RGB,1.0,False,844acb5f8e0ae56633750baee3ebeb9a,eac0953e3ec16b94,2,5
/kaggle/input/datasets/jessicamercya/satria-data-2026/BDC2026-20260708T012259Z-3-001 - Copy/BDC2026/train/1_Electronic/battery_41.jpg,Electronic,150,150,JPEG,RGB,1.0,False,fd88c2ee6830d32dd94f2c22a8aaebbc,fa85857a857a7225,13,19
/kaggle/input/datasets/jessicamercya/satria-data-2026/BDC2026-20260708T012259Z-3-001 - Copy/BDC2026/train/1_Electronic/Mobile_134.jpg,Electronic,150,150,JPEG,RGB,1.0,False,c1bb84a2b289941081d3bbb2eed374dd,f08a8775706a6a8f,1,9
/kaggle/input/datasets/jessicamercya/satria-data-2026/BDC2026-20260708T012259Z-3-001 - Copy/BDC2026/train/1_Electronic/Microwave_185.jpg,Electronic,150,150,JPEG,RGB,1.0,False,0c9a3d14a1d4ad1e5e55f9e30808db53,ee91916e916e91cc,8,1
/kaggle/input/datasets/jessicamercya/satria-data-2026/BDC2026-20260708T012259Z-3-001 - Copy/BDC2026/train/1_Electronic/8.old-computer-cpu-2188916557-k53w6dfo.jpg,Electronic,1024,703,JPEG,RGB,1.4566145092460883,False,590ab04c040104d40910381df9d230be,ead418a7ebb5b024,0,0
/kaggle/input/datasets/jessicamercya/satria-data-2026/BDC2026-20260708T012259Z-3-001 - Copy/BDC2026/train/1_Electronic/Television_294.jpg,Electronic,150,150,JPEG,RGB,1.0,False,f49bfd3cc006100d7fed422deccd0af1,aa80e96bd5bd90e4,4,10
/kaggle/input/datasets/jessicamercya/satria-data-2026/BDC2026-20260708T012259Z-3-001 - Copy/BDC2026/train/1_Electronic/Keyboard_90.jpg,Electronic,150,150,JPEG,RGB,1.0,False,46411b066feb3c12bde18a0bc2ed4fb9,fe1e85e07a0f2790,2,5
/kaggle/input/datasets/jessicamercya/satria-data-2026/BDC2026-20260708T012259Z-3-001 - Copy/BDC2026/train/1_Electronic/Mouse_143.jpg,Electronic,150,150,JPEG,RGB,1.0,False,1f5cb393ed334cbd27a16fb2309e24e6,9f8761389d65d3c0,5,3
/kaggle/input/datasets/jessicamercya/satria-data-2026/BDC2026-20260708T012259Z-3-001 - Copy/BDC2026/train/1_Electronic/IMG_20200328_215102.jpg,Electronic,4000,3000,JPEG,RGB,1.3333333333333333,False,6177f053300c41e05da075f7f59d313b,adc0923f76b1c295,1,4
/kaggle/input/datasets/jessicamercya/satria-data-2026/BDC2026-20260708T012259Z-3-001 - Copy/BDC2026/train/1_Electronic/battery_111.jpg,Electronic,150,150,JPEG,RGB,1.0,False,57350b95c23fb1a66f72e390a69ab921,afdad0254f683893,13,19
/kaggle/input/datasets/jessicamercya/satria-data-2026/BDC2026-20260708T012259Z-3-001 - Copy/BDC2026/train/1_Electronic/Washing_Machine_101.jpg,Electronic,150,150,JPEG,RGB,1.0,False,00516656a44279571829476a8048a021,b266cc6c339999c9,3,8
/kaggle/input/datasets/jessicamercya/satria-data-2026/BDC2026-20260708T012259Z-3-001 - Copy/BDC2026/train/1_Electronic/Printer_235.jpg,Electronic,150,150,JPEG,RGB,1.0,False,65fed664f8ef834722ec62aab553633c,fa78968d856791a1,6,11
/kaggle/input/datasets/jessicamercya/satria-data-2026/BDC2026-20260708T012259Z-3-001 - Copy/BDC2026/train/1_Electronic/Mobile_245.jpg,Electronic,150,150,JPEG,RGB,1.0,False,fd64820be3573b671d34ed6ec06963e7,d9e667273e1204d3,2,25
/kaggle/input/datasets/jessicamercya/satria-data-2026/BDC2026-20260708T012259Z-3-001 - Copy/BDC2026/train/1_Electronic/74.s-l500.jpg,Electronic,500,375,JPEG,RGB,1.3333333333333333,False,eeeea8b65741cb545380fc6e3c1acacd,eabb84118077bb6a,0,30
/kaggle/input/datasets/jessicamercya/satria-data-2026/BDC2026-20260708T012259Z-3-001 - Copy/BDC2026/train/1_Electronic/Keyboard_57.jpg,Electronic,150,150,JPEG,RGB,1.0,False,010b607d506c7e16149fa89650af4f8e,ae3bb5d4949391c4,2,25
/kaggle/input/datasets/jessicamercya/satria-data-2026/BDC2026-20260708T012259Z-3-001 - Copy/BDC2026/train/1_Electronic/Television_209.jpg,Electronic,150,150,JPEG,RGB,1.0,False,fef123cccc0d1372dde601f273d53c9a,ea4bb53484a50fda,4,10
/kaggle/input/datasets/jessicamercya/satria-data-2026/BDC2026-20260708T012259Z-3-001 - Copy/BDC2026/train/1_Electronic/776.jpeg,Electronic,583,1280,JPEG,RGB,0.45546875,False,ad7dde6903c911e041f78a61ef359288,b0e90dcf34581dc7,5,29
/kaggle/input/datasets/jessicamercya/satria-data-2026/BDC2026-20260708T012259Z-3-001 - Copy/BDC2026/train/1_Electronic/45.WhatsApp-Image-2023-03-01-at-14.18.02.jpeg,Electronic,1500,1000,JPEG,RGB,1.5,False,b3c67b7b8e99bfc05cf5e6d38f9b451e,ea72fb9503486965,0,22
/kaggle/input/datasets/jessicamercya/satria-data-2026/BDC2026-20260708T012259Z-3-001 - Copy/BDC2026/train/1_Electronic/Player_248.jpg,Electronic,150,150,JPEG,RGB,1.0,False,bb1593b2ee32f8571cfe38ed03357093,ba87c4682a97af68,9,50
/kaggle/input/datasets/jessicamercya/satria-data-2026/BDC2026-20260708T012259Z-3-001 - Copy/BDC2026/train/1_Electronic/Microwave_163.jpg,Electronic,150,150,JPEG,RGB,1.0,False,6ba15d55a59aeea7865e19894d37b0c3,cf4e9bd847c01ac6,8,20
/kaggle/input/datasets/jessicamercya/satria-data-2026/BDC2026-20260708T012259Z-3-001 - Copy/BDC2026/train/1_Electronic/12.electronics_recycle.jpg,Electronic,450,338,JPEG,RGB,1.331360946745562,False,2aa3f957eaf15ce06da591a045f05302,ce441ccad5ccb33a,0,0
/kaggle/input/datasets/jessicamercya/satria-data-2026/BDC2026-20260708T012259Z-3-001 - Copy/BDC2026/train/1_Electronic/pcb_35.jpg,Electronic,150,150,JPEG,RGB,1.0,False,47cc1a2d6b610a45617e16db39d6ef45,d01b1f433b0b7e86,7,7
/kaggle/input/datasets/jessicamercya/satria-data-2026/BDC2026-20260708T012259Z-3-001 - Copy/BDC2026/train/1_Electronic/3.pngtree-camera-lens-broken-photo-broken-camera-photo-picture-image_7350402.jpg,Electronic,1200,1674,PNG,P,0.7168458781362007,False,3b7adaeff3307631c59f1ff5762780b8,e1679232936ccf92,0,0
/kaggle/input/datasets/jessicamercya/satria-data-2026/BDC2026-20260708T012259Z-3-001 - Copy/BDC2026/train/1_Electronic/Printer_182.jpg,Electronic,150,150,JPEG,RGB,1.0,False,ef7ac6aad192b85fe0e08012fff1da7d,b5b9c0973b6429c6,6,6
/kaggle/input/datasets/jessicamercya/satria-data-2026/BDC2026-20260708T012259Z-3-001 - Copy/BDC2026/train/1_Electronic/623.jpeg,Electronic,1280,640,JPEG,RGB,2.0,False,68ba7e2ba1495ee3f819246b8698293b,c6973a319899d89e,11,44
/kaggle/input/datasets/jessicamercya/satria-data-2026/BDC2026-20260708T012259Z-3-001 - Copy/BDC2026/train/1_Electronic/15.discarded-broken-smartphones-amidst-cracked-screens-close-up-discarded-broken-smartphones-cracked-screens-highlighting-333067838.jpg,Electronic,800,449,JPEG,RGB,1.78173719376392,False,36a089f0fc8ec73f38e95bd136347e5e,91914d6d2c9ef28b,0,14
/kaggle/input/datasets/jessicamercya/satria-data-2026/BDC2026-20260708T012259Z-3-001 - Copy/BDC2026/train/1_Electronic/Harga Kamera Canon 550D Terbaru.jpg,Electronic,927,712,JPEG,RGB,1.3019662921348314,False,a845ef944ef59733175140f6d52eb3d0,fac587cc9b3012f2,6,11
/kaggle/input/datasets/jessicamercya/satria-data-2026/BDC2026-20260708T012259Z-3-001 - Copy/BDC2026/train/1_Electronic/11.Sorts-Electronic-Waste.jpg,Electronic,2500,1667,JPEG,RGB,1.4997000599880024,False,e51440774a905bc7b800c99c55e8bd41,95de924b87266a1b,0,0
/kaggle/input/datasets/jessicamercya/satria-data-2026/BDC2026-20260708T012259Z-3-001 - Copy/BDC2026/train/1_Electronic/197.jpeg,Electronic,864,1152,JPEG,RGB,0.75,False,fe0b50233527d10484a736f663dd082d,a989943466d0ee5f,10,2
/kaggle/input/datasets/jessicamercya/satria-data-2026/BDC2026-20260708T012259Z-3-001 - Copy/BDC2026/train/1_Electronic/Mouse_30.jpg,Electronic,150,150,JPEG,RGB,1.0,False,249c6e74001ac7f732337382e38d58fa,fe2fc0917256386a,5,36
/kaggle/input/datasets/jessicamercya/satria-data-2026/BDC2026-20260708T012259Z-3-001 - Copy/BDC2026/train/1_Electronic/Microwave_73.jpg,Electronic,150,150,JPEG,RGB,1.0,False,8b4d49c3616dd2a6759b74384e4da93e,af2fd0306ed03bd0,8,1
/kaggle/input/datasets/jessicamercya/satria-data-2026/BDC2026-20260708T012259Z-3-001 - Copy/BDC2026/train/1_Electronic/66.image_2024-06-06_095337313.png,Electronic,1000,667,PNG,P,1.4992503748125936,False,86b9b1a8e75fcc3a6c81035a4c95c49d,ddc6cb090d3cb2d2,10,56
/kaggle/input/datasets/jessicamercya/satria-data-2026/BDC2026-20260708T012259Z-3-001 - Copy/BDC2026/train/1_Electronic/Washing_Machine_25.jpg,Electronic,150,150,JPEG,RGB,1.0,False,1c1333dab5820ee47d29a3b6dead739f,e72c9cb665c99232,3,8
/kaggle/input/datasets/jessicamercya/satria-data-2026/BDC2026-20260708T012259Z-3-001 - Copy/BDC2026/train/1_Electronic/Television_291.jpg,Electronic,150,150,JPEG,RGB,1.0,False,460558052f8de568303569f32c332f37,ee9ab04bc16ac5ca,4,10
/kaggle/input/datasets/jessicamercya/satria-data-2026/BDC2026-20260708T012259Z-3-001 - Copy/BDC2026/train/1_Electronic/Washing_Machine_261.jpg,Electronic,150,150,JPEG,RGB,1.0,False,93062de5857c57acc37ab50fe219680d,fee0c192cd8f813c,3,8
/kaggle/input/datasets/jessicamercya/satria-data-2026/BDC2026-20260708T012259Z-3-001 - Copy/BDC2026/train/1_Electronic/pcb_31.jpg,Electronic,150,150,JPEG,RGB,1.0,False,7f928e1aa91269b0f5e669781c33cbde,d0a46dd26fd47cc0,7,18
/kaggle/input/datasets/jessicamercya/satria-data-2026/BDC2026-20260708T012259Z-3-001 - Copy/BDC2026/train/1_Electronic/electric-circuit-board-500x500.jpg,Electronic,500,500,JPEG,RGB,1.0,False,53e606702c217ecb32f2447c6affc98b,e596bb699207af10,7,18
/kaggle/input/datasets/jessicamercya/satria-data-2026/BDC2026-20260708T012259Z-3-001 - Copy/BDC2026/train/1_Electronic/Washing_Machine_296.jpg,Electronic,150,150,JPEG,RGB,1.0,False,5322e54752ecbf8f5d1c3bf701338a1d,aa75afabaaa924a0,3,35
/kaggle/input/datasets/jessicamercya/satria-data-2026/BDC2026-20260708T012259Z-3-001 - Copy/BDC2026/train/1_Electronic/18.growing-problem-ewast.2e16d0ba.fill-1200x628.format-jpeg.jpg,Electronic,934,488,JPEG,RGB,1.9139344262295082,False,7d9042b2257afba17734f50c521792e7,b5eaac90995e0ce6,0,22
/kaggle/input/datasets/jessicamercya/satria-data-2026/BDC2026-20260708T012259Z-3-001 - Copy/BDC2026/train/1_Electronic/64.PRODPIC-3535.jpg,Electronic,1000,1000,JPEG,RGB,1.0,False,86ac93e82e88293dd5766049a7d81af1,b693e14e874cd26c,0,0
/kaggle/input/datasets/jessicamercya/satria-data-2026/BDC2026-20260708T012259Z-3-001 - Copy/BDC2026/train/1_Electronic/battery_0.jpg,Electronic,150,150,JPEG,RGB,1.0,False,5c7a1ed45c5fe9f415f4a8dafb764c64,ab2f9364c7913691,13,19
/kaggle/input/datasets/jessicamercya/satria-data-2026/BDC2026-20260708T012259Z-3-001 - Copy/BDC2026/train/1_Electronic/battery_25.jpg,Electronic,150,150,JPEG,RGB,1.0,False,c294b26bf2bf1b5ade46f811d6a23b08,bfc2c0bf3140de83,2,32
/kaggle/input/datasets/jessicamercya/satria-data-2026/BDC2026-20260708T012259Z-3-001 - Copy/BDC2026/train/1_Electronic/Printer_33.jpg,Electronic,150,150,JPEG,RGB,1.0,False,f92690aad8e2f920c58d24907ab4790a,90e123de8ac36f71,6,6
/kaggle/input/datasets/jessicamercya/satria-data-2026/BDC2026-20260708T012259Z-3-001 - Copy/BDC2026/train/1_Electronic/Keyboard_148.jpg,Electronic,150,150,JPEG,RGB,1.0,False,892adf477c5367fa613bed6459bfc3c4,c01f9fe0be1ce096,2,5
/kaggle/input/datasets/jessicamercya/satria-data-2026/BDC2026-20260708T012259Z-3-001 - Copy/BDC2026/train/1_Electronic/Mobile_39.jpg,Electronic,150,150,JPEG,RGB,1.0,False,d2684f1fdfcf6c24ca81f13c63d1e0b4,b07bc9cd20743b71,2,25
/kaggle/input/datasets/jessicamercya/satria-data-2026/BDC2026-20260708T012259Z-3-001 - Copy/BDC2026/train/1_Electronic/Keyboard_32.jpg,Electronic,150,150,JPEG,RGB,1.0,False,b7239d46b5ab70adef868e5d3ce1c9bd,bac390b54e3a6569,2,32
/kaggle/input/datasets/jessicamercya/satria-data-2026/BDC2026-20260708T012259Z-3-001 - Copy/BDC2026/train/1_Electronic/Mouse_81.jpg,Electronic,150,150,JPEG,RGB,1.0,False,24b34c216afbd87704f271a4ec43bf9f,a76666193962c3c7,5,3
/kaggle/input/datasets/jessicamercya/satria-data-2026/BDC2026-20260708T012259Z-3-001 - Copy/BDC2026/train/1_Electronic/339.jpeg,Electronic,1152,864,JPEG,RGB,1.3333333333333333,False,ea25ded94021d3cbd1d3a87e798d5d12,ba3fa4a1b4eab070,11,44
/kaggle/input/datasets/jessicamercya/satria-data-2026/BDC2026-20260708T012259Z-3-001 - Copy/BDC2026/train/1_Electronic/Mouse_86.jpg,Electronic,150,150,JPEG,RGB,1.0,False,ea964f9d20f4a6908d653f106449cd35,b13c92e3cdc7990c,5,26
/kaggle/input/datasets/jessicamercya/satria-data-2026/BDC2026-20260708T012259Z-3-001 - Copy/BDC2026/train/1_Electronic/Washing_Machine_174.jpg,Electronic,150,150,JPEG,RGB,1.0,False,d41196ce5fd7a28c73935020c2ee1e9d,e165cfcd8e922c92,3,27
/kaggle/input/datasets/jessicamercya/satria-data-2026/BDC2026-20260708T012259Z-3-001 - Copy/BDC2026/train/1_Electronic/522201985702AM_broken-flat-screen-movers-packers-malaysia1.jpg,Electronic,680,510,JPEG,RGB,1.3333333333333333,False,f1bcb3a3bb33c55160ca5851b1141543,aadeb590b56b9209,4,49
/kaggle/input/datasets/jessicamercya/satria-data-2026/BDC2026-20260708T012259Z-3-001 - Copy/BDC2026/train/1_Electronic/Washing_Machine_228.jpg,Electronic,150,150,JPEG,RGB,1.0,False,41c17a195566ac89ca56e6af14be4484,e9c5cdcc61616363,3,27
/kaggle/input/datasets/jessicamercya/satria-data-2026/BDC2026-20260708T012259Z-3-001 - Copy/BDC2026/train/1_Electronic/340.jpeg,Electronic,1152,864,JPEG,RGB,1.3333333333333333,False,c0e4bb3b514ea2803e15bf8940a9b223,bf66807c78181b5b,11,31
/kaggle/input/datasets/jessicamercya/satria-data-2026/BDC2026-20260708T012259Z-3-001 - Copy/BDC2026/train/1_Electronic/45.clock-1495963_1280.jpg,Electronic,1280,720,JPEG,RGB,1.7777777777777777,False,3ecf94148a128203b17d95bfbf40b81e,8c867338cd33ccc7,4,12
/kaggle/input/datasets/jessicamercya/satria-data-2026/BDC2026-20260708T012259Z-3-001 - Copy/BDC2026/train/1_Electronic/61.retro-old-vintage-tv-television-with-pile-of-rubbish-in-garbage-container-DYM1HN.jpg,Electronic,1300,957,JPEG,RGB,1.3584117032392895,False,e497c23b0e23dcaf966d387399d129fc,89a73e9864cd9ba1,0,39
/kaggle/input/datasets/jessicamercya/satria-data-2026/BDC2026-20260708T012259Z-3-001 - Copy/BDC2026/train/1_Electronic/Television_282.jpg,Electronic,150,150,JPEG,RGB,1.0,False,174492b70de88900c541ebe81be7872e,ec6193329a99ce8e,4,12
/kaggle/input/datasets/jessicamercya/satria-data-2026/BDC2026-20260708T012259Z-3-001 - Copy/BDC2026/train/1_Electronic/63.layar-laptop-rusak-papan-ketik-rusak-perlu-diperbaiki_632498-49114.jpg,Electronic,626,626,JPEG,RGB,1.0,False,c1a9b678d07ea5fcd9fa9ff2e671c424,ea73958d9a845a5c,0,43
/kaggle/input/datasets/jessicamercya/satria-data-2026/BDC2026-20260708T012259Z-3-001 - Copy/BDC2026/train/1_Electronic/Printer_274.jpg,Electronic,150,150,JPEG,RGB,1.0,False,e54d31a4264f91297881a1bafb4fa782,ee8ca4789762d263,6,52
/kaggle/input/datasets/jessicamercya/satria-data-2026/BDC2026-20260708T012259Z-3-001 - Copy/BDC2026/train/1_Electronic/76.electronic-2.jpg,Electronic,360,202,JPEG,RGB,1.7821782178217822,False,db0a363eff7ed916f92142b5c8bc1386,854f36ea5e1da1a2,0,0
/kaggle/input/datasets/jessicamercya/satria-data-2026/BDC2026-20260708T012259Z-3-001 - Copy/BDC2026/train/1_Electronic/Microwave_23.jpg,Electronic,150,150,JPEG,RGB,1.0,False,3f6f2a5ed3c26ea73451fad432a75b4a,96eddb646d650892,8,20
/kaggle/input/datasets/jessicamercya/satria-data-2026/BDC2026-20260708T012259Z-3-001 - Copy/BDC2026/train/1_Electronic/523.jpeg,Electronic,960,1280,JPEG,RGB,0.75,False,5b9d6f95e20c2907b6400295754e4e8b,edc185949497c6c7,1,9
/kaggle/input/datasets/jessicamercya/satria-data-2026/BDC2026-20260708T012259Z-3-001 - Copy/BDC2026/train/1_Electronic/69.intro-1771118787.jpg,Electronic,780,438,JPEG,RGB,1.7808219178082192,False,1d61e46ebac6c15d74550ab9d981300c,fa43a4cbc4359639,0,14
/kaggle/input/datasets/jessicamercya/satria-data-2026/BDC2026-20260708T012259Z-3-001 - Copy/BDC2026/train/1_Electronic/Microwave_139.jpg,Electronic,150,150,JPEG,RGB,1.0,False,785ecf290fa392f2d1b3bc148da67bec,9f78e08370815e7e,8,1
/kaggle/input/datasets/jessicamercya/satria-data-2026/BDC2026-20260708T012259Z-3-001 - Copy/BDC2026/train/1_Electronic/486.jpg,Electronic,4160,3120,JPEG,RGB,1.3333333333333333,False,ef537935fc9e0545e1993244e9454b41,e84f85389ab3668e,1,4
/kaggle/input/datasets/jessicamercya/satria-data-2026/BDC2026-20260708T012259Z-3-001 - Copy/BDC2026/train/1_Electronic/513.jpg,Electronic,1152,864,JPEG,RGB,1.3333333333333333,False,55a23b5c4f27cc4a574b440cdd0a1837,ab669015c5e67ad8,1,4
/kaggle/input/datasets/jessicamercya/satria-data-2026/BDC2026-20260708T012259Z-3-001 - Copy/BDC2026/train/1_Electronic/Player_121.jpg,Electronic,150,150,JPEG,RGB,1.0,False,a8245ac95cb630f231e9923c9a32b5a9,dbc3b03e86788d16,9,17
/kaggle/input/datasets/jessicamercya/satria-data-2026/BDC2026-20260708T012259Z-3-001 - Copy/BDC2026/train/1_Electronic/Microwave_71.jpg,Electronic,150,150,JPEG,RGB,1.0,False,f9a4b581c4e367db1834dc2a744efed0,ab69d4943ad06b2b,2,32
/kaggle/input/datasets/jessicamercya/satria-data-2026/BDC2026-20260708T012259Z-3-001 - Copy/BDC2026/train/1_Electronic/334.jpeg,Electronic,1152,864,JPEG,RGB,1.3333333333333333,False,b37658399f23fbbe1873e2dc9e5e3f7c,96faf965c2093187,11,44
/kaggle/input/datasets/jessicamercya/satria-data-2026/BDC2026-20260708T012259Z-3-001 - Copy/BDC2026/train/1_Electronic/battery_143.jpg,Electronic,150,150,JPEG,RGB,1.0,False,a30fbb0a62ea6c5a7ad5dbe745fccdaa,bd9fc2602d1f3c90,13,19
/kaggle/input/datasets/jessicamercya/satria-data-2026/BDC2026-20260708T012259Z-3-001 - Copy/BDC2026/train/1_Electronic/battery_69.jpg,Electronic,150,150,JPEG,RGB,1.0,False,90e0d7fd6555b3955681262535d9683e,9e4ca8c3b7b192d8,13,19
/kaggle/input/datasets/jessicamercya/satria-data-2026/BDC2026-20260708T012259Z-3-001 - Copy/BDC2026/train/1_Electronic/Player_46.jpg,Electronic,150,150,JPEG,RGB,1.0,False,696b636d4d71cce992ca76194261d1f8,fa81c116cf6b3570,9,21
/kaggle/input/datasets/jessicamercya/satria-data-2026/BDC2026-20260708T012259Z-3-001 - Copy/BDC2026/train/1_Electronic/Keyboard_49.jpg,Electronic,150,150,JPEG,RGB,1.0,False,e1f226b340886052f86ca825127cb602,b257d59552caca2a,11,57
/kaggle/input/datasets/jessicamercya/satria-data-2026/BDC2026-20260708T012259Z-3-001 - Copy/BDC2026/train/1_Electronic/170.jpeg,Electronic,1139,1280,JPEG,RGB,0.88984375,False,863cc053445be80a5ce1ffc4c6b248fd,af6fd24295758191,10,2
/kaggle/input/datasets/jessicamercya/satria-data-2026/BDC2026-20260708T012259Z-3-001 - Copy/BDC2026/train/1_Electronic/Player_230.jpg,Electronic,150,150,JPEG,RGB,1.0,False,133bc1d8608e387deeecac19df719b03,ee90c16f97613c8c,9,21
/kaggle/input/datasets/jessicamercya/satria-data-2026/BDC2026-20260708T012259Z-3-001 - Copy/BDC2026/train/1_Electronic/Mouse_195.jpg,Electronic,150,150,JPEG,RGB,1.0,False,4b778a2b6fceaa5996e3a9419f3e63bf,ad9291ed126c939b,5,3
/kaggle/input/datasets/jessicamercya/satria-data-2026/BDC2026-20260708T012259Z-3-001 - Copy/BDC2026/train/1_Electronic/Mobile_145.jpg,Electronic,150,150,JPEG,RGB,1.0,False,03704ff9dabeef1f0e0aabdf8310adb4,e1229e4a4ace696f,1,9
/kaggle/input/datasets/jessicamercya/satria-data-2026/BDC2026-20260708T012259Z-3-001 - Copy/BDC2026/train/1_Electronic/19.BATAM-ESUN-INI-3.jpeg,Electronic,1280,696,JPEG,RGB,1.839080459770115,False,a1bae31c75b5db57ce6f0f6aae59d790,94c93e9319acf0f1,0,34
/kaggle/input/datasets/jessicamercya/satria-data-2026/BDC2026-20260708T012259Z-3-001 - Copy/BDC2026/train/1_Electronic/564.jpg,Electronic,4160,2340,JPEG,RGB,1.7777777777777777,False,fc91f4616b0bd76701079fe11af333cc,8f6f809010d78f6f,1,4
/kaggle/input/datasets/jessicamercya/satria-data-2026/BDC2026-20260708T012259Z-3-001 - Copy/BDC2026/train/1_Electronic/Player_283.jpg,Electronic,150,150,JPEG,RGB,1.0,False,9de850ddf65a3b57d2be96f672f8dc1b,ee72c4a51bdc7828,9,17
/kaggle/input/datasets/jessicamercya/satria-data-2026/BDC2026-20260708T012259Z-3-001 - Copy/BDC2026/train/1_Electronic/Player_288.jpg,Electronic,150,150,JPEG,RGB,1.0,False,93368337a3fb986ec5e5b0dbdf1f92fe,bad0e50a806f676d,9,21
/kaggle/input/datasets/jessicamercya/satria-data-2026/BDC2026-20260708T012259Z-3-001 - Copy/BDC2026/train/1_Electronic/24.dell-pkg-ocean-plastics_100.jpg,Electronic,1000,500,JPEG,RGB,2.0,False,9d911755d7a67860cedf8531897445b8,b1cd9e30c1c2cce7,0,14
/kaggle/input/datasets/jessicamercya/satria-data-2026/BDC2026-20260708T012259Z-3-001 - Copy/BDC2026/train/1_Electronic/Mobile_181.jpg,Electronic,150,150,JPEG,RGB,1.0,False,f382d75ac694850d0582ce1596a34907,f8e9834f807f149a,1,16
/kaggle/input/datasets/jessicamercya/satria-data-2026/BDC2026-20260708T012259Z-3-001 - Copy/BDC2026/train/1_Electronic/Keyboard_17.jpg,Electronic,150,150,JPEG,RGB,1.0,False,1cc163b564885a517908c00cae30cb1c,a6b2359a520d6be5,11,57
/kaggle/input/datasets/jessicamercya/satria-data-2026/BDC2026-20260708T012259Z-3-001 - Copy/BDC2026/train/1_Electronic/pcb_179.jpg,Electronic,150,150,JPEG,RGB,1.0,False,375396c81f695716f858e54febc14b26,cf873cc0ffa81ca0,7,23
/kaggle/input/datasets/jessicamercya/satria-data-2026/BDC2026-20260708T012259Z-3-001 - Copy/BDC2026/train/1_Electronic/73.image.png,Electronic,360,240,PNG,RGB,1.5,False,4224e0a90ead28090640031708b0670f,c87a708f1fc53651,0,0
/kaggle/input/datasets/jessicamercya/satria-data-2026/BDC2026-20260708T012259Z-3-001 - Copy/BDC2026/train/1_Electronic/Washing_Machine_220.jpg,Electronic,150,150,JPEG,RGB,1.0,False,77c51bec4952da7908c54dfc1c52abd0,d0342fcb2dc4f42d,3,33
/kaggle/input/datasets/jessicamercya/satria-data-2026/BDC2026-20260708T012259Z-3-001 - Copy/BDC2026/train/1_Electronic/4.hq720.jpg,Electronic,1280,720,JPEG,RGB,1.7777777777777777,False,d030a159e65be347a6c97eafe1d2e607,b00ddafcdb921833,0,58
/kaggle/input/datasets/jessicamercya/satria-data-2026/BDC2026-20260708T012259Z-3-001 - Copy/BDC2026/train/1_Electronic/Printer_211.jpg,Electronic,150,150,JPEG,RGB,1.0,False,27ea4d88486b5c98b5d66869e2988678,eb94f07c91709d62,6,52
/kaggle/input/datasets/jessicamercya/satria-data-2026/BDC2026-20260708T012259Z-3-001 - Copy/BDC2026/train/1_Electronic/Microwave_205.jpg,Electronic,150,150,JPEG,RGB,1.0,False,9b63ca3c5b6cf4b27d339052393f2c59,b5b4c04b6f6c15b4,8,1
/kaggle/input/datasets/jessicamercya/satria-data-2026/BDC2026-20260708T012259Z-3-001 - Copy/BDC2026/train/1_Electronic/Microwave_55.jpg,Electronic,150,150,JPEG,RGB,1.0,False,083da47f4b712e3591bd982a846a6e86,be52c2662da9b82d,8,1
/kaggle/input/datasets/jessicamercya/satria-data-2026/BDC2026-20260708T012259Z-3-001 - Copy/BDC2026/train/1_Electronic/fff.jpg,Electronic,996,567,JPEG,RGB,1.7566137566137565,False,9a5a21793f3abe93e8b6fe537817059f,9092cbf3f69da814,0,0
/kaggle/input/datasets/jessicamercya/satria-data-2026/BDC2026-20260708T012259Z-3-001 - Copy/BDC2026/train/1_Electronic/6.A93af357703654f80a54d020ec22ee592W.jpg,Electronic,1416,1416,JPEG,RGB,1.0,False,609c1b04d0ec3302e8bd2030a5d2fd95,eac49578c63f6870,0,30
/kaggle/input/datasets/jessicamercya/satria-data-2026/BDC2026-20260708T012259Z-3-001 - Copy/BDC2026/train/1_Electronic/Printer_296.jpg,Electronic,150,150,JPEG,RGB,1.0,False,7e522ec05f437d40503388817dafb274,95837a7a6598879c,6,6
/kaggle/input/datasets/jessicamercya/satria-data-2026/BDC2026-20260708T012259Z-3-001 - Copy/BDC2026/train/1_Electronic/Player_274.jpg,Electronic,150,150,JPEG,RGB,1.0,False,5a4043c85f8e2e640807c32d9632247e,fa85857ad22b6d90,9,50
/kaggle/input/datasets/jessicamercya/satria-data-2026/BDC2026-20260708T012259Z-3-001 - Copy/BDC2026/train/1_Electronic/Printer_189.jpg,Electronic,150,150,JPEG,RGB,1.0,False,a05e7f2e7955de890f88a9790fb87c29,ad9f9735c0e24a61,6,11
/kaggle/input/datasets/jessicamercya/satria-data-2026/BDC2026-20260708T012259Z-3-001 - Copy/BDC2026/train/1_Electronic/12.For-New-8-core-64-bit-CPU-Scrap-for-Laptop-E-Waste-Recovery-and-Gold-Extraction-RAM-Board-Scrap-Wholesale.jpg,Electronic,700,700,JPEG,RGB,1.0,False,25b5f62ebfe6383a7345d6730a500f74,86d9714d1b761c39,0,30
/kaggle/input/datasets/jessicamercya/satria-data-2026/BDC2026-20260708T012259Z-3-001 - Copy/BDC2026/train/1_Electronic/Copy of IMG_20200328_131938.jpg,Electronic,4608,3456,JPEG,RGB,1.3333333333333333,False,34473f789a496eea6c69b617d5bc4a07,f0c0879c9cb929db,5,29
/kaggle/input/datasets/jessicamercya/satria-data-2026/BDC2026-20260708T012259Z-3-001 - Copy/BDC2026/train/1_Electronic/Mobile_38.jpg,Electronic,150,150,JPEG,RGB,1.0,False,ef9031011b2bd6c86fc7d3377b766bfc,b1e08f73748e3964,1,9
/kaggle/input/datasets/jessicamercya/satria-data-2026/BDC2026-20260708T012259Z-3-001 - Copy/BDC2026/train/1_Electronic/337.jpeg,Electronic,1152,864,JPEG,RGB,1.3333333333333333,False,d46a566d94e307fe4dd2e665316a362a,a14188b7e4e91fe5,11,44
/kaggle/input/datasets/jessicamercya/satria-data-2026/BDC2026-20260708T012259Z-3-001 - Copy/BDC2026/train/1_Electronic/Television_244.jpg,Electronic,150,150,JPEG,RGB,1.0,False,b9ea6612300c3daea5941167683dd3d0,ea4a851f95959595,4,10
/kaggle/input/datasets/jessicamercya/satria-data-2026/BDC2026-20260708T012259Z-3-001 - Copy/BDC2026/train/1_Electronic/71.free-photo-of-kamera-dan-barang-elektronik-vintage-di-toko-barang-antik.jpeg,Electronic,4000,6000,JPEG,RGB,0.6666666666666666,False,2ebda6f518fde115aae47c7a17ed0ad4,8e1644b3fa22b1ee,0,0
/kaggle/input/datasets/jessicamercya/satria-data-2026/BDC2026-20260708T012259Z-3-001 - Copy/BDC2026/train/1_Electronic/Player_45.jpg,Electronic,150,150,JPEG,RGB,1.0,False,706703d918dbda0bab7c1422a6b94db9,bfd2c049c33fc660,9,21
/kaggle/input/datasets/jessicamercya/satria-data-2026/BDC2026-20260708T012259Z-3-001 - Copy/BDC2026/train/1_Electronic/42.36663175-an-old-broken-tv-left-on-the-street.jpg,Electronic,1300,866,JPEG,RGB,1.5011547344110854,False,ba5828a63d5fc9c30182cf4c7e574cf4,c298d8cdc33d3723,0,39
/kaggle/input/datasets/jessicamercya/satria-data-2026/BDC2026-20260708T012259Z-3-001 - Copy/BDC2026/train/1_Electronic/Washing_Machine_282.jpg,Electronic,150,150,JPEG,RGB,1.0,False,da8cf7c441df8968fe5b3ddcc1133ec4,a0808eb54bbe3d7a,3,28
/kaggle/input/datasets/jessicamercya/satria-data-2026/BDC2026-20260708T012259Z-3-001 - Copy/BDC2026/train/1_Electronic/Washing_Machine_134.jpg,Electronic,150,150,JPEG,RGB,1.0,False,194b167a83af91dad4b7975bc6e735ed,ef9d982761cc9618,3,8
/kaggle/input/datasets/jessicamercya/satria-data-2026/BDC2026-20260708T012259Z-3-001 - Copy/BDC2026/train/1_Electronic/17.055467400-1667392584-1280-856.jpg,Electronic,1280,856,JPEG,RGB,1.4953271028037383,False,3644f98300fe13ed9c107384544cc9ae,c37d4e1878c6e5c1,0,22
/kaggle/input/datasets/jessicamercya/satria-data-2026/BDC2026-20260708T012259Z-3-001 - Copy/BDC2026/train/1_Electronic/Mouse_254.jpg,Electronic,150,150,JPEG,RGB,1.0,False,a37e5c23cece686e14367603a3d286a0,ea81a53791789ee2,5,3
/kaggle/input/datasets/jessicamercya/satria-data-2026/BDC2026-20260708T012259Z-3-001 - Copy/BDC2026/train/1_Electronic/194.jpeg,Electronic,1152,648,JPEG,RGB,1.7777777777777777,False,1b172aedfd893571b16ecb85ecb7abcc,f505159eadd0a29d,10,2
/kaggle/input/datasets/jessicamercya/satria-data-2026/BDC2026-20260708T012259Z-3-001 - Copy/BDC2026/train/1_Electronic/pcb_272.jpg,Electronic,150,150,JPEG,RGB,1.0,False,b5eb8e889716d52ca57f139a1787d914,f8878eb0b3313656,7,23
/kaggle/input/datasets/jessicamercya/satria-data-2026/BDC2026-20260708T012259Z-3-001 - Copy/BDC2026/train/1_Electronic/IMG_20200329_152755.jpg,Electronic,4608,3456,JPEG,RGB,1.3333333333333333,False,98e58bef01aaf925f69da2ff351c9f33,ee2f951c93c3e0d0,10,2
/kaggle/input/datasets/jessicamercya/satria-data-2026/BDC2026-20260708T012259Z-3-001 - Copy/BDC2026/train/1_Electronic/IMG-20200328-WA0049.jpg,Electronic,640,1280,JPEG,RGB,0.5,False,d18dd2041c4487571f8bef53efa2903c,d2d22dd52d2c2c2f,1,4
/kaggle/input/datasets/jessicamercya/satria-data-2026/BDC2026-20260708T012259Z-3-001 - Copy/BDC2026/train/1_Electronic/Microwave_9.jpg,Electronic,150,150,JPEG,RGB,1.0,False,180ab219028b5af80eca82afad4079d6,d07fab3fa0c4d0d0,8,1
/kaggle/input/datasets/jessicamercya/satria-data-2026/BDC2026-20260708T012259Z-3-001 - Copy/BDC2026/train/1_Electronic/Washing_Machine_212.jpg,Electronic,150,150,JPEG,RGB,1.0,False,deb5250a9101fe08d58f783a5c6bfe72,ef6b989661ca6434,3,27
/kaggle/input/datasets/jessicamercya/satria-data-2026/BDC2026-20260708T012259Z-3-001 - Copy/BDC2026/train/1_Electronic/Printer_271.jpg,Electronic,150,150,JPEG,RGB,1.0,False,bfe02d587b092b7943269a36e2904c31,af3cb2c492f2c8ca,6,53
/kaggle/input/datasets/jessicamercya/satria-data-2026/BDC2026-20260708T012259Z-3-001 - Copy/BDC2026/train/1_Electronic/WhatsApp Image 2020-11-01 at 1.21.02 PM.jpeg,Electronic,1280,720,JPEG,RGB,1.7777777777777777,False,b21e716e46ffd1db674eba2a32386f01,e4999b666c6d1391,15,46
/kaggle/input/datasets/jessicamercya/satria-data-2026/BDC2026-20260708T012259Z-3-001 - Copy/BDC2026/train/1_Electronic/Keyboard_168.jpg,Electronic,150,150,JPEG,RGB,1.0,False,4071d66f0f938011e5d53efaddee2582,b049c18c5c0dbfb7,2,13
/kaggle/input/datasets/jessicamercya/satria-data-2026/BDC2026-20260708T012259Z-3-001 - Copy/BDC2026/train/1_Electronic/pcb_276.jpg,Electronic,150,150,JPEG,RGB,1.0,False,ef3b4849fe2304fc46ebba7d59be042c,c03e47e0d43e9b93,7,18
/kaggle/input/datasets/jessicamercya/satria-data-2026/BDC2026-20260708T012259Z-3-001 - Copy/BDC2026/train/1_Electronic/Player_208.jpg,Electronic,150,150,JPEG,RGB,1.0,False,21629ec42e964aace79a0a25926eedcc,edc7ab12254a752a,9,17
/kaggle/input/datasets/jessicamercya/satria-data-2026/BDC2026-20260708T012259Z-3-001 - Copy/BDC2026/train/1_Electronic/27.jpeg,Electronic,864,1152,JPEG,RGB,0.75,False,086a3fa64152973db0f65d6d731f726b,b6925a6dd2a5522d,11,31
/kaggle/input/datasets/jessicamercya/satria-data-2026/BDC2026-20260708T012259Z-3-001 - Copy/BDC2026/train/1_Electronic/Player_275.jpg,Electronic,150,150,JPEG,RGB,1.0,False,01758f74bae296b50b292aef49163d8f,faa5855a1f4c7291,9,21
/kaggle/input/datasets/jessicamercya/satria-data-2026/BDC2026-20260708T012259Z-3-001 - Copy/BDC2026/train/1_Electronic/Microwave_15.jpg,Electronic,150,150,JPEG,RGB,1.0,False,d5e95411556b259809d6adc3143f6904,fb3cc693ac603538,8,1
/kaggle/input/datasets/jessicamercya/satria-data-2026/BDC2026-20260708T012259Z-3-001 - Copy/BDC2026/train/1_Electronic/Printer_63.jpg,Electronic,150,150,JPEG,RGB,1.0,False,0bdb9da68380941bb62cef41c49e468f,bc47c31c1893276f,6,53
/kaggle/input/datasets/jessicamercya/satria-data-2026/BDC2026-20260708T012259Z-3-001 - Copy/BDC2026/train/1_Electronic/Player_34.jpg,Electronic,150,150,JPEG,RGB,1.0,False,0b5744e9fc7eca71c4786f5aa8d94066,bf60c495c01f6bca,9,21
/kaggle/input/datasets/jessicamercya/satria-data-2026/BDC2026-20260708T012259Z-3-001 - Copy/BDC2026/train/1_Electronic/68.7mei0y92rbe51.jpg,Electronic,4032,3024,JPEG,RGB,1.3333333333333333,False,d75c18348d2fdfe62172075786d959f5,a5ad5ad6e4525a91,4,49
/kaggle/input/datasets/jessicamercya/satria-data-2026/BDC2026-20260708T012259Z-3-001 - Copy/BDC2026/train/1_Electronic/Television_220.jpg,Electronic,150,150,JPEG,RGB,1.0,False,b5966bd17c3c0e7a28d6ec48cc4ca3e6,ea3fc1c095c59695,4,10
/kaggle/input/datasets/jessicamercya/satria-data-2026/BDC2026-20260708T012259Z-3-001 - Copy/BDC2026/train/1_Electronic/12.motherboard-scrap.jpg,Electronic,500,500,JPEG,RGB,1.0,False,c2cee6b4130dd6059d535873513ab3c5,829bfd64e20d1cd3,0,30
/kaggle/input/datasets/jessicamercya/satria-data-2026/BDC2026-20260708T012259Z-3-001 - Copy/BDC2026/train/1_Electronic/603.jpeg,Electronic,720,1280,JPEG,RGB,0.5625,False,4121f47fa9a7fcfa23d4d50fb6c6007c,fca0cb1e34d9321b,1,4
/kaggle/input/datasets/jessicamercya/satria-data-2026/BDC2026-20260708T012259Z-3-001 - Copy/BDC2026/train/1_Electronic/Mouse_257.jpg,Electronic,150,150,JPEG,RGB,1.0,False,4b894e26242de078c3d35212a214613c,faa2977cda482923,5,3
/kaggle/input/datasets/jessicamercya/satria-data-2026/BDC2026-20260708T012259Z-3-001 - Copy/BDC2026/train/1_Electronic/23.electronic-scrap-old-used-household-appliances-parts-for-recycling-B6PX54.jpg,Electronic,1300,956,JPEG,RGB,1.3598326359832635,False,badad01ee049961ddf572ce5ab48cb8c,98e945d715317716,0,0
/kaggle/input/datasets/jessicamercya/satria-data-2026/BDC2026-20260708T012259Z-3-001 - Copy/BDC2026/train/1_Electronic/Washing_Machine_297.jpg,Electronic,150,150,JPEG,RGB,1.0,False,e304106cc1fa264d0adfadd341a6b030,fee3ea888e21aac4,3,8
/kaggle/input/datasets/jessicamercya/satria-data-2026/BDC2026-20260708T012259Z-3-001 - Copy/BDC2026/train/1_Electronic/22.jpeg,Electronic,1152,864,JPEG,RGB,1.3333333333333333,False,58bc0011ef8497eb24dc7b6be205e611,fe60817f7a9a5884,11,31
/kaggle/input/datasets/jessicamercya/satria-data-2026/BDC2026-20260708T012259Z-3-001 - Copy/BDC2026/train/1_Electronic/809.jpeg,Electronic,864,1152,JPEG,RGB,0.75,False,5064a49d43cbd4222b4b64edc0d7945c,a4039bcc697366da,5,29
/kaggle/input/datasets/jessicamercya/satria-data-2026/BDC2026-20260708T012259Z-3-001 - Copy/BDC2026/train/1_Electronic/Microwave_207.jpg,Electronic,150,150,JPEG,RGB,1.0,False,6417a18727a9e5ad3fb99a3539428c86,bb1bcce4d035d0e4,8,1
/kaggle/input/datasets/jessicamercya/satria-data-2026/BDC2026-20260708T012259Z-3-001 - Copy/BDC2026/train/1_Electronic/pcb_298.jpg,Electronic,150,150,JPEG,RGB,1.0,False,21a1e658cdf94584ce890d6c8b0c7c82,b6bcbdd1c1c15858,7,18
/kaggle/input/datasets/jessicamercya/satria-data-2026/BDC2026-20260708T012259Z-3-001 - Copy/BDC2026/train/1_Electronic/Washing_Machine_118.jpg,Electronic,150,150,JPEG,RGB,1.0,False,771a0db3e60edb71450a27c53f4dcbc2,b766ce92324dcd21,3,8
/kaggle/input/datasets/jessicamercya/satria-data-2026/BDC2026-20260708T012259Z-3-001 - Copy/BDC2026/train/1_Electronic/Microwave_85.jpg,Electronic,150,150,JPEG,RGB,1.0,False,bc97600a3d33b23e66af82d9531b1183,d543257d82758a75,8,1
/kaggle/input/datasets/jessicamercya/satria-data-2026/BDC2026-20260708T012259Z-3-001 - Copy/BDC2026/train/1_Electronic/16.08_not_so_remote_control.jpg,Electronic,1000,667,JPEG,RGB,1.4992503748125936,False,f278177139563c4743ede547025d2ab1,ca995770abbe6051,0,22
/kaggle/input/datasets/jessicamercya/satria-data-2026/BDC2026-20260708T012259Z-3-001 - Copy/BDC2026/train/1_Electronic/24.jpeg,Electronic,864,1152,JPEG,RGB,0.75,False,9bd29d8582b6835d3e139662fe11f113,f4fae180c2abcb83,11,31
/kaggle/input/datasets/jessicamercya/satria-data-2026/BDC2026-20260708T012259Z-3-001 - Copy/BDC2026/train/1_Electronic/Microwave_293.jpg,Electronic,150,150,JPEG,RGB,1.0,False,ef1c3cc511f39ae70167c98750132e52,bed3c195857a344a,8,1
/kaggle/input/datasets/jessicamercya/satria-data-2026/BDC2026-20260708T012259Z-3-001 - Copy/BDC2026/train/1_Electronic/battery_57.jpg,Electronic,150,150,JPEG,RGB,1.0,False,bbee35ce4f6c05b183ddaf2469e5d909,e352166bd20d9d95,12,37
/kaggle/input/datasets/jessicamercya/satria-data-2026/BDC2026-20260708T012259Z-3-001 - Copy/BDC2026/train/1_Electronic/Player_186.jpg,Electronic,150,150,JPEG,RGB,1.0,False,23996b90a2b25a252ce55c5f64f9fd1c,e5639a18cb9e98c6,9,17
/kaggle/input/datasets/jessicamercya/satria-data-2026/BDC2026-20260708T012259Z-3-001 - Copy/BDC2026/train/1_Electronic/Keyboard_68.jpg,Electronic,150,150,JPEG,RGB,1.0,False,fb489212815a2425ae68b1a5405b6813,c0f7b1bd338a254a,2,13
/kaggle/input/datasets/jessicamercya/satria-data-2026/BDC2026-20260708T012259Z-3-001 - Copy/BDC2026/train/1_Electronic/Microwave_275.jpg,Electronic,150,150,JPEG,RGB,1.0,False,6442673f38b24f477ce89f6e9fe4bd5a,f0e3473836cc8cce,8,20
/kaggle/input/datasets/jessicamercya/satria-data-2026/BDC2026-20260708T012259Z-3-001 - Copy/BDC2026/train/1_Electronic/IMG_20201101_130104.jpg,Electronic,4000,3000,JPEG,RGB,1.3333333333333333,False,cf549cdd52b26ce1d7fc3306c1ee955c,a0d9470ec5ede159,11,47
/kaggle/input/datasets/jessicamercya/satria-data-2026/BDC2026-20260708T012259Z-3-001 - Copy/BDC2026/train/1_Electronic/IMG_20201101_130112.jpg,Electronic,4000,3000,JPEG,RGB,1.3333333333333333,False,8183403841a514fe1e2059c7088a23dc,c64994199773ecc6,11,47
/kaggle/input/datasets/jessicamercya/satria-data-2026/BDC2026-20260708T012259Z-3-001 - Copy/BDC2026/train/1_Electronic/Mobile_66.jpg,Electronic,150,150,JPEG,RGB,1.0,False,75815685277e9c48a5f5e31c0d05d811,aae915d042cf4f9c,1,9
/kaggle/input/datasets/jessicamercya/satria-data-2026/BDC2026-20260708T012259Z-3-001 - Copy/BDC2026/train/1_Electronic/Mouse_296.jpg,Electronic,150,150,JPEG,RGB,1.0,False,cd55a5881d02d49799df4160a729b33f,e1d69e626991c653,5,36
/kaggle/input/datasets/jessicamercya/satria-data-2026/BDC2026-20260708T012259Z-3-001 - Copy/BDC2026/train/1_Electronic/76.12066708-broken-laptop-disassembled-into-parts.jpg,Electronic,1300,866,JPEG,RGB,1.5011547344110854,False,9b627b168893a481459fd3cdb8bf5a1c,e431ca9e91ca9fe0,0,0
/kaggle/input/datasets/jessicamercya/satria-data-2026/BDC2026-20260708T012259Z-3-001 - Copy/BDC2026/train/1_Electronic/70.m0-02-1110x600-2307171500.jpg,Electronic,1110,600,JPEG,RGB,1.85,False,4117a7cc93116ed9f7cb6d12e07427f5,d0ad1ec8da57e912,0,14
/kaggle/input/datasets/jessicamercya/satria-data-2026/BDC2026-20260708T012259Z-3-001 - Copy/BDC2026/train/1_Electronic/Printer_20.jpg,Electronic,150,150,JPEG,RGB,1.0,False,4991d62ca1f601aa0e33c87fb3375a31,87b1481f366a9bcc,6,42
/kaggle/input/datasets/jessicamercya/satria-data-2026/BDC2026-20260708T012259Z-3-001 - Copy/BDC2026/train/1_Electronic/pcb_177.jpg,Electronic,150,150,JPEG,RGB,1.0,False,97def2653c6589c5e5d68b441049cf24,ab07c2c1d07c3dd9,7,7
/kaggle/input/datasets/jessicamercya/satria-data-2026/BDC2026-20260708T012259Z-3-001 - Copy/BDC2026/train/1_Electronic/Washing_Machine_290.jpg,Electronic,150,150,JPEG,RGB,1.0,False,293afcc5a06640be89ec1ef56a229ae8,9fc06a42a76c9e93,3,8
/kaggle/input/datasets/jessicamercya/satria-data-2026/BDC2026-20260708T012259Z-3-001 - Copy/BDC2026/train/1_Electronic/collection-place-old-electric-household-260nw-1594940338.jpeg,Electronic,390,280,WEBP,RGB,1.3928571428571428,False,0f01daa508ea4872ef288ae7fa4c9ad2,d6eeaa038155ed31,0,0
/kaggle/input/datasets/jessicamercya/satria-data-2026/BDC2026-20260708T012259Z-3-001 - Copy/BDC2026/train/1_Electronic/pcb_49.jpg,Electronic,150,150,JPEG,RGB,1.0,False,a5c5c9ca6f452c03a94ded02c6c4f0b5,918f5c580ab5b56b,7,7
/kaggle/input/datasets/jessicamercya/satria-data-2026/BDC2026-20260708T012259Z-3-001 - Copy/BDC2026/train/1_Electronic/Player_49.jpg,Electronic,150,150,JPEG,RGB,1.0,False,7ea038d0be8d6e3ead5ff8d4565bb116,fad0e52a802fc73c,9,21
/kaggle/input/datasets/jessicamercya/satria-data-2026/BDC2026-20260708T012259Z-3-001 - Copy/BDC2026/train/1_Electronic/Washing_Machine_279.jpg,Electronic,150,150,JPEG,RGB,1.0,False,dc9c6d3e361ac98cb630632f68eaad25,aa607f603fc995c1,3,33
/kaggle/input/datasets/jessicamercya/satria-data-2026/BDC2026-20260708T012259Z-3-001 - Copy/BDC2026/train/1_Electronic/Microwave_256.jpg,Electronic,150,150,JPEG,RGB,1.0,False,a09d7aa250983fb218afe43b98ae7288,bc9c613669317936,8,1
/kaggle/input/datasets/jessicamercya/satria-data-2026/BDC2026-20260708T012259Z-3-001 - Copy/BDC2026/train/1_Electronic/Television_295.jpg,Electronic,150,150,JPEG,RGB,1.0,False,b0208ae929679c21ebf0699d9636983b,d9d4a46b692a5aca,4,10
/kaggle/input/datasets/jessicamercya/satria-data-2026/BDC2026-20260708T012259Z-3-001 - Copy/BDC2026/train/1_Electronic/Television_144.jpg,Electronic,150,150,JPEG,RGB,1.0,False,9410f6302ba209108210018a316ca6d5,db572a20a8bb669a,4,15
/kaggle/input/datasets/jessicamercya/satria-data-2026/BDC2026-20260708T012259Z-3-001 - Copy/BDC2026/train/1_Electronic/Keyboard_12.jpg,Electronic,150,150,JPEG,RGB,1.0,False,8c0e9ba7e62acc04fb44a1eb95c6eb7c,a127c28af8da9ee4,2,13
/kaggle/input/datasets/jessicamercya/satria-data-2026/BDC2026-20260708T012259Z-3-001 - Copy/BDC2026/train/1_Electronic/pcb_158.jpg,Electronic,150,150,JPEG,RGB,1.0,False,52d20b7591a46655cfeb1ded4d6f53a8,813e80369a7d8e7d,7,7
/kaggle/input/datasets/jessicamercya/satria-data-2026/BDC2026-20260708T012259Z-3-001 - Copy/BDC2026/train/1_Electronic/battery_265.jpg,Electronic,150,150,JPEG,RGB,1.0,False,567002cc1f6c451cc146042431572446,b439c3f298ce4b4c,12,38
/kaggle/input/datasets/jessicamercya/satria-data-2026/BDC2026-20260708T012259Z-3-001 - Copy/BDC2026/train/1_Electronic/Mobile_50.jpg,Electronic,150,150,JPEG,RGB,1.0,False,082810f3c397157149b718b322e3f227,8a3dd8039f5871b6,2,13
/kaggle/input/datasets/jessicamercya/satria-data-2026/BDC2026-20260708T012259Z-3-001 - Copy/BDC2026/train/1_Electronic/Mobile_69.jpg,Electronic,150,150,JPEG,RGB,1.0,False,91c73f494ee472562f7d68927c0a68be,b6d6c989cd86c135,1,9
/kaggle/input/datasets/jessicamercya/satria-data-2026/BDC2026-20260708T012259Z-3-001 - Copy/BDC2026/train/1_Electronic/Microwave_39.jpg,Electronic,150,150,JPEG,RGB,1.0,False,ed115ca5cf05e7cb6735079d6235aee3,e7999c66b32166b0,8,1
/kaggle/input/datasets/jessicamercya/satria-data-2026/BDC2026-20260708T012259Z-3-001 - Copy/BDC2026/train/1_Electronic/Printer_105.jpg,Electronic,150,150,JPEG,RGB,1.0,False,8d2fc48258f1bfc663a26c2e825a7050,bf7ec4c1b030ec85,6,53
/kaggle/input/datasets/jessicamercya/satria-data-2026/BDC2026-20260708T012259Z-3-001 - Copy/BDC2026/train/1_Electronic/battery_286.jpg,Electronic,150,150,JPEG,RGB,1.0,False,5c37a812651eaf2c0815607ad02e853a,eacc913ddb708d03,13,19
/kaggle/input/datasets/jessicamercya/satria-data-2026/BDC2026-20260708T012259Z-3-001 - Copy/BDC2026/train/1_Electronic/pcb_32.jpg,Electronic,150,150,JPEG,RGB,1.0,False,5ac19e403ff431e69821e7239155c516,9bcd2f26986cc662,7,7
/kaggle/input/datasets/jessicamercya/satria-data-2026/BDC2026-20260708T012259Z-3-001 - Copy/BDC2026/train/1_Electronic/Washing_Machine_164.jpg,Electronic,150,150,JPEG,RGB,1.0,False,4dbcc152184992c0c509909c0a1efd72,ea1740c0bd6a3e6b,3,35
/kaggle/input/datasets/jessicamercya/satria-data-2026/BDC2026-20260708T012259Z-3-001 - Copy/BDC2026/train/1_Electronic/Player_227.jpg,Electronic,150,150,JPEG,RGB,1.0,False,f3400afcc10bd30176cdfa8efb33b73c,afa5d036427235cb,9,21
/kaggle/input/datasets/jessicamercya/satria-data-2026/BDC2026-20260708T012259Z-3-001 - Copy/BDC2026/train/1_Electronic/5.360_F_328961649_PGJTWWrRck3dfRxMzmmTLmLuD9ddY0Zo.jpg,Electronic,540,360,JPEG,RGB,1.5,False,cab2ae7c950ffe0e9f114d67f9a77c9d,bf0cd233c0d02df3,4,49
/kaggle/input/datasets/jessicamercya/satria-data-2026/BDC2026-20260708T012259Z-3-001 - Copy/BDC2026/train/1_Electronic/2.640px-IBM_PC_5150-640x437.jpg,Electronic,640,437,JPEG,RGB,1.4645308924485125,False,555a559cc71c77c57837661936723616,e9e1176a94e84a9e,0,39
/kaggle/input/datasets/jessicamercya/satria-data-2026/BDC2026-20260708T012259Z-3-001 - Copy/BDC2026/train/1_Electronic/Copy of IMG_20200328_135237.jpg,Electronic,4608,3456,JPEG,RGB,1.3333333333333333,False,b7e3c2ca4d08e9f78e6bc657591b1b16,9b80456c78b1c3df,1,4
/kaggle/input/datasets/jessicamercya/satria-data-2026/BDC2026-20260708T012259Z-3-001 - Copy/BDC2026/train/1_Electronic/Mouse_74.jpg,Electronic,150,150,JPEG,RGB,1.0,False,a019d638db8219f1e9f9fc7d2db49b60,eab1954ed3283ea1,5,3
/kaggle/input/datasets/jessicamercya/satria-data-2026/BDC2026-20260708T012259Z-3-001 - Copy/BDC2026/train/1_Electronic/71.discarded-circuit-boards-e-waste-credit-Unsplash-vlad-e1762761406818.jpg,Electronic,1125,645,JPEG,RGB,1.744186046511628,False,b028fdd73925b6cdf8573e342c4759a4,a5f6a34dd20d7518,0,34
/kaggle/input/datasets/jessicamercya/satria-data-2026/BDC2026-20260708T012259Z-3-001 - Copy/BDC2026/train/1_Electronic/Washing_Machine_21.jpg,Electronic,150,150,JPEG,RGB,1.0,False,ce5fc9863f1f1f8456f187e5b080e084,e9c19434963ec36b,3,35
/kaggle/input/datasets/jessicamercya/satria-data-2026/BDC2026-20260708T012259Z-3-001 - Copy/BDC2026/train/1_Electronic/battery_140.jpg,Electronic,150,150,JPEG,RGB,1.0,False,a4014957068c8ed57a5e93be6bec0aa3,c14c6ab33cd234f3,12,38
/kaggle/input/datasets/jessicamercya/satria-data-2026/BDC2026-20260708T012259Z-3-001 - Copy/BDC2026/train/1_Electronic/Printer_119.jpg,Electronic,150,150,JPEG,RGB,1.0,False,b13dceda1995f9a07f704dd1ba3a03bc,c17c7a6078da78e2,6,6
/kaggle/input/datasets/jessicamercya/satria-data-2026/BDC2026-20260708T012259Z-3-001 - Copy/BDC2026/train/1_Electronic/757.jpg,Electronic,4160,2340,JPEG,RGB,1.7777777777777777,False,38019a68191a4881f4298c73e4381f21,f564ddd25488d998,5,29
/kaggle/input/datasets/jessicamercya/satria-data-2026/BDC2026-20260708T012259Z-3-001 - Copy/BDC2026/train/1_Electronic/Keyboard_52.jpg,Electronic,150,150,JPEG,RGB,1.0,False,0f90343a1110f919e6c964d663701288,905f6b928545b87e,2,13
/kaggle/input/datasets/jessicamercya/satria-data-2026/BDC2026-20260708T012259Z-3-001 - Copy/BDC2026/train/1_Electronic/Printer_184.jpg,Electronic,150,150,JPEG,RGB,1.0,False,e18fbcfb7591f6b7b4ee53d9daaa4fa2,cdedaa9a72d49290,6,6
/kaggle/input/datasets/jessicamercya/satria-data-2026/BDC2026-20260708T012259Z-3-001 - Copy/BDC2026/train/1_Electronic/Keyboard_241.jpg,Electronic,150,150,JPEG,RGB,1.0,False,85832b1b5457b4cfde833a9e35256883,d0f55af43f8a208b,2,13
/kaggle/input/datasets/jessicamercya/satria-data-2026/BDC2026-20260708T012259Z-3-001 - Copy/BDC2026/train/1_Electronic/battery_75.jpg,Electronic,150,150,JPEG,RGB,1.0,False,2f8d1d4b416cbc83076c6ea15c6a5cae,ae62c29fb0a50df8,14,24
/kaggle/input/datasets/jessicamercya/satria-data-2026/BDC2026-20260708T012259Z-3-001 - Copy/BDC2026/train/1_Electronic/59.1044448.jpg,Electronic,600,490,JPEG,RGB,1.2244897959183674,False,97646ee268f345426e8411cfb21e13ca,a0cbbd17daae850c,0,0
/kaggle/input/datasets/jessicamercya/satria-data-2026/BDC2026-20260708T012259Z-3-001 - Copy/BDC2026/train/1_Electronic/gettyimages-150149620-612x612.jpg,Electronic,612,459,JPEG,RGB,1.3333333333333333,False,573ffcf43c34045fa8c3d8ede22b8218,f67603685209f6e5,0,14
/kaggle/input/datasets/jessicamercya/satria-data-2026/BDC2026-20260708T012259Z-3-001 - Copy/BDC2026/train/1_Electronic/Mouse_210.jpg,Electronic,150,150,JPEG,RGB,1.0,False,82e30b307d16579eb61997e5be841b2f,cab5926a855a67a5,5,3
/kaggle/input/datasets/jessicamercya/satria-data-2026/BDC2026-20260708T012259Z-3-001 - Copy/BDC2026/train/1_Electronic/66.hq720.jpg,Electronic,1280,720,JPEG,RGB,1.7777777777777777,False,fddfb13159df1117a308e0b562726d11,9e9663c933b2c998,4,12
/kaggle/input/datasets/jessicamercya/satria-data-2026/BDC2026-20260708T012259Z-3-001 - Copy/BDC2026/train/1_Electronic/pcb_283.jpg,Electronic,150,150,JPEG,RGB,1.0,False,7c3457d7754fc804807e5c2e597fbacd,82d66da9559e68b4,7,7
/kaggle/input/datasets/jessicamercya/satria-data-2026/BDC2026-20260708T012259Z-3-001 - Copy/BDC2026/train/1_Electronic/Player_17.jpg,Electronic,150,150,JPEG,RGB,1.0,False,ebe25aaabb44cac22cac4f2d97609ba9,a0a65f7b80a0be1f,9,50
/kaggle/input/datasets/jessicamercya/satria-data-2026/BDC2026-20260708T012259Z-3-001 - Copy/BDC2026/train/1_Electronic/WhatsApp Image 2020-11-01 at 1.20.25 PM.jpeg,Electronic,1280,720,JPEG,RGB,1.7777777777777777,False,a2770a03ead31ab94243d98d999739ab,80e5f1d0f09a3e97,15,46
/kaggle/input/datasets/jessicamercya/satria-data-2026/BDC2026-20260708T012259Z-3-001 - Copy/BDC2026/train/1_Electronic/pcb_185.jpg,Electronic,150,150,JPEG,RGB,1.0,False,a3b525716579e00b7bcebd8530550d2b,bfd0c00fc16ab53a,7,7
/kaggle/input/datasets/jessicamercya/satria-data-2026/BDC2026-20260708T012259Z-3-001 - Copy/BDC2026/train/1_Electronic/19.landfill.jpg,Electronic,600,399,JPEG,RGB,1.5037593984962405,False,ac3966b4d9c8260c3cd7a52c514f6c10,8a956c9af28c8b76,0,0
/kaggle/input/datasets/jessicamercya/satria-data-2026/BDC2026-20260708T012259Z-3-001 - Copy/BDC2026/train/1_Electronic/Mobile_161.jpg,Electronic,150,150,JPEG,RGB,1.0,False,1a0b606efa72aef4bb6926cfe1c7443f,b4724bcccf7320cc,1,9
/kaggle/input/datasets/jessicamercya/satria-data-2026/BDC2026-20260708T012259Z-3-001 - Copy/BDC2026/train/1_Electronic/Mobile_49.jpg,Electronic,150,150,JPEG,RGB,1.0,False,083bf0ebe80aa57eda33bacaa82205c0,e960969f3c30636b,1,9
/kaggle/input/datasets/jessicamercya/satria-data-2026/BDC2026-20260708T012259Z-3-001 - Copy/BDC2026/train/1_Electronic/2.ewaste-heap-discarded-laptop-parts-260nw-1174197958.jpg,Electronic,390,280,JPEG,RGB,1.3928571428571428,False,ddea0938c8b39742e00083f048c186dc,a71aa61f9a27a272,0,34
/kaggle/input/datasets/jessicamercya/satria-data-2026/BDC2026-20260708T012259Z-3-001 - Copy/BDC2026/train/1_Electronic/17.electronical_waste_weee_scrap_web.jpg,Electronic,2350,1478,JPEG,RGB,1.5899864682002707,False,33b873f32a83188fe65ae1fa88205c60,f2cd147df160e286,0,14
/kaggle/input/datasets/jessicamercya/satria-data-2026/BDC2026-20260708T012259Z-3-001 - Copy/BDC2026/train/1_Electronic/163.jpg,Electronic,4160,2340,JPEG,RGB,1.7777777777777777,False,2baa6fd414c4a264a8d37379e85549ba,af3df5c082c6d1c2,10,56
/kaggle/input/datasets/jessicamercya/satria-data-2026/BDC2026-20260708T012259Z-3-001 - Copy/BDC2026/train/1_Electronic/Television_195.jpg,Electronic,150,150,JPEG,RGB,1.0,False,ae4f97b843bd53eaa9cdd6e42668895c,fcb2c7b54ab228d0,4,15
/kaggle/input/datasets/jessicamercya/satria-data-2026/BDC2026-20260708T012259Z-3-001 - Copy/BDC2026/train/1_Electronic/14.2728905_20190122100223.jpg,Electronic,640,480,JPEG,RGB,1.3333333333333333,False,ccef0aaf174d21ce2dd4383626d45686,a9ecd28bc4f29938,0,58
/kaggle/input/datasets/jessicamercya/satria-data-2026/BDC2026-20260708T012259Z-3-001 - Copy/BDC2026/train/1_Electronic/IMG_20200329_152734.jpg,Electronic,4608,3456,JPEG,RGB,1.3333333333333333,False,3f27227a0a241049f7561a1f82f3377f,ae38e0ca91d34dcb,10,2
/kaggle/input/datasets/jessicamercya/satria-data-2026/BDC2026-20260708T012259Z-3-001 - Copy/BDC2026/train/1_Electronic/71.89fc4b9d-7878-4e1d-9084-17e2c0859126_w408_s.jpg,Electronic,408,272,JPEG,RGB,1.5,False,1d54918ce8d5adb18a5c0700f14bdfee,9582f0dd8ec09fe2,0,14
/kaggle/input/datasets/jessicamercya/satria-data-2026/BDC2026-20260708T012259Z-3-001 - Copy/BDC2026/train/1_Electronic/493.jpeg,Electronic,720,1280,JPEG,RGB,0.5625,False,462545a3043fcbd14bcf39d2126d428b,a838d8c06d3f9f94,1,4
/kaggle/input/datasets/jessicamercya/satria-data-2026/BDC2026-20260708T012259Z-3-001 - Copy/BDC2026/train/1_Electronic/Mouse_91.jpg,Electronic,150,150,JPEG,RGB,1.0,False,b7ba0dd68ed5a22724299732b117b46b,976a6895c35a8d65,5,3
/kaggle/input/datasets/jessicamercya/satria-data-2026/BDC2026-20260708T012259Z-3-001 - Copy/BDC2026/train/1_Electronic/pcb_169.jpg,Electronic,150,150,JPEG,RGB,1.0,False,56927d130e4e9a7e2296fd871fd135c7,9dd87f832285519d,7,7
/kaggle/input/datasets/jessicamercya/satria-data-2026/BDC2026-20260708T012259Z-3-001 - Copy/BDC2026/train/1_Electronic/Mouse_175.jpg,Electronic,150,150,JPEG,RGB,1.0,False,5340f8d8697fcf00a591f96c38038bbe,85409b1f9e1e6a6d,5,3
/kaggle/input/datasets/jessicamercya/satria-data-2026/BDC2026-20260708T012259Z-3-001 - Copy/BDC2026/train/1_Electronic/Mouse_38.jpg,Electronic,150,150,JPEG,RGB,1.0,False,ead20f1a45fbe5f207d4046ccd8059df,efe1c015e93ec113,5,26
/kaggle/input/datasets/jessicamercya/satria-data-2026/BDC2026-20260708T012259Z-3-001 - Copy/BDC2026/train/1_Electronic/160.jpg,Electronic,4160,2340,JPEG,RGB,1.7777777777777777,False,cf34faf383f9be5979f53a59f264ebaf,abf5d4c0d04a976a,10,2
/kaggle/input/datasets/jessicamercya/satria-data-2026/BDC2026-20260708T012259Z-3-001 - Copy/BDC2026/train/1_Electronic/518.jpg,Electronic,2340,4160,JPEG,RGB,0.5625,False,43f08ff357ee9465187b639e76f68347,aaedd5820edf1a50,1,4
/kaggle/input/datasets/jessicamercya/satria-data-2026/BDC2026-20260708T012259Z-3-001 - Copy/BDC2026/train/1_Electronic/11.thats-my-dads-computer-maingear-revives-the-90s-again-with-r_wf85.jpg,Electronic,1280,720,JPEG,RGB,1.7777777777777777,False,d9864e1dc49c9c2958a172b40e225478,bf9cd0b09168d1ea,0,39
/kaggle/input/datasets/jessicamercya/satria-data-2026/BDC2026-20260708T012259Z-3-001 - Copy/BDC2026/train/1_Electronic/Printer_289.jpg,Electronic,150,150,JPEG,RGB,1.0,False,26ce6778b43cb665da177963d8e63fa9,bce7866469966349,6,6
/kaggle/input/datasets/jessicamercya/satria-data-2026/BDC2026-20260708T012259Z-3-001 - Copy/BDC2026/train/1_Electronic/600.jpeg,Electronic,780,1040,JPEG,RGB,0.75,False,38bbf505b3799a0b00266baa7ee55bf2,928d4d93926d7c93,1,4
/kaggle/input/datasets/jessicamercya/satria-data-2026/BDC2026-20260708T012259Z-3-001 - Copy/BDC2026/train/1_Electronic/5wh0lsj1gtwy.jpg,Electronic,3264,2448,JPEG,RGB,1.3333333333333333,False,3037c0f79ad2c808fcdfa8440379a24a,e1c1f070bc3c1e3d,4,49
/kaggle/input/datasets/jessicamercya/satria-data-2026/BDC2026-20260708T012259Z-3-001 - Copy/BDC2026/train/1_Electronic/Mouse_197.jpg,Electronic,150,150,JPEG,RGB,1.0,False,6f79c8300abb93c8399ff4809ec59879,f00f761d38876cb2,5,36
/kaggle/input/datasets/jessicamercya/satria-data-2026/BDC2026-20260708T012259Z-3-001 - Copy/BDC2026/train/1_Electronic/battery_191.jpg,Electronic,150,150,JPEG,RGB,1.0,False,742f918e2827e0a90d05d537dd1fd9e8,b83b93b0c74718ce,12,38
/kaggle/input/datasets/jessicamercya/satria-data-2026/BDC2026-20260708T012259Z-3-001 - Copy/BDC2026/train/1_Electronic/4.Ilustrasi-Barang-Elektronik-Yang-Rusak-Akibat-Listrik-Yang-Tidak-Stabil-300x169.jpeg,Electronic,300,169,JPEG,RGB,1.7751479289940828,False,78ec735c0c75b6f3283786b272033d61,d12169d8226f9eda,0,0
/kaggle/input/datasets/jessicamercya/satria-data-2026/BDC2026-20260708T012259Z-3-001 - Copy/BDC2026/train/1_Electronic/196.jpeg,Electronic,864,1152,JPEG,RGB,0.75,False,887860b4a5fef7f6f55302bdec26705b,fbffd7d584808084,10,2
/kaggle/input/datasets/jessicamercya/satria-data-2026/BDC2026-20260708T012259Z-3-001 - Copy/BDC2026/train/1_Electronic/Printer_116.jpg,Electronic,150,150,JPEG,RGB,1.0,False,f798869ad84d658e04237be77372f16f,eeb791c8466263c3,6,6
/kaggle/input/datasets/jessicamercya/satria-data-2026/BDC2026-20260708T012259Z-3-001 - Copy/BDC2026/train/1_Electronic/37.a-pile-of-discarded-electronic-waste-is-shown-including-a-laptop-television-keyboard-and-other-obsolete-devices-this-image-can-be-used-for-concepts-r-3E1WHH5.jpg,Electronic,1300,956,JPEG,RGB,1.3598326359832635,False,d578be1284c54fee63532156751a4eae,c8f1938a3b834df1,0,0
/kaggle/input/datasets/jessicamercya/satria-data-2026/BDC2026-20260708T012259Z-3-001 - Copy/BDC2026/train/1_Electronic/211.jpg,Electronic,4160,3120,JPEG,RGB,1.3333333333333333,False,4323ade1aa75247bb84b67e6ec7968f4,c0ef3bc418e5dc51,10,2
/kaggle/input/datasets/jessicamercya/satria-data-2026/BDC2026-20260708T012259Z-3-001 - Copy/BDC2026/train/1_Electronic/Copy of IMG_20200328_134847.jpg,Electronic,4608,3456,JPEG,RGB,1.3333333333333333,False,3685196dab4cd4d6d587c189be81942f,85a4adefc2d2921b,1,55
/kaggle/input/datasets/jessicamercya/satria-data-2026/BDC2026-20260708T012259Z-3-001 - Copy/BDC2026/train/1_Electronic/Microwave_104.jpg,Electronic,150,150,JPEG,RGB,1.0,False,cfe0532d250bda27f44d31247abcf786,bb84c4db9f603a26,8,1
/kaggle/input/datasets/jessicamercya/satria-data-2026/BDC2026-20260708T012259Z-3-001 - Copy/BDC2026/train/1_Electronic/battery_3.jpg,Electronic,150,150,JPEG,RGB,1.0,False,576167593b613b1d3a07484b110b6875,e2b4c7c38c4d9e2c,13,19
/kaggle/input/datasets/jessicamercya/satria-data-2026/BDC2026-20260708T012259Z-3-001 - Copy/BDC2026/train/1_Electronic/Copy of IMG_20200328_135503.jpg,Electronic,4608,3456,JPEG,RGB,1.3333333333333333,False,05ff10c5398a6ff7b69de48bda098790,d02702cb3fe4d5a5,1,4
/kaggle/input/datasets/jessicamercya/satria-data-2026/BDC2026-20260708T012259Z-3-001 - Copy/BDC2026/train/1_Electronic/Mouse_65.jpg,Electronic,150,150,JPEG,RGB,1.0,False,dd774aec2b56492d3c2eefe9434e4ac4,9a6d6794ce926991,5,3
/kaggle/input/datasets/jessicamercya/satria-data-2026/BDC2026-20260708T012259Z-3-001 - Copy/BDC2026/train/1_Electronic/47.non-working-2c-faulty-broken-laptops-and-notepad-sell-services-500x500.png,Electronic,500,406,PNG,RGB,1.2315270935960592,False,cadf19514dcb9c614afb93875ce9a8a8,af28933b8f4ec0e4,0,43
/kaggle/input/datasets/jessicamercya/satria-data-2026/BDC2026-20260708T012259Z-3-001 - Copy/BDC2026/train/1_Electronic/36.old-damaged-laptop-with-hammer-on-keyboard-photo.jpg,Electronic,2088,1960,JPEG,RGB,1.0653061224489795,False,9904ad194353e49315713ad3e13405ee,ebc3973d90b19a30,0,43
/kaggle/input/datasets/jessicamercya/satria-data-2026/BDC2026-20260708T012259Z-3-001 - Copy/BDC2026/train/1_Electronic/Washing_Machine_252.jpg,Electronic,150,150,JPEG,RGB,1.0,False,7f2f69b30bc4a9a44c9c8faeeec2c85a,e99b333834332667,3,28
/kaggle/input/datasets/jessicamercya/satria-data-2026/BDC2026-20260708T012259Z-3-001 - Copy/BDC2026/train/1_Electronic/Television_101.jpg,Electronic,150,150,JPEG,RGB,1.0,False,7bcebdae10ec4e8fc862c9ff3c630381,be3fc1d881c0b9d2,11,41
/kaggle/input/datasets/jessicamercya/satria-data-2026/BDC2026-20260708T012259Z-3-001 - Copy/BDC2026/train/1_Electronic/IMG_20200328_131159.jpg,Electronic,4000,2250,JPEG,RGB,1.7777777777777777,False,7ec0a802099671f1422040ee9c624f9a,962d42b86f9683cb,10,2
/kaggle/input/datasets/jessicamercya/satria-data-2026/BDC2026-20260708T012259Z-3-001 - Copy/BDC2026/train/1_Electronic/Mouse_183.jpg,Electronic,150,150,JPEG,RGB,1.0,False,86a99493195b72cd4d30ba0d3134e00d,86943b4ee4374b9c,5,3
/kaggle/input/datasets/jessicamercya/satria-data-2026/BDC2026-20260708T012259Z-3-001 - Copy/BDC2026/train/1_Electronic/Player_277.jpg,Electronic,150,150,JPEG,RGB,1.0,False,f96778cdf4dbb24048a89180c34bc4c5,be27b14ac46792b4,9,45
/kaggle/input/datasets/jessicamercya/satria-data-2026/BDC2026-20260708T012259Z-3-001 - Copy/BDC2026/train/1_Electronic/battery_45.jpg,Electronic,150,150,JPEG,RGB,1.0,False,1d027933cd6506b0fdf94b65f2be74a0,bf60e897913d4698,12,38
/kaggle/input/datasets/jessicamercya/satria-data-2026/BDC2026-20260708T012259Z-3-001 - Copy/BDC2026/train/1_Electronic/Washing_Machine_65.jpg,Electronic,150,150,JPEG,RGB,1.0,False,fe1eff748306dd8ebe6534e7b6f5f63e,b0d3cf0ccf68b40d,3,35
/kaggle/input/datasets/jessicamercya/satria-data-2026/BDC2026-20260708T012259Z-3-001 - Copy/BDC2026/train/1_Electronic/Player_123.jpg,Electronic,150,150,JPEG,RGB,1.0,False,e7fd89d16d464a50f2dbcecbd7073293,ee73d28535389385,9,17
/kaggle/input/datasets/jessicamercya/satria-data-2026/BDC2026-20260708T012259Z-3-001 - Copy/BDC2026/train/1_Electronic/Microwave_1.jpg,Electronic,150,150,JPEG,RGB,1.0,False,55541eefdb48a597a1853cdce503a5e5,d1c3868c9b333e3a,8,20
/kaggle/input/datasets/jessicamercya/satria-data-2026/BDC2026-20260708T012259Z-3-001 - Copy/BDC2026/train/1_Electronic/576.jpeg,Electronic,864,1152,JPEG,RGB,0.75,False,bda9a06645b66374cc9515951256c42c,b4c3cb301e34cb75,1,4
/kaggle/input/datasets/jessicamercya/satria-data-2026/BDC2026-20260708T012259Z-3-001 - Copy/BDC2026/train/1_Electronic/Printer_241.jpg,Electronic,150,150,JPEG,RGB,1.0,False,926fa10db012cb41671903bf00006d76,afd2908d912fc16e,6,11
/kaggle/input/datasets/jessicamercya/satria-data-2026/BDC2026-20260708T012259Z-3-001 - Copy/BDC2026/train/1_Electronic/17.massive-dense-pile-discarded-electronic-260nw-2685347999.jpg,Electronic,393,280,JPEG,RGB,1.4035714285714285,False,d3b95da54a1554b1f70c8ce148628fc2,c05bb462fc35ea4c,0,14
/kaggle/input/datasets/jessicamercya/satria-data-2026/BDC2026-20260708T012259Z-3-001 - Copy/BDC2026/train/1_Electronic/Mobile_250.jpg,Electronic,150,150,JPEG,RGB,1.0,False,e8caee7b5e50878c7a2f235d7becd9ae,cc3291ce926d356d,1,9
/kaggle/input/datasets/jessicamercya/satria-data-2026/BDC2026-20260708T012259Z-3-001 - Copy/BDC2026/train/1_Electronic/5.lightweight-high-tensile-strength-mixed-electronic-waste-scrap-for-recycling-industry-024.jpg,Electronic,500,333,JPEG,RGB,1.5015015015015014,False,2292fb321f8d09062f101045f27766d6,eb65ee81e01e9cb0,0,34
/kaggle/input/datasets/jessicamercya/satria-data-2026/BDC2026-20260708T012259Z-3-001 - Copy/BDC2026/train/1_Electronic/269.jpeg,Electronic,1280,988,JPEG,RGB,1.2955465587044535,False,8cbcd2b8c604d49ec0bf7c0bd7b37c0c,fe6aa2d528b2813e,10,2
/kaggle/input/datasets/jessicamercya/satria-data-2026/BDC2026-20260708T012259Z-3-001 - Copy/BDC2026/train/1_Electronic/Mouse_42.jpg,Electronic,150,150,JPEG,RGB,1.0,False,118931198089927aac4745ba8befe961,a312946363e6e69e,5,3
/kaggle/input/datasets/jessicamercya/satria-data-2026/BDC2026-20260708T012259Z-3-001 - Copy/BDC2026/train/1_Electronic/pcb_280.jpg,Electronic,150,150,JPEG,RGB,1.0,False,9a7701fa54ccc8b4b0ccac5b5aa5aaeb,dec28f2aa328ab5a,7,18
/kaggle/input/datasets/jessicamercya/satria-data-2026/BDC2026-20260708T012259Z-3-001 - Copy/BDC2026/train/1_Electronic/Mobile_215.jpg,Electronic,150,150,JPEG,RGB,1.0,False,c270b770343d7eb246798da3ecd44009,b4788325dfc41ec3,1,16
/kaggle/input/datasets/jessicamercya/satria-data-2026/BDC2026-20260708T012259Z-3-001 - Copy/BDC2026/train/1_Electronic/Mobile_144.jpg,Electronic,150,150,JPEG,RGB,1.0,False,e1db368d63d773f22587d1f589d5ec25,afd5d41b3d2d60c0,1,9
/kaggle/input/datasets/jessicamercya/satria-data-2026/BDC2026-20260708T012259Z-3-001 - Copy/BDC2026/train/1_Electronic/Television_288.jpg,Electronic,150,150,JPEG,RGB,1.0,False,ca191b89ca77254ba1361a4fdeab7e58,ea6ac53a844ab5cb,4,10
/kaggle/input/datasets/jessicamercya/satria-data-2026/BDC2026-20260708T012259Z-3-001 - Copy/BDC2026/train/1_Electronic/Microwave_7.jpg,Electronic,150,150,JPEG,RGB,1.0,False,482128e5b33ce9b5784510aa47c9203a,9ea9c956b59211ab,8,1
/kaggle/input/datasets/jessicamercya/satria-data-2026/BDC2026-20260708T012259Z-3-001 - Copy/BDC2026/train/1_Electronic/WhatsApp Image 2020-11-01 at 1.23.05 PM.jpeg,Electronic,1280,720,JPEG,RGB,1.7777777777777777,False,df74a78bbd9fc00970cc6648f1a60a0f,c4819bcc2f3a6d93,15,46
/kaggle/input/datasets/jessicamercya/satria-data-2026/BDC2026-20260708T012259Z-3-001 - Copy/BDC2026/train/1_Electronic/6.jpeg,Electronic,1280,720,JPEG,RGB,1.7777777777777777,False,f7538b55404b4b6d205baf933b7dd6af,d329d3c92596332d,11,31
/kaggle/input/datasets/jessicamercya/satria-data-2026/BDC2026-20260708T012259Z-3-001 - Copy/BDC2026/train/1_Electronic/12.pile-old-computer-waste-junkyard-260nw-1798868611.jpg,Electronic,390,280,JPEG,RGB,1.3928571428571428,False,fecd5e7e5231150a8530d5e3bfcfafe7,eb13e6668163ca9c,0,0
/kaggle/input/datasets/jessicamercya/satria-data-2026/BDC2026-20260708T012259Z-3-001 - Copy/BDC2026/train/1_Electronic/Mouse_206.jpg,Electronic,150,150,JPEG,RGB,1.0,False,f8f6492babe4d422db31b03b7a929c59,eb968c63916c93c9,5,3
/kaggle/input/datasets/jessicamercya/satria-data-2026/BDC2026-20260708T012259Z-3-001 - Copy/BDC2026/train/1_Electronic/203.jpeg,Electronic,581,1032,JPEG,RGB,0.562984496124031,False,aa785daa1441771d2736051a89c816db,8f3ec64b6f6129a0,10,2
/kaggle/input/datasets/jessicamercya/satria-data-2026/BDC2026-20260708T012259Z-3-001 - Copy/BDC2026/train/1_Electronic/84.computer-motherboard-scrap-2217072723-4bm16ytc.png,Electronic,500,500,JPEG,RGB,1.0,False,fd43622aaafdcabe65ed5b44a7c6fe3e,926fddc701c58aa3,0,30
/kaggle/input/datasets/jessicamercya/satria-data-2026/BDC2026-20260708T012259Z-3-001 - Copy/BDC2026/train/1_Electronic/Microwave_157.jpg,Electronic,150,150,JPEG,RGB,1.0,False,49b1a220934c77c75fa1e71e5c650f22,be95c1b5e592e01a,8,1
/kaggle/input/datasets/jessicamercya/satria-data-2026/BDC2026-20260708T012259Z-3-001 - Copy/BDC2026/train/1_Electronic/hq720.jpg,Electronic,686,386,JPEG,RGB,1.7772020725388602,False,f252e3826715cf500a3df2b1056194ef,fd9e811d8fa5882c,0,0
/kaggle/input/datasets/jessicamercya/satria-data-2026/BDC2026-20260708T012259Z-3-001 - Copy/BDC2026/train/1_Electronic/battery_89.jpg,Electronic,150,150,JPEG,RGB,1.0,False,d4490259576265a76833634d0a301e7c,e7309ecfc9990c98,13,19
/kaggle/input/datasets/jessicamercya/satria-data-2026/BDC2026-20260708T012259Z-3-001 - Copy/BDC2026/train/1_Electronic/battery_42.jpg,Electronic,150,150,JPEG,RGB,1.0,False,724ae0328a6b2b2292154029bdc3a18b,ead1956e951a913a,12,37
/kaggle/input/datasets/jessicamercya/satria-data-2026/BDC2026-20260708T012259Z-3-001 - Copy/BDC2026/train/1_Electronic/IMG_20201101_130715.jpg,Electronic,4000,3000,JPEG,RGB,1.3333333333333333,False,646bec10e6e16655470eb8f59b0d22da,c43f2bc89fd430e1,15,59
/kaggle/input/datasets/jessicamercya/satria-data-2026/BDC2026-20260708T012259Z-3-001 - Copy/BDC2026/train/1_Electronic/battery_47.jpg,Electronic,150,150,JPEG,RGB,1.0,False,f460d4ada4c7c4e1ceae445212173a6d,b499cb669c6638c9,12,38
/kaggle/input/datasets/jessicamercya/satria-data-2026/BDC2026-20260708T012259Z-3-001 - Copy/BDC2026/train/1_Electronic/Microwave_261.jpg,Electronic,150,150,JPEG,RGB,1.0,False,8badb87be83e4bd18997b9e06e9e20a9,cfc13438c1c5d5c7,8,1
/kaggle/input/datasets/jessicamercya/satria-data-2026/BDC2026-20260708T012259Z-3-001 - Copy/BDC2026/train/1_Electronic/Washing_Machine_263.jpg,Electronic,150,150,JPEG,RGB,1.0,False,4cb7a35b2ddcfab41f9128dfe712e24c,9ceb729465489bb2,3,8
/kaggle/input/datasets/jessicamercya/satria-data-2026/BDC2026-20260708T012259Z-3-001 - Copy/BDC2026/train/1_Electronic/IMG_20200329_152836.jpg,Electronic,3456,4608,JPEG,RGB,0.75,False,76c9cadcf698a4b09b6639dd68c7b41a,88d1f5483b13cf96,10,2
/kaggle/input/datasets/jessicamercya/satria-data-2026/BDC2026-20260708T012259Z-3-001 - Copy/BDC2026/train/1_Electronic/battery_294.jpg,Electronic,150,150,JPEG,RGB,1.0,False,616dc327b10cd3ff07cc6f473ec2de0b,ed9bc5420f2f3270,13,19
/kaggle/input/datasets/jessicamercya/satria-data-2026/BDC2026-20260708T012259Z-3-001 - Copy/BDC2026/train/1_Electronic/Player_199.jpg,Electronic,150,150,JPEG,RGB,1.0,False,ecccbce75761563b52433f35e5442d96,b89ac7658691cea5,9,17
/kaggle/input/datasets/jessicamercya/satria-data-2026/BDC2026-20260708T012259Z-3-001 - Copy/BDC2026/train/1_Electronic/Mouse_199.jpg,Electronic,150,150,JPEG,RGB,1.0,False,f81d43dc3510a13c860733c456abd32f,8e60dc93b38dada4,5,3
/kaggle/input/datasets/jessicamercya/satria-data-2026/BDC2026-20260708T012259Z-3-001 - Copy/BDC2026/train/1_Electronic/azxcvbnm.jpg,Electronic,1200,1200,JPEG,RGB,1.0,False,3589da9b53342ad87f720b9a9bcbea3a,af6bc0a17ca36896,0,43
/kaggle/input/datasets/jessicamercya/satria-data-2026/BDC2026-20260708T012259Z-3-001 - Copy/BDC2026/train/1_Electronic/Printer_145.jpg,Electronic,150,150,JPEG,RGB,1.0,False,3fdca0ba35d3b7125695d15965102215,aa42d5d50f2f94d1,6,53
/kaggle/input/datasets/jessicamercya/satria-data-2026/BDC2026-20260708T012259Z-3-001 - Copy/BDC2026/train/1_Electronic/Mobile_208.jpg,Electronic,150,150,JPEG,RGB,1.0,False,7f28e58701c55053c71d498d0dca47d9,abc7e7c6c4d4418c,1,9
/kaggle/input/datasets/jessicamercya/satria-data-2026/BDC2026-20260708T012259Z-3-001 - Copy/BDC2026/train/1_Electronic/pcb_270.jpg,Electronic,150,150,JPEG,RGB,1.0,False,97feb825da03449e93b9ffff4e2db04d,f1f3188c4bf056c9,7,18
/kaggle/input/datasets/jessicamercya/satria-data-2026/BDC2026-20260708T012259Z-3-001 - Copy/BDC2026/train/1_Electronic/Television_169.jpg,Electronic,150,150,JPEG,RGB,1.0,False,35a85bcdd784756dd18b21fde69bca56,aa42856995eb953d,4,12
/kaggle/input/datasets/jessicamercya/satria-data-2026/BDC2026-20260708T012259Z-3-001 - Copy/BDC2026/train/1_Electronic/Player_236.jpg,Electronic,150,150,JPEG,RGB,1.0,False,fca896de590740d7eca0c787f043a9be,bec8c1370f697a84,9,21
/kaggle/input/datasets/jessicamercya/satria-data-2026/BDC2026-20260708T012259Z-3-001 - Copy/BDC2026/train/1_Electronic/Microwave_42.jpg,Electronic,150,150,JPEG,RGB,1.0,False,63657c8771f9c653b18d2ac1045d13f8,f698a35ae489d3c4,8,20
/kaggle/input/datasets/jessicamercya/satria-data-2026/BDC2026-20260708T012259Z-3-001 - Copy/BDC2026/train/1_Electronic/Mouse_213.jpg,Electronic,150,150,JPEG,RGB,1.0,False,94091af07bc93e789f904227d2440563,b466d2938d99b4b4,5,3
/kaggle/input/datasets/jessicamercya/satria-data-2026/BDC2026-20260708T012259Z-3-001 - Copy/BDC2026/train/1_Electronic/Television_262.jpg,Electronic,150,150,JPEG,RGB,1.0,False,b1e0747dc437b1cc149c7226605ae0cb,afbd9452c6e8b1c0,4,12
/kaggle/input/datasets/jessicamercya/satria-data-2026/BDC2026-20260708T012259Z-3-001 - Copy/BDC2026/train/1_Electronic/Printer_299.jpg,Electronic,150,150,JPEG,RGB,1.0,False,9bb517ca9397ef1bb9fce5a99b3bfccc,8f953f973083a04f,6,6
/kaggle/input/datasets/jessicamercya/satria-data-2026/BDC2026-20260708T012259Z-3-001 - Copy/BDC2026/train/1_Electronic/16.crt-tv-scrap-500x500.jpg,Electronic,500,500,JPEG,RGB,1.0,False,2a7395a11ed9b42c7c60601f3cf7a5dd,a0b936e26bc87e13,0,0
/kaggle/input/datasets/jessicamercya/satria-data-2026/BDC2026-20260708T012259Z-3-001 - Copy/BDC2026/train/1_Electronic/43.depositphotos_266674718-stock-photo-garbage-dump-monitor-computer-old.jpg,Electronic,1600,1167,JPEG,RGB,1.3710368466152527,False,a8c78db5210d43a966fc7281e0ac0a6f,ded290b62fa9298a,0,0
/kaggle/input/datasets/jessicamercya/satria-data-2026/BDC2026-20260708T012259Z-3-001 - Copy/BDC2026/train/1_Electronic/19.old-electronic-chip-scrap-for-industries-2220689887-pv8r63fd.jpg,Electronic,770,756,JPEG,RGB,1.0185185185185186,False,ae7b26d513b6ab8920e760d48d7ed313,9c0519425f3f735c,0,30
/kaggle/input/datasets/jessicamercya/satria-data-2026/BDC2026-20260708T012259Z-3-001 - Copy/BDC2026/train/1_Electronic/battery_91.jpg,Electronic,150,150,JPEG,RGB,1.0,False,d9f79feba4231ae7e136c8c1740537a5,bacec7316cc3b20c,2,32
/kaggle/input/datasets/jessicamercya/satria-data-2026/BDC2026-20260708T012259Z-3-001 - Copy/BDC2026/train/1_Electronic/IMG_20200329_142542.jpg,Electronic,4608,3456,JPEG,RGB,1.3333333333333333,False,5c71e06350e65a489a7cefd0e4f7911b,a554c44e46ab3f35,10,2
/kaggle/input/datasets/jessicamercya/satria-data-2026/BDC2026-20260708T012259Z-3-001 - Copy/BDC2026/train/1_Electronic/battery_138.jpg,Electronic,150,150,JPEG,RGB,1.0,False,4e8bb5d69f48e69468016fc75e31bea9,ef1a91e094e592e5,12,38
/kaggle/input/datasets/jessicamercya/satria-data-2026/BDC2026-20260708T012259Z-3-001 - Copy/BDC2026/train/1_Electronic/battery_120.jpg,Electronic,150,150,JPEG,RGB,1.0,False,d0d2bdc871e8ee06b08e546bb5feb16c,ba91c368cf919c4e,13,19
/kaggle/input/datasets/jessicamercya/satria-data-2026/BDC2026-20260708T012259Z-3-001 - Copy/BDC2026/train/1_Electronic/67.laptop-liquid-damage-repair.png,Electronic,1080,1080,PNG,P,1.0,False,de0c71cbba01ebc752474361951d85a4,f2d2da7e8a849c94,0,54
/kaggle/input/datasets/jessicamercya/satria-data-2026/BDC2026-20260708T012259Z-3-001 - Copy/BDC2026/train/1_Electronic/759.jpg,Electronic,2340,4160,JPEG,RGB,0.5625,False,0724b1af18d432cfe369d5c4e8065673,e18f1a2f254e26dc,5,29
/kaggle/input/datasets/jessicamercya/satria-data-2026/BDC2026-20260708T012259Z-3-001 - Copy/BDC2026/train/1_Electronic/Keyboard_289.jpg,Electronic,150,150,JPEG,RGB,1.0,False,1ab97329d7e6ca7f6dff5a0b9f1e4a59,bf6ac09565c21f23,2,32
/kaggle/input/datasets/jessicamercya/satria-data-2026/BDC2026-20260708T012259Z-3-001 - Copy/BDC2026/train/1_Electronic/25.iron-1508237_1280.jpg,Electronic,1080,600,JPEG,RGB,1.8,False,3e983b5d3e78a74f972cb725771b31a4,efd5d3d4c0d3801a,0,22
/kaggle/input/datasets/jessicamercya/satria-data-2026/BDC2026-20260708T012259Z-3-001 - Copy/BDC2026/train/1_Electronic/Television_23.jpg,Electronic,150,150,JPEG,RGB,1.0,False,c5a5feb3a582f40f987a9419ea311ad5,e767926e26aa9922,4,15
/kaggle/input/datasets/jessicamercya/satria-data-2026/BDC2026-20260708T012259Z-3-001 - Copy/BDC2026/train/1_Electronic/Printer_298.jpg,Electronic,150,150,JPEG,RGB,1.0,False,d8ca1f2510acbc9ffca704bc60623caf,d4e67e827acd25c0,6,6
/kaggle/input/datasets/jessicamercya/satria-data-2026/BDC2026-20260708T012259Z-3-001 - Copy/BDC2026/train/1_Electronic/Mobile_189.jpg,Electronic,150,150,JPEG,RGB,1.0,False,f81b90212039b67b69fcea8198618b60,cbbf25103e376ac0,1,9
/kaggle/input/datasets/jessicamercya/satria-data-2026/BDC2026-20260708T012259Z-3-001 - Copy/BDC2026/train/1_Electronic/IMG-20200328-WA0042.jpg,Electronic,640,1280,JPEG,RGB,0.5,False,b10fec7ecdebe6d344a34cdade8e8b5e,fb93856c8a1e98b1,5,29
/kaggle/input/datasets/jessicamercya/satria-data-2026/BDC2026-20260708T012259Z-3-001 - Copy/BDC2026/train/1_Electronic/Keyboard_234.jpg,Electronic,150,150,JPEG,RGB,1.0,False,4fa46f78c43fb45091cad4ae3f66f7dc,a81ab058ff8fb185,2,25
/kaggle/input/datasets/jessicamercya/satria-data-2026/BDC2026-20260708T012259Z-3-001 - Copy/BDC2026/train/1_Electronic/Television_57.jpg,Electronic,150,150,JPEG,RGB,1.0,False,3a18cd5ed4219aa2d81277555ac057ee,96e1d2d02d9d91bc,4,15
/kaggle/input/datasets/jessicamercya/satria-data-2026/BDC2026-20260708T012259Z-3-001 - Copy/BDC2026/train/1_Electronic/pcb_59.jpg,Electronic,150,150,JPEG,RGB,1.0,False,781f5e2deb339a606915c925a86ebe49,a6c0d8e7383f908f,7,18
/kaggle/input/datasets/jessicamercya/satria-data-2026/BDC2026-20260708T012259Z-3-001 - Copy/BDC2026/train/1_Electronic/Washing_Machine_245.jpg,Electronic,150,150,JPEG,RGB,1.0,False,8d4c6b8fecf45889496e34d2bfdcc24d,e53392c9cf8c9a32,3,35
/kaggle/input/datasets/jessicamercya/satria-data-2026/BDC2026-20260708T012259Z-3-001 - Copy/BDC2026/train/1_Electronic/IMG_20200329_201129.jpg,Electronic,4000,3000,JPEG,RGB,1.3333333333333333,False,b1ec8d4e78c2c1d71739a0bc7c548b3e,f48a350bf40b69da,11,31
/kaggle/input/datasets/jessicamercya/satria-data-2026/BDC2026-20260708T012259Z-3-001 - Copy/BDC2026/train/1_Electronic/Printer_127.jpg,Electronic,150,150,JPEG,RGB,1.0,False,70528ae2cb938c8f39ff0ffaa3b56ca0,fe6a8585716cd384,6,6
/kaggle/input/datasets/jessicamercya/satria-data-2026/BDC2026-20260708T012259Z-3-001 - Copy/BDC2026/train/1_Electronic/72.hand-technician-repairing-broken-laptop-260nw-1719826171.jpg,Electronic,390,280,JPEG,RGB,1.3928571428571428,False,3be10c0cfc06eda5db1925d273a2c2ac,9501a952f717dc47,0,54
/kaggle/input/datasets/jessicamercya/satria-data-2026/BDC2026-20260708T012259Z-3-001 - Copy/BDC2026/train/1_Electronic/imagesyuioop.jpg,Electronic,310,163,JPEG,RGB,1.901840490797546,False,946cb506e6cdbed91d54df65a8f27a3e,fac9164d945d352a,0,34
/kaggle/input/datasets/jessicamercya/satria-data-2026/BDC2026-20260708T012259Z-3-001 - Copy/BDC2026/train/1_Electronic/big-wholesale-lot-broken-computers_1_68bbfd8b51a71dcb355ef30b16cff736.jpg,Electronic,400,262,JPEG,RGB,1.5267175572519085,False,f5bdfda751887a8e5a877347aa398a8b,9b23e52bcd781cc1,0,0
/kaggle/input/datasets/jessicamercya/satria-data-2026/BDC2026-20260708T012259Z-3-001 - Copy/BDC2026/train/1_Electronic/in-phone.jpeg,Electronic,980,551,WEBP,RGB,1.778584392014519,False,03ad0bfa0a3fbf1d0ebb683509dad33b,c83b34e08a3ff326,1,9
/kaggle/input/datasets/jessicamercya/satria-data-2026/BDC2026-20260708T012259Z-3-001 - Copy/BDC2026/train/1_Electronic/Player_20.jpg,Electronic,150,150,JPEG,RGB,1.0,False,24124e7aca246a96d600291b12b2437f,eeb0c10fc45e960f,9,45
/kaggle/input/datasets/jessicamercya/satria-data-2026/BDC2026-20260708T012259Z-3-001 - Copy/BDC2026/train/1_Electronic/314.jpeg,Electronic,1032,581,JPEG,RGB,1.7762478485370052,False,38cd7f8bfa2ef05680a07f64beed6568,9dfecb64cc72c024,11,44
/kaggle/input/datasets/jessicamercya/satria-data-2026/BDC2026-20260708T012259Z-3-001 - Copy/BDC2026/train/1_Electronic/Keyboard_247.jpg,Electronic,150,150,JPEG,RGB,1.0,False,ce78c1ae3ed73f6d7f2093e4229df00c,b9c2d81ff023c63c,2,5
/kaggle/input/datasets/jessicamercya/satria-data-2026/BDC2026-20260708T012259Z-3-001 - Copy/BDC2026/train/1_Electronic/Player_252.jpg,Electronic,150,150,JPEG,RGB,1.0,False,36a815bdb25ecad9aae47e48ee1d19e0,be87c534985a33cc,9,21
/kaggle/input/datasets/jessicamercya/satria-data-2026/BDC2026-20260708T012259Z-3-001 - Copy/BDC2026/train/1_Electronic/254.jpeg,Electronic,1152,864,JPEG,RGB,1.3333333333333333,False,e6db657248bfc4bbbb632f46ff8faeff,804f5bd2544ad7d6,10,2
/kaggle/input/datasets/jessicamercya/satria-data-2026/BDC2026-20260708T012259Z-3-001 - Copy/BDC2026/train/1_Electronic/11.laptops-scrap-1589266802-5424844.jpeg,Electronic,300,225,JPEG,RGB,1.3333333333333333,False,e1ebcb1a6e761de58fcdf4e801aff223,a8d0e836d5e391e9,0,0
/kaggle/input/datasets/jessicamercya/satria-data-2026/BDC2026-20260708T012259Z-3-001 - Copy/BDC2026/train/1_Electronic/battery_289.jpg,Electronic,150,150,JPEG,RGB,1.0,False,6427cf160a4109e49faef2093bbf0d36,f887857896653a87,13,19
/kaggle/input/datasets/jessicamercya/satria-data-2026/BDC2026-20260708T012259Z-3-001 - Copy/BDC2026/train/1_Electronic/812.jpeg,Electronic,864,1152,JPEG,RGB,0.75,False,614a6f3bf74575c373b70a7205896227,a1049dd7cb8a34dd,5,29
/kaggle/input/datasets/jessicamercya/satria-data-2026/BDC2026-20260708T012259Z-3-001 - Copy/BDC2026/train/1_Electronic/Printer_275.jpg,Electronic,150,150,JPEG,RGB,1.0,False,6b5adda7932ffe5fe930b4a1dd5289a7,d7f4e887340a69d8,6,6
/kaggle/input/datasets/jessicamercya/satria-data-2026/BDC2026-20260708T012259Z-3-001 - Copy/BDC2026/train/1_Electronic/Microwave_4.jpg,Electronic,150,150,JPEG,RGB,1.0,False,2dd4a35fe51f90f721f3d7992170fe83,b2c94db6205b87e5,8,20
/kaggle/input/datasets/jessicamercya/satria-data-2026/BDC2026-20260708T012259Z-3-001 - Copy/BDC2026/train/1_Electronic/Keyboard_0.jpg,Electronic,150,150,JPEG,RGB,1.0,False,8f6e46c5f231bff4c455424d9be9be6d,afa4d0b6c05aa95b,2,5
/kaggle/input/datasets/jessicamercya/satria-data-2026/BDC2026-20260708T012259Z-3-001 - Copy/BDC2026/train/1_Electronic/Washing_Machine_237.jpg,Electronic,150,150,JPEG,RGB,1.0,False,f6aaca6fa7a9a55c2a09ba18dea45fa7,a433db8f6c3cc289,3,8
/kaggle/input/datasets/jessicamercya/satria-data-2026/BDC2026-20260708T012259Z-3-001 - Copy/BDC2026/train/1_Electronic/156.jpg,Electronic,4160,2340,JPEG,RGB,1.7777777777777777,False,d9d078baa8ef2bfac4bfdc1bc80a5646,e11d967a19a75934,10,2
/kaggle/input/datasets/jessicamercya/satria-data-2026/BDC2026-20260708T012259Z-3-001 - Copy/BDC2026/train/1_Electronic/19.urban-waste-landscape-stockcake.jpg,Electronic,512,512,JPEG,RGB,1.0,False,20e8223cb2b6cb1e3895c1efd784f81e,8088bbd6665ba72e,0,0
/kaggle/input/datasets/jessicamercya/satria-data-2026/BDC2026-20260708T012259Z-3-001 - Copy/BDC2026/train/1_Electronic/Microwave_87.jpg,Electronic,150,150,JPEG,RGB,1.0,False,0db0a1717b82fb3f5b94a30f82d40604,af93d0e085c03d3f,8,1
/kaggle/input/datasets/jessicamercya/satria-data-2026/BDC2026-20260708T012259Z-3-001 - Copy/BDC2026/train/1_Electronic/Washing_Machine_152.jpg,Electronic,150,150,JPEG,RGB,1.0,False,afce14241ea575e466b6b50c82b076de,b392cccc3233c6e6,3,8
/kaggle/input/datasets/jessicamercya/satria-data-2026/BDC2026-20260708T012259Z-3-001 - Copy/BDC2026/train/1_Electronic/Mouse_28.jpg,Electronic,150,150,JPEG,RGB,1.0,False,1dbcb4bfd3228b2a87088e7f8a7969a8,bccb43d96d037095,5,36
/kaggle/input/datasets/jessicamercya/satria-data-2026/BDC2026-20260708T012259Z-3-001 - Copy/BDC2026/train/1_Electronic/558.jpg,Electronic,2340,4160,JPEG,RGB,0.5625,False,cb995a4c17e57965ed16fd84de7f0218,ad78c0c27b6de03c,1,4
/kaggle/input/datasets/jessicamercya/satria-data-2026/BDC2026-20260708T012259Z-3-001 - Copy/BDC2026/train/1_Electronic/IMG_20200328_131600.jpg,Electronic,4000,2250,JPEG,RGB,1.7777777777777777,False,82b47ff706f7dffe46f39fd2b53f6d8f,bdc2cb9c29a065ae,1,4
/kaggle/input/datasets/jessicamercya/satria-data-2026/BDC2026-20260708T012259Z-3-001 - Copy/BDC2026/train/1_Electronic/512.jpeg,Electronic,720,1280,JPEG,RGB,0.5625,False,c37334846999eba85a30d8110ef17944,b491c7ca784e347a,1,55
/kaggle/input/datasets/jessicamercya/satria-data-2026/BDC2026-20260708T012259Z-3-001 - Copy/BDC2026/train/1_Electronic/612.jpeg,Electronic,1160,870,JPEG,RGB,1.3333333333333333,False,67c97572d7b642612e5b742cded5995d,af3ac0d48dd2a64b,11,47
/kaggle/input/datasets/jessicamercya/satria-data-2026/BDC2026-20260708T012259Z-3-001 - Copy/BDC2026/train/1_Electronic/76.MmcGCJOWDe8-2.jpg,Electronic,640,480,JPEG,RGB,1.3333333333333333,False,a8b24fdcaecab4a234adfc498c1a1775,f3e4c40e4c9a7995,0,0
/kaggle/input/datasets/jessicamercya/satria-data-2026/BDC2026-20260708T012259Z-3-001 - Copy/BDC2026/train/1_Electronic/upload_5301.jpg,Electronic,2500,1726,JPEG,RGB,1.4484356894553883,False,39a61c2ecc18e4316b16a104c93f1898,d9810ef81bdf08d9,7,7
/kaggle/input/datasets/jessicamercya/satria-data-2026/BDC2026-20260708T012259Z-3-001 - Copy/BDC2026/train/1_Electronic/battery_115.jpg,Electronic,150,150,JPEG,RGB,1.0,False,b9526d7833ef2989e6096ac978d25741,ae9fcb65924964d0,14,24
/kaggle/input/datasets/jessicamercya/satria-data-2026/BDC2026-20260708T012259Z-3-001 - Copy/BDC2026/train/1_Electronic/Mobile_194.jpg,Electronic,150,150,JPEG,RGB,1.0,False,e481700906a369005ea57d82672f84a6,baea95a69595a494,1,9
/kaggle/input/datasets/jessicamercya/satria-data-2026/BDC2026-20260708T012259Z-3-001 - Copy/BDC2026/train/1_Electronic/pcb_294.jpg,Electronic,150,150,JPEG,RGB,1.0,False,5c9d6b6e6892650976dc55137b18be15,eea0f44ab3d2abc0,7,23
/kaggle/input/datasets/jessicamercya/satria-data-2026/BDC2026-20260708T012259Z-3-001 - Copy/BDC2026/train/1_Electronic/Television_238.jpg,Electronic,150,150,JPEG,RGB,1.0,False,d1e31ec5fc10c06a9934a8275b4c84ed,9f33e8cc96e1051e,4,10
/kaggle/input/datasets/jessicamercya/satria-data-2026/BDC2026-20260708T012259Z-3-001 - Copy/BDC2026/train/1_Electronic/259.jpeg,Electronic,1152,864,JPEG,RGB,1.3333333333333333,False,0019ee24dff80f24cf07d6b42f4d9eb1,ad820735603fc33f,10,2
/kaggle/input/datasets/jessicamercya/satria-data-2026/BDC2026-20260708T012259Z-3-001 - Copy/BDC2026/train/1_Electronic/Printer_124.jpg,Electronic,150,150,JPEG,RGB,1.0,False,0475906cb12e73a3ef977a443f0db48a,a586ea859c9e2575,6,6
/kaggle/input/datasets/jessicamercya/satria-data-2026/BDC2026-20260708T012259Z-3-001 - Copy/BDC2026/train/1_Electronic/61.pile-discarded-computer-monitors-electronics-landfill-environmental-pollution-pile-discarded-computer-monitors-437381574.jpg,Electronic,800,450,JPEG,RGB,1.7777777777777777,False,a440548be4738d41f2f22427850e1864,91bbc44c5a4f073e,0,0
/kaggle/input/datasets/jessicamercya/satria-data-2026/BDC2026-20260708T012259Z-3-001 - Copy/BDC2026/train/1_Electronic/68.kiel-germany-november-22-2018-260nw-1511680658.jpg,Electronic,390,280,JPEG,RGB,1.3928571428571428,False,f6cc017c8da46a6d8c9ebee2930d6159,abbdf1508e45a1c9,0,0
/kaggle/input/datasets/jessicamercya/satria-data-2026/BDC2026-20260708T012259Z-3-001 - Copy/BDC2026/train/1_Electronic/Washing_Machine_274.jpg,Electronic,150,150,JPEG,RGB,1.0,False,e5b0c47501998532f64bdc11614b43e3,e4c3922ccf9ccd34,3,35
/kaggle/input/datasets/jessicamercya/satria-data-2026/BDC2026-20260708T012259Z-3-001 - Copy/BDC2026/train/1_Electronic/Television_230.jpg,Electronic,150,150,JPEG,RGB,1.0,False,2174726dd50d98fc51dd1243e7c55122,82a5e07abd0f95e1,4,10
/kaggle/input/datasets/jessicamercya/satria-data-2026/BDC2026-20260708T012259Z-3-001 - Copy/BDC2026/train/1_Electronic/Mouse_228.jpg,Electronic,150,150,JPEG,RGB,1.0,False,ae8bedad52eb342ab633900b965084f0,aa84e47a9f2572d4,5,3
/kaggle/input/datasets/jessicamercya/satria-data-2026/BDC2026-20260708T012259Z-3-001 - Copy/BDC2026/train/1_Electronic/unnamed (1).jpg,Electronic,512,384,JPEG,RGB,1.3333333333333333,False,afe87e12df973cc0fbd015cb4679b2d3,bafcc3b24a870393,7,7
/kaggle/input/datasets/jessicamercya/satria-data-2026/BDC2026-20260708T012259Z-3-001 - Copy/BDC2026/train/1_Electronic/WhatsApp Image 2020-11-01 at 1.22.14 PM.jpeg,Electronic,1280,720,JPEG,RGB,1.7777777777777777,False,750e0fe52dec86d739e53ecf7f297b56,d1cce639199b1d26,15,46
/kaggle/input/datasets/jessicamercya/satria-data-2026/BDC2026-20260708T012259Z-3-001 - Copy/BDC2026/train/1_Electronic/Washing_Machine_10.jpg,Electronic,150,150,JPEG,RGB,1.0,False,b1df5cc50e98c3d128e476a767ed4f30,eac89c92b569c5c6,3,27
/kaggle/input/datasets/jessicamercya/satria-data-2026/BDC2026-20260708T012259Z-3-001 - Copy/BDC2026/train/1_Electronic/pcb_260.jpg,Electronic,150,150,JPEG,RGB,1.0,False,49e537db6c7d25c0f6af57ec593dadd6,bde4c21b831cbab4,2,25
/kaggle/input/datasets/jessicamercya/satria-data-2026/BDC2026-20260708T012259Z-3-001 - Copy/BDC2026/train/1_Electronic/11.jpeg,Electronic,581,1032,JPEG,RGB,0.562984496124031,False,d9aed8d5290701194048f81c2c2e9ab4,b6b6e56d6d2c2c04,11,31
/kaggle/input/datasets/jessicamercya/satria-data-2026/BDC2026-20260708T012259Z-3-001 - Copy/BDC2026/train/1_Electronic/Washing_Machine_298.jpg,Electronic,150,150,JPEG,RGB,1.0,False,06332f5993fb217a7c230d133cdb8734,b08e92658e936d9b,3,33
/kaggle/input/datasets/jessicamercya/satria-data-2026/BDC2026-20260708T012259Z-3-001 - Copy/BDC2026/train/1_Electronic/189.jpeg,Electronic,1280,720,JPEG,RGB,1.7777777777777777,False,1696ef20d5cc1cc6303d21d52f048921,b46e99658a52cd93,10,2
/kaggle/input/datasets/jessicamercya/satria-data-2026/BDC2026-20260708T012259Z-3-001 - Copy/BDC2026/train/1_Electronic/Mouse_263.jpg,Electronic,150,150,JPEG,RGB,1.0,False,3b52f0e6263e7fdea45bfcfb41aaec9a,859837c65a61676b,5,36
/kaggle/input/datasets/jessicamercya/satria-data-2026/BDC2026-20260708T012259Z-3-001 - Copy/BDC2026/train/1_Electronic/pcb_39.jpg,Electronic,150,150,JPEG,RGB,1.0,False,5197191e452c6137ebcd27b47f90f06d,c1646e4e9ec39a8d,7,18
/kaggle/input/datasets/jessicamercya/satria-data-2026/BDC2026-20260708T012259Z-3-001 - Copy/BDC2026/train/1_Electronic/Microwave_44.jpg,Electronic,150,150,JPEG,RGB,1.0,False,2e5e2654dd0d6ceb87c8197b59c538ee,aae6953dc816c2d6,8,20
/kaggle/input/datasets/jessicamercya/satria-data-2026/BDC2026-20260708T012259Z-3-001 - Copy/BDC2026/train/1_Electronic/Printer_70.jpg,Electronic,150,150,JPEG,RGB,1.0,False,1eb93b4915faa37c85ba2a19efbe4d78,8aba35b887c09bb9,6,6
/kaggle/input/datasets/jessicamercya/satria-data-2026/BDC2026-20260708T012259Z-3-001 - Copy/BDC2026/train/1_Electronic/Player_103.jpg,Electronic,150,150,JPEG,RGB,1.0,False,675e1967be936c45bf664962df1e4b82,e54252a5191e6b3f,9,50
/kaggle/input/datasets/jessicamercya/satria-data-2026/BDC2026-20260708T012259Z-3-001 - Copy/BDC2026/train/1_Electronic/18.stock-photo-black-keyboards-in-a-pile-computer-junk-2303912471.jpg,Electronic,1500,1101,JPEG,RGB,1.3623978201634876,False,1ab7dbec3580e0503d3165cff20fbc27,be587aae60fa6888,0,0
/kaggle/input/datasets/jessicamercya/satria-data-2026/BDC2026-20260708T012259Z-3-001 - Copy/BDC2026/train/1_Electronic/788.jpeg,Electronic,4000,3000,JPEG,RGB,1.3333333333333333,False,3900b84ceb97091c3adaef5c5df1ec88,e6195c661936339b,5,29
/kaggle/input/datasets/jessicamercya/satria-data-2026/BDC2026-20260708T012259Z-3-001 - Copy/BDC2026/train/1_Electronic/Television_79.jpg,Electronic,150,150,JPEG,RGB,1.0,False,a2818c05c6d51756d25f244d52b8dd53,953f7d196a486a45,4,12
/kaggle/input/datasets/jessicamercya/satria-data-2026/BDC2026-20260708T012259Z-3-001 - Copy/BDC2026/train/1_Electronic/Television_88.jpg,Electronic,150,150,JPEG,RGB,1.0,False,2079f9fac8acb6c23e8059c8cefd9460,c3c12a2a5d6f1d47,4,15
/kaggle/input/datasets/jessicamercya/satria-data-2026/BDC2026-20260708T012259Z-3-001 - Copy/BDC2026/train/1_Electronic/imagescv.jpg,Electronic,310,162,JPEG,RGB,1.9135802469135803,False,7dfc0e6baad47db5ba853ea121623b07,f862c29e31fda311,0,34
/kaggle/input/datasets/jessicamercya/satria-data-2026/BDC2026-20260708T012259Z-3-001 - Copy/BDC2026/train/1_Electronic/wiring_problems_xl_banner.jpg,Electronic,1400,1400,JPEG,RGB,1.0,False,65d509a50188e528861b0bbea75b5914,9f84c0d709c6794f,7,7
/kaggle/input/datasets/jessicamercya/satria-data-2026/BDC2026-20260708T012259Z-3-001 - Copy/BDC2026/train/1_Electronic/Microwave_22.jpg,Electronic,150,150,JPEG,RGB,1.0,False,f3379ec96e0fadc0beb7497925286d55,93c563a391c5d639,2,40
/kaggle/input/datasets/jessicamercya/satria-data-2026/BDC2026-20260708T012259Z-3-001 - Copy/BDC2026/train/1_Electronic/Mobile_243.jpg,Electronic,150,150,JPEG,RGB,1.0,False,47b6ee573bb0b1397dcb38a802f974d4,c7be346168ca7896,2,25
/kaggle/input/datasets/jessicamercya/satria-data-2026/BDC2026-20260708T012259Z-3-001 - Copy/BDC2026/train/1_Electronic/2.obsolete_electronic_parts_TW.png,Electronic,1024,512,PNG,RGB,2.0,False,80d5d9a49ea328feae7902cdb7c7f844,939066863c3f92bd,0,0
/kaggle/input/datasets/jessicamercya/satria-data-2026/BDC2026-20260708T012259Z-3-001 - Copy/BDC2026/train/1_Electronic/rtyrtyrtyrtyrty.jpg,Electronic,262,192,JPEG,RGB,1.3645833333333333,False,2c235ff55f7947bd350bf57c1bb40805,95b62c296ba3738a,7,7
/kaggle/input/datasets/jessicamercya/satria-data-2026/BDC2026-20260708T012259Z-3-001 - Copy/BDC2026/train/1_Electronic/Washing_Machine_165.jpg,Electronic,150,150,JPEG,RGB,1.0,False,c7c4080053124a61fa9315df21da198b,e5e5cfc78818b232,3,8
/kaggle/input/datasets/jessicamercya/satria-data-2026/BDC2026-20260708T012259Z-3-001 - Copy/BDC2026/train/1_Electronic/pcb_51.jpg,Electronic,150,150,JPEG,RGB,1.0,False,e784d0b810d7b0111abd3cc4a7e8152e,9a75851ee13cca72,7,7
/kaggle/input/datasets/jessicamercya/satria-data-2026/BDC2026-20260708T012259Z-3-001 - Copy/BDC2026/train/1_Electronic/battery_98.jpg,Electronic,150,150,JPEG,RGB,1.0,False,ea1219ab7173c9639f6345b5e8f32960,afc8c015bdf306c6,14,24
/kaggle/input/datasets/jessicamercya/satria-data-2026/BDC2026-20260708T012259Z-3-001 - Copy/BDC2026/train/1_Electronic/Printer_125.jpg,Electronic,150,150,JPEG,RGB,1.0,False,9a9ef532c9f3c12aafe8db57a7821476,873059c9975f2157,6,6
/kaggle/input/datasets/jessicamercya/satria-data-2026/BDC2026-20260708T012259Z-3-001 - Copy/BDC2026/train/1_Electronic/Mouse_167.jpg,Electronic,150,150,JPEG,RGB,1.0,False,a8e1b1f390233471361ffb1c50bd1422,84953f5c78746173,5,3
/kaggle/input/datasets/jessicamercya/satria-data-2026/BDC2026-20260708T012259Z-3-001 - Copy/BDC2026/train/1_Electronic/Washing_Machine_39.jpg,Electronic,150,150,JPEG,RGB,1.0,False,4c7d9d702e21be3d1025d15196daa700,e16ccece39983691,3,8
/kaggle/input/datasets/jessicamercya/satria-data-2026/BDC2026-20260708T012259Z-3-001 - Copy/BDC2026/train/1_Electronic/Mouse_287.jpg,Electronic,150,150,JPEG,RGB,1.0,False,11194b11a6882cebff421b8cf2ddf9be,d8756bd22c592665,5,36
/kaggle/input/datasets/jessicamercya/satria-data-2026/BDC2026-20260708T012259Z-3-001 - Copy/BDC2026/train/1_Electronic/Washing_Machine_67.jpg,Electronic,150,150,JPEG,RGB,1.0,False,d18551fa68be293c9ae5e9b01558f9aa,edcb92946d929869,3,8
/kaggle/input/datasets/jessicamercya/satria-data-2026/BDC2026-20260708T012259Z-3-001 - Copy/BDC2026/train/1_Electronic/Keyboard_2.jpg,Electronic,150,150,JPEG,RGB,1.0,False,d28b32dd70c74685cddd4dcd6aff4553,ff4aa956847dc094,2,13
/kaggle/input/datasets/jessicamercya/satria-data-2026/BDC2026-20260708T012259Z-3-001 - Copy/BDC2026/train/1_Electronic/68.shutterstock_644488942.jpg,Electronic,700,522,JPEG,RGB,1.3409961685823755,False,b82be14970fbc724c1f029e87cc02732,89332d69370b35ec,0,0
/kaggle/input/datasets/jessicamercya/satria-data-2026/BDC2026-20260708T012259Z-3-001 - Copy/BDC2026/train/1_Electronic/Washing_Machine_154.jpg,Electronic,150,150,JPEG,RGB,1.0,False,538da4a756c87ff2a72271f4ef4e12e1,c1903e3e3e2f6ac2,3,33
/kaggle/input/datasets/jessicamercya/satria-data-2026/BDC2026-20260708T012259Z-3-001 - Copy/BDC2026/train/1_Electronic/Microwave_122.jpg,Electronic,150,150,JPEG,RGB,1.0,False,0b8035eaa38880c7becbf9233e435260,eb96946949623e96,8,1
/kaggle/input/datasets/jessicamercya/satria-data-2026/BDC2026-20260708T012259Z-3-001 - Copy/BDC2026/train/1_Electronic/Printer_0.jpg,Electronic,150,150,JPEG,RGB,1.0,False,9db9a27f56181e40fa5c2815cd9914a5,ea68951fc3968f18,6,52
/kaggle/input/datasets/jessicamercya/satria-data-2026/BDC2026-20260708T012259Z-3-001 - Copy/BDC2026/train/1_Electronic/20.jpeg,Electronic,864,1152,JPEG,RGB,0.75,False,c878c6c891daa8e5dbaa9cd57f40f31b,e33904ff0556174e,11,31
/kaggle/input/datasets/jessicamercya/satria-data-2026/BDC2026-20260708T012259Z-3-001 - Copy/BDC2026/train/1_Electronic/IMG_20200329_201125.jpg,Electronic,4000,3000,JPEG,RGB,1.3333333333333333,False,78de2bbc9dc5c3b2d9924587da701ee3,9ecb6f3022b032be,11,31
/kaggle/input/datasets/jessicamercya/satria-data-2026/BDC2026-20260708T012259Z-3-001 - Copy/BDC2026/train/1_Electronic/battery_53.jpg,Electronic,150,150,JPEG,RGB,1.0,False,69cda2526615d859bf016f8b42cdcf54,be6ec1901e1b60ed,2,32
/kaggle/input/datasets/jessicamercya/satria-data-2026/BDC2026-20260708T012259Z-3-001 - Copy/BDC2026/train/1_Electronic/64.P2WYAU6Q75CRVDM3JOMX4PKTXU.jpg,Electronic,1920,1080,JPEG,RGB,1.7777777777777777,False,76115182b10caa55a6639f3a38f4bd55,f879d79a706103c5,0,22
/kaggle/input/datasets/jessicamercya/satria-data-2026/BDC2026-20260708T012259Z-3-001 - Copy/BDC2026/train/1_Electronic/620.jpeg,Electronic,1152,864,JPEG,RGB,1.3333333333333333,False,d864b5bfff3dc2e0358aac145a92a926,f21fc4008fe0cfa7,11,41
/kaggle/input/datasets/jessicamercya/satria-data-2026/BDC2026-20260708T012259Z-3-001 - Copy/BDC2026/train/1_Electronic/Printer_101.jpg,Electronic,150,150,JPEG,RGB,1.0,False,c73fa33848896157ad5e7312d5ae6264,d2632dcbe43c253c,6,53
/kaggle/input/datasets/jessicamercya/satria-data-2026/BDC2026-20260708T012259Z-3-001 - Copy/BDC2026/train/1_Electronic/Television_30.jpg,Electronic,150,150,JPEG,RGB,1.0,False,391de2b52c3fe455b25d93de057972af,94d3592e46193bc7,4,12
/kaggle/input/datasets/jessicamercya/satria-data-2026/BDC2026-20260708T012259Z-3-001 - Copy/BDC2026/train/1_Electronic/797.jpeg,Electronic,581,1032,JPEG,RGB,0.562984496124031,False,374c48974b5d9049776846708db52b60,d280c26ffb3668c3,5,29
/kaggle/input/datasets/jessicamercya/satria-data-2026/BDC2026-20260708T012259Z-3-001 - Copy/BDC2026/train/1_Electronic/battery_283.jpg,Electronic,150,150,JPEG,RGB,1.0,False,d1e980c95160294c64c85242cd7cb2c0,bec5d03ec7904a9a,12,38
/kaggle/input/datasets/jessicamercya/satria-data-2026/BDC2026-20260708T012259Z-3-001 - Copy/BDC2026/train/1_Electronic/Mobile_133.jpg,Electronic,150,150,JPEG,RGB,1.0,False,6bcd1fdc5a1645b65d75161cd9c82fd8,d68a977f3c703098,2,25
/kaggle/input/datasets/jessicamercya/satria-data-2026/BDC2026-20260708T012259Z-3-001 - Copy/BDC2026/train/1_Electronic/5.shutterstock_165393359_news_featured.jpg,Electronic,1000,666,JPEG,RGB,1.5015015015015014,False,305bec0b3bdc3df984ce34743e937654,db836c6491d912f6,0,14
/kaggle/input/datasets/jessicamercya/satria-data-2026/BDC2026-20260708T012259Z-3-001 - Copy/BDC2026/train/1_Electronic/Washing_Machine_145.jpg,Electronic,150,150,JPEG,RGB,1.0,False,d7696d8ed408c55aeab717d36d638cb1,b2b4cccc3031cfc7,3,8
/kaggle/input/datasets/jessicamercya/satria-data-2026/BDC2026-20260708T012259Z-3-001 - Copy/BDC2026/train/1_Electronic/Television_80.jpg,Electronic,150,150,JPEG,RGB,1.0,False,ad8bc99629f06b3d821358be286c6c77,8dee6239c824c97b,4,12
/kaggle/input/datasets/jessicamercya/satria-data-2026/BDC2026-20260708T012259Z-3-001 - Copy/BDC2026/train/1_Electronic/Keyboard_34.jpg,Electronic,150,150,JPEG,RGB,1.0,False,149ed9d3fd281df5f04f237c3c9a493e,fed5c081c22ac33f,2,5
/kaggle/input/datasets/jessicamercya/satria-data-2026/BDC2026-20260708T012259Z-3-001 - Copy/BDC2026/train/1_Electronic/63.obsolete-electronics-household-items-recycling-concept_875825-75108.jpg,Electronic,626,417,JPEG,RGB,1.501199040767386,False,8d6f57342cffd3f8f63dc6ffb5f44380,a76d494228933cef,0,0
/kaggle/input/datasets/jessicamercya/satria-data-2026/BDC2026-20260708T012259Z-3-001 - Copy/BDC2026/train/1_Electronic/Television_53.jpg,Electronic,150,150,JPEG,RGB,1.0,False,62970fc6f29715343a8b489d0e65be18,f8a116c6279636d6,4,15
/kaggle/input/datasets/jessicamercya/satria-data-2026/BDC2026-20260708T012259Z-3-001 - Copy/BDC2026/train/1_Electronic/Microwave_61.jpg,Electronic,150,150,JPEG,RGB,1.0,False,a55e20868dd95c137b79d1f6add24e63,ad8ac2a5cc85b733,8,1
/kaggle/input/datasets/jessicamercya/satria-data-2026/BDC2026-20260708T012259Z-3-001 - Copy/BDC2026/train/1_Electronic/Washing_Machine_208.jpg,Electronic,150,150,JPEG,RGB,1.0,False,786d5b24eb147560325f1af56d25c77d,eed093276cd896a1,3,27
/kaggle/input/datasets/jessicamercya/satria-data-2026/BDC2026-20260708T012259Z-3-001 - Copy/BDC2026/train/1_Electronic/Mouse_63.jpg,Electronic,150,150,JPEG,RGB,1.0,False,61e7a8858fe57f146809a103b8380b27,ea3594c293c9d2cd,5,26
/kaggle/input/datasets/jessicamercya/satria-data-2026/BDC2026-20260708T012259Z-3-001 - Copy/BDC2026/train/1_Electronic/Printer_287.jpg,Electronic,150,150,JPEG,RGB,1.0,False,267febfd7ffe5679b2475c51d7f3f2fc,d2a42c5b9fa12d99,6,6
/kaggle/input/datasets/jessicamercya/satria-data-2026/BDC2026-20260708T012259Z-3-001 - Copy/BDC2026/train/1_Electronic/522.jpeg,Electronic,780,1040,JPEG,RGB,0.75,False,334a02a4547a670901e45726940bf9ee,ac7313ce8239cf64,1,4
/kaggle/input/datasets/jessicamercya/satria-data-2026/BDC2026-20260708T012259Z-3-001 - Copy/BDC2026/train/1_Electronic/battery_127.jpg,Electronic,150,150,JPEG,RGB,1.0,False,423dae1cc949c33d558cae99bebdca6a,be2790528b71cdb2,13,19
/kaggle/input/datasets/jessicamercya/satria-data-2026/BDC2026-20260708T012259Z-3-001 - Copy/BDC2026/train/1_Electronic/Mobile_289.jpg,Electronic,150,150,JPEG,RGB,1.0,False,0d58c76f80bf7c6a48696c0175418ffe,a5cf9e98308f6338,2,25
/kaggle/input/datasets/jessicamercya/satria-data-2026/BDC2026-20260708T012259Z-3-001 - Copy/BDC2026/train/1_Electronic/Printer_62.jpg,Electronic,150,150,JPEG,RGB,1.0,False,8bf4d090a3a498f79b7c94e64fa5e003,91212f58b7d628d7,6,6
/kaggle/input/datasets/jessicamercya/satria-data-2026/BDC2026-20260708T012259Z-3-001 - Copy/BDC2026/train/1_Electronic/Printer_227.jpg,Electronic,150,150,JPEG,RGB,1.0,False,aaad0460d83635dc2f6809aab35dcc39,90d5350bd81d5bb5,6,6
/kaggle/input/datasets/jessicamercya/satria-data-2026/BDC2026-20260708T012259Z-3-001 - Copy/BDC2026/train/1_Electronic/Television_150.jpg,Electronic,150,150,JPEG,RGB,1.0,False,9288dfa54d628dec894dc88d2ce6cdfb,cb43fc34747d9038,4,15
/kaggle/input/datasets/jessicamercya/satria-data-2026/BDC2026-20260708T012259Z-3-001 - Copy/BDC2026/train/1_Electronic/Washing_Machine_117.jpg,Electronic,150,150,JPEG,RGB,1.0,False,0dcc3c8996c56c17754a6a55f7c8e8ba,b432323092d3cfcf,3,28
/kaggle/input/datasets/jessicamercya/satria-data-2026/BDC2026-20260708T012259Z-3-001 - Copy/BDC2026/train/1_Electronic/611rmboost.jpg,Electronic,1024,768,JPEG,RGB,1.3333333333333333,False,f34a9019fe682f4d3cb4b3a85bce292d,99f26c89b364595c,7,7
/kaggle/input/datasets/jessicamercya/satria-data-2026/BDC2026-20260708T012259Z-3-001 - Copy/BDC2026/train/1_Electronic/aGg1KNn_460s.jpg,Electronic,460,345,JPEG,RGB,1.3333333333333333,False,ec0ef0c7dbe8f4713c3f095fd3d8c903,ab51dc2a81912f9f,6,6
/kaggle/input/datasets/jessicamercya/satria-data-2026/BDC2026-20260708T012259Z-3-001 - Copy/BDC2026/train/1_Electronic/Microwave_212.jpg,Electronic,150,150,JPEG,RGB,1.0,False,2ab05e3d6f8d48956ddf474383360012,ac9ad361ce64319b,8,1
/kaggle/input/datasets/jessicamercya/satria-data-2026/BDC2026-20260708T012259Z-3-001 - Copy/BDC2026/train/1_Electronic/Mobile_157.jpg,Electronic,150,150,JPEG,RGB,1.0,False,36125f8c09bb2dd3e7c37372969260b8,e8878e782a978766,1,16
/kaggle/input/datasets/jessicamercya/satria-data-2026/BDC2026-20260708T012259Z-3-001 - Copy/BDC2026/train/1_Electronic/pcb_224.jpg,Electronic,150,150,JPEG,RGB,1.0,False,a1ae03ce41b866927a3ffae0846c64dc,ee3e93c1c871468e,7,7
/kaggle/input/datasets/jessicamercya/satria-data-2026/BDC2026-20260708T012259Z-3-001 - Copy/BDC2026/train/1_Electronic/Mobile_75.jpg,Electronic,150,150,JPEG,RGB,1.0,False,7013dcfa9d94f78db0f19345ed49bb94,b174cecf319c2465,1,9
/kaggle/input/datasets/jessicamercya/satria-data-2026/BDC2026-20260708T012259Z-3-001 - Copy/BDC2026/train/1_Electronic/80.Untitled-design.jpg,Electronic,400,300,JPEG,RGB,1.3333333333333333,False,3861d104911acd50bd0a1d72211660fd,d8c6c27ebe118bc8,0,22
/kaggle/input/datasets/jessicamercya/satria-data-2026/BDC2026-20260708T012259Z-3-001 - Copy/BDC2026/train/1_Electronic/3.broken-led-tv-matrix-damage-260nw-1846494913.jpg,Electronic,426,280,JPEG,RGB,1.5214285714285714,False,8843faad9f36a64ba0ad0714b75b9e4e,b595ca4fe24ae146,4,49
/kaggle/input/datasets/jessicamercya/satria-data-2026/BDC2026-20260708T012259Z-3-001 - Copy/BDC2026/train/1_Electronic/Mouse_201.jpg,Electronic,150,150,JPEG,RGB,1.0,False,41b824af5fea2fe15ddafd55c94f50c3,c02f3fc4f8e68513,5,3
/kaggle/input/datasets/jessicamercya/satria-data-2026/BDC2026-20260708T012259Z-3-001 - Copy/BDC2026/train/1_Electronic/imagesdfgdff.jpg,Electronic,238,211,JPEG,RGB,1.127962085308057,False,06269b1cdfea78a6b0e0754affd0b85e,c648e0b737c77928,7,7
/kaggle/input/datasets/jessicamercya/satria-data-2026/BDC2026-20260708T012259Z-3-001 - Copy/BDC2026/train/1_Electronic/Player_266.jpg,Electronic,150,150,JPEG,RGB,1.0,False,35942d95fdcd769adf40f47ccd488483,afcafa04e59d0760,9,60
/kaggle/input/datasets/jessicamercya/satria-data-2026/BDC2026-20260708T012259Z-3-001 - Copy/BDC2026/train/1_Electronic/Mouse_216.jpg,Electronic,150,150,JPEG,RGB,1.0,False,f47a7893339610c1fa3e0b9706675ea5,e99e9668c32fcc84,5,3
/kaggle/input/datasets/jessicamercya/satria-data-2026/BDC2026-20260708T012259Z-3-001 - Copy/BDC2026/train/1_Electronic/787.jpeg,Electronic,1280,960,JPEG,RGB,1.3333333333333333,False,0a50890e7149eb7abcab0032bb8a0fea,d9b3b2d9d8662688,5,29
/kaggle/input/datasets/jessicamercya/satria-data-2026/BDC2026-20260708T012259Z-3-001 - Copy/BDC2026/train/1_Electronic/Mobile_177.jpg,Electronic,150,150,JPEG,RGB,1.0,False,82e591875f22fe2a8560ada1af943941,e3bc1cca29e7306c,1,55
/kaggle/input/datasets/jessicamercya/satria-data-2026/BDC2026-20260708T012259Z-3-001 - Copy/BDC2026/train/1_Electronic/Microwave_91.jpg,Electronic,150,150,JPEG,RGB,1.0,False,d76766741a87995ef89d98514793e94f,bb96c0d99f2c3a24,8,1
/kaggle/input/datasets/jessicamercya/satria-data-2026/BDC2026-20260708T012259Z-3-001 - Copy/BDC2026/train/1_Electronic/pcb_113.jpg,Electronic,150,150,JPEG,RGB,1.0,False,6c010811c8f1d9875c6df3e07a78f235,ae1ad3238d6ad847,7,7
/kaggle/input/datasets/jessicamercya/satria-data-2026/BDC2026-20260708T012259Z-3-001 - Copy/BDC2026/train/1_Electronic/pcb_167.jpg,Electronic,150,150,JPEG,RGB,1.0,False,660e23993384e84a254004d026819b33,f731f507c80464cf,7,7
/kaggle/input/datasets/jessicamercya/satria-data-2026/BDC2026-20260708T012259Z-3-001 - Copy/BDC2026/train/1_Electronic/Mobile_86.jpg,Electronic,150,150,JPEG,RGB,1.0,False,36700b359b5bb1ff9370182d947f5dc4,f480cbcdcd6c88b6,1,16
/kaggle/input/datasets/jessicamercya/satria-data-2026/BDC2026-20260708T012259Z-3-001 - Copy/BDC2026/train/1_Electronic/Mouse_139.jpg,Electronic,150,150,JPEG,RGB,1.0,False,a918d658639bb92d16a3760b8c5cc77a,ee7833c69827061f,5,3
/kaggle/input/datasets/jessicamercya/satria-data-2026/BDC2026-20260708T012259Z-3-001 - Copy/BDC2026/train/1_Electronic/Washing_Machine_200.jpg,Electronic,150,150,JPEG,RGB,1.0,False,d1ff33a3ccc21337f8c423691d6dc2f8,b465cfc961369299,3,8
/kaggle/input/datasets/jessicamercya/satria-data-2026/BDC2026-20260708T012259Z-3-001 - Copy/BDC2026/train/1_Electronic/pcb_145.jpg,Electronic,150,150,JPEG,RGB,1.0,False,36b6e7140d84df87f4d85b8472fa42d8,ee8f91f04f4f0825,7,18
/kaggle/input/datasets/jessicamercya/satria-data-2026/BDC2026-20260708T012259Z-3-001 - Copy/BDC2026/train/1_Electronic/17.john-cameron-ewaste.jpg,Electronic,2000,1266,JPEG,RGB,1.5797788309636651,False,a7e959b2dc72c72680471db498262ff7,d80cc97007dfaf16,0,0
/kaggle/input/datasets/jessicamercya/satria-data-2026/BDC2026-20260708T012259Z-3-001 - Copy/BDC2026/train/1_Electronic/Television_211.jpg,Electronic,150,150,JPEG,RGB,1.0,False,f457ab30fbef0838ef657f0e7857172f,bbb3a5ca848cc9ca,4,10
/kaggle/input/datasets/jessicamercya/satria-data-2026/BDC2026-20260708T012259Z-3-001 - Copy/BDC2026/train/1_Electronic/77.an-old-tv-shattered-by-a-bullet-hole-in-a-garbage-pile-behind-a-wrecked-abandoned-house-wonder-valley-california-usa-high-desert-mojave-MN9P1X.jpg,Electronic,1300,956,JPEG,RGB,1.3598326359832635,False,69e7cd7e1362a1727723d0c2f743ae2c,ddd6f6d6528210f0,0,39
/kaggle/input/datasets/jessicamercya/satria-data-2026/BDC2026-20260708T012259Z-3-001 - Copy/BDC2026/train/1_Electronic/583.jpeg,Electronic,864,1152,JPEG,RGB,0.75,False,f267976ed0478ea22ad4fbd68b4c84b9,b4c3c3cbc32c693c,1,4
/kaggle/input/datasets/jessicamercya/satria-data-2026/BDC2026-20260708T012259Z-3-001 - Copy/BDC2026/train/1_Electronic/12.pile-discarded-motherboards-cpus-cables-disc-drives-hijacked-hardware-heap-concept-electronic-waste-tech-recycling-hardware-reuse-sustainable-technology-environmental-impact_864588-263287.jpg,Electronic,626,313,JPEG,RGB,2.0,False,fbbd768a52be3eb694fdf22916347832,a2985699a8be15f6,0,14
/kaggle/input/datasets/jessicamercya/satria-data-2026/BDC2026-20260708T012259Z-3-001 - Copy/BDC2026/train/1_Electronic/Mobile_272.jpg,Electronic,150,150,JPEG,RGB,1.0,False,c9bb6d87daf24b2e84b846db86c3a9eb,bb406433fde6c864,1,16
/kaggle/input/datasets/jessicamercya/satria-data-2026/BDC2026-20260708T012259Z-3-001 - Copy/BDC2026/train/1_Electronic/Microwave_195.jpg,Electronic,150,150,JPEG,RGB,1.0,False,8e06863081f4c71f64ab0362ee34a74c,fa84856a72b42f8d,8,1
/kaggle/input/datasets/jessicamercya/satria-data-2026/BDC2026-20260708T012259Z-3-001 - Copy/BDC2026/train/1_Electronic/pcb_134.jpg,Electronic,150,150,JPEG,RGB,1.0,False,103114c8b20807ded6c450824a038679,e16dce91349c5363,7,23
/kaggle/input/datasets/jessicamercya/satria-data-2026/BDC2026-20260708T012259Z-3-001 - Copy/BDC2026/train/1_Electronic/628.jpeg,Electronic,1152,864,JPEG,RGB,1.3333333333333333,False,67b4f6f62241aa8988749326f8327b20,fa998738566a5d82,11,41
/kaggle/input/datasets/jessicamercya/satria-data-2026/BDC2026-20260708T012259Z-3-001 - Copy/BDC2026/train/1_Electronic/Television_271.jpg,Electronic,150,150,JPEG,RGB,1.0,False,9c290035391f5e1860fb315117e0a265,c7c5583c66c2d2d9,4,12
/kaggle/input/datasets/jessicamercya/satria-data-2026/BDC2026-20260708T012259Z-3-001 - Copy/BDC2026/train/1_Electronic/IMG-20200328-WA0039.jpg,Electronic,640,1280,JPEG,RGB,0.5,False,fbf03e6a2751a5a29dbceeece34c9a6a,ead8c0059fbe8cd4,1,4
/kaggle/input/datasets/jessicamercya/satria-data-2026/BDC2026-20260708T012259Z-3-001 - Copy/BDC2026/train/1_Electronic/sd.jpg,Electronic,275,183,JPEG,RGB,1.5027322404371584,False,c91963ba0eda09364d164405e0dd7788,efbe90b582c12ac9,4,49
/kaggle/input/datasets/jessicamercya/satria-data-2026/BDC2026-20260708T012259Z-3-001 - Copy/BDC2026/train/1_Electronic/Keyboard_242.jpg,Electronic,150,150,JPEG,RGB,1.0,False,34ca01899ffef44e229d39c54a8d3e68,ba3fc4c03a3f6a90,2,5
/kaggle/input/datasets/jessicamercya/satria-data-2026/BDC2026-20260708T012259Z-3-001 - Copy/BDC2026/train/1_Electronic/548.jpeg,Electronic,640,1280,JPEG,RGB,0.5,False,885f78a13be87237db13402e791bf1fa,bf74804ad14bab35,1,4
/kaggle/input/datasets/jessicamercya/satria-data-2026/BDC2026-20260708T012259Z-3-001 - Copy/BDC2026/train/1_Electronic/82.computer-flat-monitors.jpg,Electronic,1140,285,JPEG,RGB,4.0,False,f4961c63e4815e8999a0c8907d832a14,83846d93dd2d7b42,0,0
/kaggle/input/datasets/jessicamercya/satria-data-2026/BDC2026-20260708T012259Z-3-001 - Copy/BDC2026/train/1_Electronic/Printer_276.jpg,Electronic,150,150,JPEG,RGB,1.0,False,810cd4ee94b556121cd91e6ff4e2752c,becad524c2adc334,6,11
/kaggle/input/datasets/jessicamercya/satria-data-2026/BDC2026-20260708T012259Z-3-001 - Copy/BDC2026/train/1_Electronic/pcb_278.jpg,Electronic,150,150,JPEG,RGB,1.0,False,5cbb560db0fcedbf2fd70a623898a8fd,9fffc058c1a66053,7,18
/kaggle/input/datasets/jessicamercya/satria-data-2026/BDC2026-20260708T012259Z-3-001 - Copy/BDC2026/train/1_Electronic/battery_37.jpg,Electronic,150,150,JPEG,RGB,1.0,False,5cdba702888e585c1e686173751f1809,bbc6d13d4b70ac03,13,19
/kaggle/input/datasets/jessicamercya/satria-data-2026/BDC2026-20260708T012259Z-3-001 - Copy/BDC2026/train/1_Electronic/Washing_Machine_46.jpg,Electronic,150,150,JPEG,RGB,1.0,False,b6382d96d7592aa828f4bd03029724ad,eb6b9c946333a4a4,3,8
/kaggle/input/datasets/jessicamercya/satria-data-2026/BDC2026-20260708T012259Z-3-001 - Copy/BDC2026/train/1_Electronic/64.maxresdefault.jpg,Electronic,1280,720,JPEG,RGB,1.7777777777777777,False,7f771fd064d4a61eec26eac0f220a7c3,aaa555d6d1588675,0,22
/kaggle/input/datasets/jessicamercya/satria-data-2026/BDC2026-20260708T012259Z-3-001 - Copy/BDC2026/train/1_Electronic/341.jpeg,Electronic,1152,864,JPEG,RGB,1.3333333333333333,False,2f4aa069e244b2fec273b8b995b17768,bc2f88ea97700f83,11,44
/kaggle/input/datasets/jessicamercya/satria-data-2026/BDC2026-20260708T012259Z-3-001 - Copy/BDC2026/train/1_Electronic/16.computer-lcd-monitor-scrap-for-industrial-2227546248-dz1svrtf.jpg,Electronic,500,500,JPEG,RGB,1.0,False,415d19b1704760cb8d3417bac76aaddb,9f2e38b1237e2e06,0,0
/kaggle/input/datasets/jessicamercya/satria-data-2026/BDC2026-20260708T012259Z-3-001 - Copy/BDC2026/train/1_Electronic/8.banner-computer-and-server-recycling.jpg,Electronic,1000,500,JPEG,RGB,2.0,False,88544d4bb82f55d9a2e1f0565c9b2235,ffd491a9c36a6230,0,0
/kaggle/input/datasets/jessicamercya/satria-data-2026/BDC2026-20260708T012259Z-3-001 - Copy/BDC2026/train/1_Electronic/Washing_Machine_251.jpg,Electronic,150,150,JPEG,RGB,1.0,False,05144cb048ab3193aec3414994289d1e,c738780fa1679cf0,3,28
/kaggle/input/datasets/jessicamercya/satria-data-2026/BDC2026-20260708T012259Z-3-001 - Copy/BDC2026/train/1_Electronic/Television_279.jpg,Electronic,150,150,JPEG,RGB,1.0,False,f267c67f8898d0a44a82ca808cb9afcf,ea48953b95978595,4,10
/kaggle/input/datasets/jessicamercya/satria-data-2026/BDC2026-20260708T012259Z-3-001 - Copy/BDC2026/train/1_Electronic/Mouse_140.jpg,Electronic,150,150,JPEG,RGB,1.0,False,cf7075f0a875b0d4382eaae6e9070a78,f423daace9b1a21a,5,3
/kaggle/input/datasets/jessicamercya/satria-data-2026/BDC2026-20260708T012259Z-3-001 - Copy/BDC2026/train/1_Electronic/Copy of IMG_20200328_134852.jpg,Electronic,3456,4608,JPEG,RGB,0.75,False,2e75b1ee01b92580cdf9fa705364c1f8,aff0b3b5a2c32194,1,55
/kaggle/input/datasets/jessicamercya/satria-data-2026/BDC2026-20260708T012259Z-3-001 - Copy/BDC2026/train/1_Electronic/Printer_108.jpg,Electronic,150,150,JPEG,RGB,1.0,False,cbe1f69819fbc2069d0ad98578d9ad3f,cf0f32742d702cd3,6,42
/kaggle/input/datasets/jessicamercya/satria-data-2026/BDC2026-20260708T012259Z-3-001 - Copy/BDC2026/train/1_Electronic/Washing_Machine_83.jpg,Electronic,150,150,JPEG,RGB,1.0,False,95ea085eee429e7f8c6a1244e3ac3a37,ce66996c31333399,3,8
/kaggle/input/datasets/jessicamercya/satria-data-2026/BDC2026-20260708T012259Z-3-001 - Copy/BDC2026/train/1_Electronic/Player_97.jpg,Electronic,150,150,JPEG,RGB,1.0,False,12afc1ee72f5682cd1155f0f73febf16,d782680c8d7b5337,9,45
/kaggle/input/datasets/jessicamercya/satria-data-2026/BDC2026-20260708T012259Z-3-001 - Copy/BDC2026/train/1_Electronic/Copy of IMG_20200328_135224.jpg,Electronic,3456,4608,JPEG,RGB,0.75,False,63d485693faf9bf4e6e0f7588a2851af,ad5ed220512f2ddc,1,4
/kaggle/input/datasets/jessicamercya/satria-data-2026/BDC2026-20260708T012259Z-3-001 - Copy/BDC2026/train/1_Electronic/pcb_104.jpg,Electronic,150,150,JPEG,RGB,1.0,False,1b9978db7ccd3e8442e0fff9f0de8b0e,ea3c95c8626b0fa6,7,7
/kaggle/input/datasets/jessicamercya/satria-data-2026/BDC2026-20260708T012259Z-3-001 - Copy/BDC2026/train/1_Electronic/17.stock-photo-a-broken-old-computer-laptop-and-notebook-crash-concept-laptop-disassembling-in-repair-shop-1533004190.jpg,Electronic,1001,1600,JPEG,RGB,0.625625,False,cd20bad9b727b09d892bb8bfa9cdab5c,c14ff79048bf51d0,0,43
/kaggle/input/datasets/jessicamercya/satria-data-2026/BDC2026-20260708T012259Z-3-001 - Copy/BDC2026/train/1_Electronic/Mouse_242.jpg,Electronic,150,150,JPEG,RGB,1.0,False,772a022ee2ed8045a84c6f8c8ba00d4c,ef8fa570929a9861,5,3
/kaggle/input/datasets/jessicamercya/satria-data-2026/BDC2026-20260708T012259Z-3-001 - Copy/BDC2026/train/1_Electronic/IMG_20200329_152844.jpg,Electronic,3456,4608,JPEG,RGB,0.75,False,ccf500d8703150785244578b580b882f,ee0c51b58ee333c2,10,2
/kaggle/input/datasets/jessicamercya/satria-data-2026/BDC2026-20260708T012259Z-3-001 - Copy/BDC2026/train/1_Electronic/494.jpeg,Electronic,720,1280,JPEG,RGB,0.5625,False,f3a437bc644c3d94226e14b0d4f71c2a,a12193cd6d3dd4e4,11,31
/kaggle/input/datasets/jessicamercya/satria-data-2026/BDC2026-20260708T012259Z-3-001 - Copy/BDC2026/train/1_Electronic/Player_247.jpg,Electronic,150,150,JPEG,RGB,1.0,False,e7dffc02cf1a7a9d8cde3a38dd7b4a94,e9699694999ac563,9,60
/kaggle/input/datasets/jessicamercya/satria-data-2026/BDC2026-20260708T012259Z-3-001 - Copy/BDC2026/train/1_Electronic/Microwave_124.jpg,Electronic,150,150,JPEG,RGB,1.0,False,d8bb7deef5b1001b75f35a516b6fcd66,a4b5946adb4acb54,8,1
/kaggle/input/datasets/jessicamercya/satria-data-2026/BDC2026-20260708T012259Z-3-001 - Copy/BDC2026/train/1_Electronic/Microwave_297.jpg,Electronic,150,150,JPEG,RGB,1.0,False,11f8c56748a8b4b8f7c7d5ab9005448e,ff0080d2ffb55d20,8,1
/kaggle/input/datasets/jessicamercya/satria-data-2026/BDC2026-20260708T012259Z-3-001 - Copy/BDC2026/train/1_Electronic/Printer_45.jpg,Electronic,150,150,JPEG,RGB,1.0,False,7b99fe84c02db761fe5427d1dd7c66d5,fa9fc1703e66c190,6,11
/kaggle/input/datasets/jessicamercya/satria-data-2026/BDC2026-20260708T012259Z-3-001 - Copy/BDC2026/train/1_Electronic/Microwave_280.jpg,Electronic,150,150,JPEG,RGB,1.0,False,059add97beabadf3c5c767d06f21df9d,bf49c225c6b43cb4,8,1
/kaggle/input/datasets/jessicamercya/satria-data-2026/BDC2026-20260708T012259Z-3-001 - Copy/BDC2026/train/1_Electronic/Washing_Machine_66.jpg,Electronic,150,150,JPEG,RGB,1.0,False,92b9398c1301aed2b15060af92b76af3,e664cc6c6d4c6666,3,8
/kaggle/input/datasets/jessicamercya/satria-data-2026/BDC2026-20260708T012259Z-3-001 - Copy/BDC2026/train/1_Electronic/Mobile_190.jpg,Electronic,150,150,JPEG,RGB,1.0,False,532e18a9caa26a2b7380afe17747fe1d,c13e7e254ac5d1d2,1,9
/kaggle/input/datasets/jessicamercya/satria-data-2026/BDC2026-20260708T012259Z-3-001 - Copy/BDC2026/train/1_Electronic/Microwave_164.jpg,Electronic,150,150,JPEG,RGB,1.0,False,c3dc8fcfcd330bb356e10fd7edf7247d,ee92916495e71a4d,8,1
/kaggle/input/datasets/jessicamercya/satria-data-2026/BDC2026-20260708T012259Z-3-001 - Copy/BDC2026/train/1_Electronic/Microwave_137.jpg,Electronic,150,150,JPEG,RGB,1.0,False,f8b52e5c9ba6d0588bc9819d9bb6b3b4,eadac1d43da505ac,8,20
/kaggle/input/datasets/jessicamercya/satria-data-2026/BDC2026-20260708T012259Z-3-001 - Copy/BDC2026/train/1_Electronic/Microwave_105.jpg,Electronic,150,150,JPEG,RGB,1.0,False,1a224dcd0514a80d4f5eea84717f3e5f,debd6602b466589c,8,20
/kaggle/input/datasets/jessicamercya/satria-data-2026/BDC2026-20260708T012259Z-3-001 - Copy/BDC2026/train/1_Electronic/60.6.jpg,Electronic,852,480,JPEG,RGB,1.775,False,5635a3e31e17dc3189dbb4106308f268,a9a8cea949515eb5,4,12
/kaggle/input/datasets/jessicamercya/satria-data-2026/BDC2026-20260708T012259Z-3-001 - Copy/BDC2026/train/1_Electronic/480.jpg,Electronic,2340,4160,JPEG,RGB,0.5625,False,c64a06b6f1276dacb5442f7bbcda7715,abec841392ec4d9b,1,4
/kaggle/input/datasets/jessicamercya/satria-data-2026/BDC2026-20260708T012259Z-3-001 - Copy/BDC2026/train/1_Electronic/Player_139.jpg,Electronic,150,150,JPEG,RGB,1.0,False,5e592204d370c5c3f670acee0a1da4c8,e7c4b269d235c9e0,9,17
/kaggle/input/datasets/jessicamercya/satria-data-2026/BDC2026-20260708T012259Z-3-001 - Copy/BDC2026/train/1_Electronic/546.jpeg,Electronic,640,1280,JPEG,RGB,0.5,False,04118c5cd2713b2779d120628ee8f15d,f830c69b5a253d53,1,4
/kaggle/input/datasets/jessicamercya/satria-data-2026/BDC2026-20260708T012259Z-3-001 - Copy/BDC2026/train/1_Electronic/Player_222.jpg,Electronic,150,150,JPEG,RGB,1.0,False,f7714e34852f929e115024c5345e22c7,baf887319c07f28c,9,48
/kaggle/input/datasets/jessicamercya/satria-data-2026/BDC2026-20260708T012259Z-3-001 - Copy/BDC2026/train/1_Electronic/Mobile_24.jpg,Electronic,150,150,JPEG,RGB,1.0,False,b4339d243d3e9914d64d1b44f4210442,8a6ecd959151d197,1,9
/kaggle/input/datasets/jessicamercya/satria-data-2026/BDC2026-20260708T012259Z-3-001 - Copy/BDC2026/train/1_Electronic/75.Electronics-recycling-malaysia-1024x576.jpeg,Electronic,1024,576,JPEG,RGB,1.7777777777777777,False,9e18c46c59067eb0ec779e1749b13470,f6999cb6c848256e,0,0
/kaggle/input/datasets/jessicamercya/satria-data-2026/BDC2026-20260708T012259Z-3-001 - Copy/BDC2026/train/1_Electronic/pcb_287.jpg,Electronic,150,150,JPEG,RGB,1.0,False,1aa8dbd4801a318621ca4383f1251fce,e88f02f28fd544ce,7,18
/kaggle/input/datasets/jessicamercya/satria-data-2026/BDC2026-20260708T012259Z-3-001 - Copy/BDC2026/train/1_Electronic/pcb_139.jpg,Electronic,150,150,JPEG,RGB,1.0,False,7bb22954834926f5529f715e5c0f9a91,92163e66c69f7509,7,7
/kaggle/input/datasets/jessicamercya/satria-data-2026/BDC2026-20260708T012259Z-3-001 - Copy/BDC2026/train/1_Electronic/12.pngtree-broken-analog-radio-device-communication-png-image_9982751.png,Electronic,538,360,PNG,RGBA,1.4944444444444445,False,2d146080db49a25565f0386f51125721,91b33b4e64b8c7c1,7,7
/kaggle/input/datasets/jessicamercya/satria-data-2026/BDC2026-20260708T012259Z-3-001 - Copy/BDC2026/train/1_Electronic/Mobile_139.jpg,Electronic,150,150,JPEG,RGB,1.0,False,98f545e6015d719abab6604c4cdf0e6e,a5965e5a4aaa6b49,1,16
/kaggle/input/datasets/jessicamercya/satria-data-2026/BDC2026-20260708T012259Z-3-001 - Copy/BDC2026/train/1_Electronic/Washing_Machine_287.jpg,Electronic,150,150,JPEG,RGB,1.0,False,c58164f120eb1dd9700a48c08e080341,c04aaf3d3f123237,3,28
/kaggle/input/datasets/jessicamercya/satria-data-2026/BDC2026-20260708T012259Z-3-001 - Copy/BDC2026/train/1_Electronic/248.jpg,Electronic,4160,2340,JPEG,RGB,1.7777777777777777,False,58fde5d3cc635f74f1d48197846de174,ad60c229dd7d30f4,10,2
/kaggle/input/datasets/jessicamercya/satria-data-2026/BDC2026-20260708T012259Z-3-001 - Copy/BDC2026/train/1_Electronic/battery_126.jpg,Electronic,150,150,JPEG,RGB,1.0,False,655af627b868771856431e3fa2bf4870,aa6ac19535ed4d45,14,24
/kaggle/input/datasets/jessicamercya/satria-data-2026/BDC2026-20260708T012259Z-3-001 - Copy/BDC2026/train/1_Electronic/images1.jpg,Electronic,275,183,JPEG,RGB,1.5027322404371584,False,dfd562dad052f272160dea3ec555fdcc,cabd706c134f027d,0,14
/kaggle/input/datasets/jessicamercya/satria-data-2026/BDC2026-20260708T012259Z-3-001 - Copy/BDC2026/train/1_Electronic/Keyboard_23.jpg,Electronic,150,150,JPEG,RGB,1.0,False,b5b4f62c5c475219ff5e5d4a68edf2dd,ea95c42a1f6a3f82,2,5
/kaggle/input/datasets/jessicamercya/satria-data-2026/BDC2026-20260708T012259Z-3-001 - Copy/BDC2026/train/1_Electronic/Washing_Machine_18.jpg,Electronic,150,150,JPEG,RGB,1.0,False,c83df3be2ba912e804c0c66a8b144741,ad56542a7b85eab0,3,28
/kaggle/input/datasets/jessicamercya/satria-data-2026/BDC2026-20260708T012259Z-3-001 - Copy/BDC2026/train/1_Electronic/Television_82.jpg,Electronic,150,150,JPEG,RGB,1.0,False,c70b278a4721b912fe1eb34b546924e5,ff429569d0b5c894,4,12
/kaggle/input/datasets/jessicamercya/satria-data-2026/BDC2026-20260708T012259Z-3-001 - Copy/BDC2026/train/1_Electronic/Printer_257.jpg,Electronic,150,150,JPEG,RGB,1.0,False,f0b9d72e91affa55113acb8dc770650d,9bbbd764e42019cc,6,6
/kaggle/input/datasets/jessicamercya/satria-data-2026/BDC2026-20260708T012259Z-3-001 - Copy/BDC2026/train/1_Electronic/Mobile_124.jpg,Electronic,150,150,JPEG,RGB,1.0,False,2880ef98086f623adb0e9bc6cdf8a25e,f5d4da4a96692d21,1,16
/kaggle/input/datasets/jessicamercya/satria-data-2026/BDC2026-20260708T012259Z-3-001 - Copy/BDC2026/train/1_Electronic/Television_42.jpg,Electronic,150,150,JPEG,RGB,1.0,False,698c5ead94fec348fd0d2d641fedbddc,8aa8748d778357d2,4,12
/kaggle/input/datasets/jessicamercya/satria-data-2026/BDC2026-20260708T012259Z-3-001 - Copy/BDC2026/train/1_Electronic/Mobile_184.jpg,Electronic,150,150,JPEG,RGB,1.0,False,f6e135c628e537f1805ae47757c2ac19,c88d3173cc239ece,1,9
/kaggle/input/datasets/jessicamercya/satria-data-2026/BDC2026-20260708T012259Z-3-001 - Copy/BDC2026/train/1_Electronic/239.jpeg,Electronic,1280,640,JPEG,RGB,2.0,False,ad74e06dc014c3bfcfbe6bb43068c126,e0b47e83fb7800ea,10,2
/kaggle/input/datasets/jessicamercya/satria-data-2026/BDC2026-20260708T012259Z-3-001 - Copy/BDC2026/train/1_Electronic/IMG-20200328-WA0031.jpg,Electronic,640,1280,JPEG,RGB,0.5,False,8cdb39a7676b8129ba37a511fc853fa2,abc07d3f366ec018,1,4
/kaggle/input/datasets/jessicamercya/satria-data-2026/BDC2026-20260708T012259Z-3-001 - Copy/BDC2026/train/1_Electronic/Mobile_283.jpg,Electronic,150,150,JPEG,RGB,1.0,False,9f6564cfe1151bc5486ae7ae8ad80199,ee80994c5e91b3b3,1,16
/kaggle/input/datasets/jessicamercya/satria-data-2026/BDC2026-20260708T012259Z-3-001 - Copy/BDC2026/train/1_Electronic/Mobile_79.jpg,Electronic,150,150,JPEG,RGB,1.0,False,21ddb63e6138bdeabd0b5c9244705951,b4d3cb3c34323cc3,2,25
/kaggle/input/datasets/jessicamercya/satria-data-2026/BDC2026-20260708T012259Z-3-001 - Copy/BDC2026/train/1_Electronic/Television_153.jpg,Electronic,150,150,JPEG,RGB,1.0,False,ec20e4e951535a1e798685d7d867034c,be9ec56ec0d1c0c6,4,10
/kaggle/input/datasets/jessicamercya/satria-data-2026/BDC2026-20260708T012259Z-3-001 - Copy/BDC2026/train/1_Electronic/battery_282.jpg,Electronic,150,150,JPEG,RGB,1.0,False,78692da6ad4d09909d4749d3bafb577a,bf43d4a788978519,12,38
/kaggle/input/datasets/jessicamercya/satria-data-2026/BDC2026-20260708T012259Z-3-001 - Copy/BDC2026/train/1_Electronic/1.Laptop-for-Scrap-scaled-1.jpg,Electronic,2048,1365,JPEG,RGB,1.5003663003663004,False,e65363eed0ce3f74cd63e4c472ede5dd,c5465b3b1d3b151a,0,0
/kaggle/input/datasets/jessicamercya/satria-data-2026/BDC2026-20260708T012259Z-3-001 - Copy/BDC2026/train/1_Electronic/Mouse_102.jpg,Electronic,150,150,JPEG,RGB,1.0,False,3a4a456be5fe94583c1d0f7aa956583e,bde6ca89c41b1a1d,5,26
/kaggle/input/datasets/jessicamercya/satria-data-2026/BDC2026-20260708T012259Z-3-001 - Copy/BDC2026/train/1_Electronic/26.69402.jpg,Electronic,500,500,PNG,RGBA,1.0,False,6d66798430c7eb6972cfa13a4194849c,e1d6fc19be389844,0,34
/kaggle/input/datasets/jessicamercya/satria-data-2026/BDC2026-20260708T012259Z-3-001 - Copy/BDC2026/train/1_Electronic/IMG_20201101_130740.jpg,Electronic,4000,3000,JPEG,RGB,1.3333333333333333,False,f1a47719255fc42abab58c39fa7ea892,e1c3e4628566d2de,15,59
/kaggle/input/datasets/jessicamercya/satria-data-2026/BDC2026-20260708T012259Z-3-001 - Copy/BDC2026/train/1_Electronic/Television_165.jpg,Electronic,150,150,JPEG,RGB,1.0,False,55f894d3921fa8d4987857fa87cc5277,bae4c593c46b912e,4,10
/kaggle/input/datasets/jessicamercya/satria-data-2026/BDC2026-20260708T012259Z-3-001 - Copy/BDC2026/train/1_Electronic/Keyboard_109.jpg,Electronic,150,150,JPEG,RGB,1.0,False,0c33b7170952db9b283576f65ac93f04,8f6a149d06b753d4,2,13
/kaggle/input/datasets/jessicamercya/satria-data-2026/BDC2026-20260708T012259Z-3-001 - Copy/BDC2026/train/1_Electronic/Television_290.jpg,Electronic,150,150,JPEG,RGB,1.0,False,dc370b1fd2788897f84371135a2f6879,edcf923892923c93,4,10
/kaggle/input/datasets/jessicamercya/satria-data-2026/BDC2026-20260708T012259Z-3-001 - Copy/BDC2026/train/1_Electronic/Mobile_193.jpg,Electronic,150,150,JPEG,RGB,1.0,False,9ad3f333f895172dbcb276deb1ff5921,bdecd69bc284c292,2,25
/kaggle/input/datasets/jessicamercya/satria-data-2026/BDC2026-20260708T012259Z-3-001 - Copy/BDC2026/train/1_Electronic/23.laptop-screen_cover_v1.jpg,Electronic,1600,505,JPEG,RGB,3.1683168316831685,False,3ed051484dfad8430a89333c616ea4a4,e90a21cd77ec238d,4,49
/kaggle/input/datasets/jessicamercya/satria-data-2026/BDC2026-20260708T012259Z-3-001 - Copy/BDC2026/train/1_Electronic/Microwave_188.jpg,Electronic,150,150,JPEG,RGB,1.0,False,1034eb6f065c306bccecf759aea021fa,bf2bca29e92964c8,8,1
/kaggle/input/datasets/jessicamercya/satria-data-2026/BDC2026-20260708T012259Z-3-001 - Copy/BDC2026/train/1_Electronic/Printer_113.jpg,Electronic,150,150,JPEG,RGB,1.0,False,7edacbd92c6f341db227fed7c5013f09,bf37c1c89065c936,6,42
/kaggle/input/datasets/jessicamercya/satria-data-2026/BDC2026-20260708T012259Z-3-001 - Copy/BDC2026/train/1_Electronic/12.GettyImages-172777435-Electronic_2BWaste-Web.jpg,Electronic,3888,1396,JPEG,RGB,2.7851002865329515,False,1407a546fc919ceb069e33347dc6420a,d1c6b9a4536d8876,0,22
/kaggle/input/datasets/jessicamercya/satria-data-2026/BDC2026-20260708T012259Z-3-001 - Copy/BDC2026/train/1_Electronic/Microwave_296.jpg,Electronic,150,150,JPEG,RGB,1.0,False,1e477455a11c4db8a3ff0c6265bc422f,f0f90fac52d6070e,8,20
/kaggle/input/datasets/jessicamercya/satria-data-2026/BDC2026-20260708T012259Z-3-001 - Copy/BDC2026/train/1_Electronic/Television_264.jpg,Electronic,150,150,JPEG,RGB,1.0,False,5504079fb27f005f7917d874a4d9767c,ffc18482c09f692f,4,12
/kaggle/input/datasets/jessicamercya/satria-data-2026/BDC2026-20260708T012259Z-3-001 - Copy/BDC2026/train/1_Electronic/67.a-dump-of-old-computer-equipment-concept-disposal-and-recycling-of-equipment-ecological-recycling-high-quality-photo-2X9A92M.jpg,Electronic,1300,956,JPEG,RGB,1.3598326359832635,False,4a04a14435d77be51ab77cb596d16820,dee26ada29b0611d,0,0
/kaggle/input/datasets/jessicamercya/satria-data-2026/BDC2026-20260708T012259Z-3-001 - Copy/BDC2026/train/1_Electronic/Microwave_13.jpg,Electronic,150,150,JPEG,RGB,1.0,False,abd325ca69846f300af746c604008e88,bf55e4d6c2d06129,8,1
/kaggle/input/datasets/jessicamercya/satria-data-2026/BDC2026-20260708T012259Z-3-001 - Copy/BDC2026/train/1_Electronic/Washing_Machine_177.jpg,Electronic,150,150,JPEG,RGB,1.0,False,2cca73fee58434dd2478c2f70b215160,a0d7932c2c736b72,3,28
/kaggle/input/datasets/jessicamercya/satria-data-2026/BDC2026-20260708T012259Z-3-001 - Copy/BDC2026/train/1_Electronic/26.56932-111025-tv-recycle-hmed-3p.jpg,Electronic,560,398,JPEG,RGB,1.407035175879397,False,3fecb3c05c39530a3414afb47b4bb3ba,80a43febf81e3c32,0,39
/kaggle/input/datasets/jessicamercya/satria-data-2026/BDC2026-20260708T012259Z-3-001 - Copy/BDC2026/train/1_Electronic/1.maxresdefault.jpg,Electronic,1280,720,JPEG,RGB,1.7777777777777777,False,70dfa4142357d8340c3fb7bb96093dec,8ca70e522fa9f847,0,30
/kaggle/input/datasets/jessicamercya/satria-data-2026/BDC2026-20260708T012259Z-3-001 - Copy/BDC2026/train/1_Electronic/Printer_74.jpg,Electronic,150,150,JPEG,RGB,1.0,False,6cb3da9188111fb63229be39f8f4dd00,92667ce739c53982,6,6
/kaggle/input/datasets/jessicamercya/satria-data-2026/BDC2026-20260708T012259Z-3-001 - Copy/BDC2026/train/1_Electronic/78.2615132021-tangkapan-layar-3.jpg,Electronic,720,403,JPEG,RGB,1.7866004962779156,False,3935bcf09c7538e93c4a771d5e25b14d,c849a774e09c2e3f,0,14
/kaggle/input/datasets/jessicamercya/satria-data-2026/BDC2026-20260708T012259Z-3-001 - Copy/BDC2026/train/1_Electronic/72.how-to-safely-retrieve-files-from-a-damaged-laptop-data-recovery-101.jpg,Electronic,512,512,JPEG,RGB,1.0,False,620cdab1817b48e82b84253e246801a5,83306dcf341e3367,0,43
/kaggle/input/datasets/jessicamercya/satria-data-2026/BDC2026-20260708T012259Z-3-001 - Copy/BDC2026/train/1_Electronic/Washing_Machine_231.jpg,Electronic,150,150,JPEG,RGB,1.0,False,c6b9b59d6779ec3ae532eaf66c8d7ca1,e987969798969694,2,25
/kaggle/input/datasets/jessicamercya/satria-data-2026/BDC2026-20260708T012259Z-3-001 - Copy/BDC2026/train/1_Electronic/509.jpeg,Electronic,1250,1280,JPEG,RGB,0.9765625,False,f839238f59f37a5e815a6087e3ed4350,a755192e172675a9,1,4
/kaggle/input/datasets/jessicamercya/satria-data-2026/BDC2026-20260708T012259Z-3-001 - Copy/BDC2026/train/1_Electronic/pcb_84.jpg,Electronic,150,150,JPEG,RGB,1.0,False,b4f2d52ae8240cacd0d35a5a0bf9fd16,b53cd8c3683e3619,7,23
/kaggle/input/datasets/jessicamercya/satria-data-2026/BDC2026-20260708T012259Z-3-001 - Copy/BDC2026/train/1_Electronic/Mobile_264.jpg,Electronic,150,150,JPEG,RGB,1.0,False,a34fbe31f536535b633aa4ed5e782b68,ba6881179796963e,1,9
/kaggle/input/datasets/jessicamercya/satria-data-2026/BDC2026-20260708T012259Z-3-001 - Copy/BDC2026/train/1_Electronic/25.pexels-mike-norris-2149008874-30383709-scaled.jpg,Electronic,2560,1707,JPEG,RGB,1.4997070884592854,False,36d1030d8bd306860f27dd1aa589be71,e2f8e0e3e4b1e238,0,39
/kaggle/input/datasets/jessicamercya/satria-data-2026/BDC2026-20260708T012259Z-3-001 - Copy/BDC2026/train/1_Electronic/605.jpeg,Electronic,1254,1280,JPEG,RGB,0.9796875,False,057fa6ac85f3d28106921100a2c1b664,ba6ad541aa50ea76,11,47
/kaggle/input/datasets/jessicamercya/satria-data-2026/BDC2026-20260708T012259Z-3-001 - Copy/BDC2026/train/1_Electronic/Microwave_193.jpg,Electronic,150,150,JPEG,RGB,1.0,False,fa7b6a19e3c6b61484fb2d737aa3d5ba,b71fc8e0371fc8c0,8,1
/kaggle/input/datasets/jessicamercya/satria-data-2026/BDC2026-20260708T012259Z-3-001 - Copy/BDC2026/train/1_Electronic/Washing_Machine_143.jpg,Electronic,150,150,JPEG,RGB,1.0,False,3c64132e133e7642851c4fcc05a05ae7,be276334c2d89ec8,3,35
/kaggle/input/datasets/jessicamercya/satria-data-2026/BDC2026-20260708T012259Z-3-001 - Copy/BDC2026/train/1_Electronic/36.old-tv-illegally-dumped-waste-bins.jpg,Electronic,800,533,JPEG,RGB,1.5009380863039399,False,7fdb0a810d5ff9d17f74b34719a782ab,fa37a44c3313c4ba,0,39
/kaggle/input/datasets/jessicamercya/satria-data-2026/BDC2026-20260708T012259Z-3-001 - Copy/BDC2026/train/1_Electronic/Microwave_111.jpg,Electronic,150,150,JPEG,RGB,1.0,False,724b03c9bd4d3dffa73c0c16a7ac1c1d,ab29d02bd42d95ad,8,1
/kaggle/input/datasets/jessicamercya/satria-data-2026/BDC2026-20260708T012259Z-3-001 - Copy/BDC2026/train/1_Electronic/Printer_126.jpg,Electronic,150,150,JPEG,RGB,1.0,False,78ac7064e7a5212294d14ddadc6cf899,b9a0f49ac365cb86,6,42
/kaggle/input/datasets/jessicamercya/satria-data-2026/BDC2026-20260708T012259Z-3-001 - Copy/BDC2026/train/1_Electronic/Printer_14.jpg,Electronic,150,150,JPEG,RGB,1.0,False,1ae16ee27c3674e76b2bab22212e575d,eb3585ca92855a6d,6,53
/kaggle/input/datasets/jessicamercya/satria-data-2026/BDC2026-20260708T012259Z-3-001 - Copy/BDC2026/train/1_Electronic/Television_234.jpg,Electronic,150,150,JPEG,RGB,1.0,False,2aa7ee8f30622c3827f9227ec002e46f,ad2dc2cc96c33e92,4,10
/kaggle/input/datasets/jessicamercya/satria-data-2026/BDC2026-20260708T012259Z-3-001 - Copy/BDC2026/train/1_Electronic/Keyboard_63.jpg,Electronic,150,150,JPEG,RGB,1.0,False,a124a4684f277501334fa21299e1c309,ff2fd2a151c0855a,11,57
/kaggle/input/datasets/jessicamercya/satria-data-2026/BDC2026-20260708T012259Z-3-001 - Copy/BDC2026/train/1_Electronic/Washing_Machine_256.jpg,Electronic,150,150,JPEG,RGB,1.0,False,6464d0099e43e9fc17edb3d63c80e554,e5e31b8e8e9a3921,3,33
/kaggle/input/datasets/jessicamercya/satria-data-2026/BDC2026-20260708T012259Z-3-001 - Copy/BDC2026/train/1_Electronic/Television_243.jpg,Electronic,150,150,JPEG,RGB,1.0,False,dbc0256242694ebef240863a223ce1f3,96fd6978ce809f02,4,10
/kaggle/input/datasets/jessicamercya/satria-data-2026/BDC2026-20260708T012259Z-3-001 - Copy/BDC2026/train/1_Electronic/IMG_20201101_130146.jpg,Electronic,4000,3000,JPEG,RGB,1.3333333333333333,False,a5698b5bd3e4f91ee1c765ce437e9b9a,99b5e50a6b0c3ab5,11,31
/kaggle/input/datasets/jessicamercya/satria-data-2026/BDC2026-20260708T012259Z-3-001 - Copy/BDC2026/train/1_Electronic/۲۰۱۹۰۷۳۱_۲۱۲۲۴۸-800x600.jpg,Electronic,800,600,JPEG,RGB,1.3333333333333333,False,f095fb6d67674e2f76e884f716d958af,f0b049e1c7d98fc1,0,30
/kaggle/input/datasets/jessicamercya/satria-data-2026/BDC2026-20260708T012259Z-3-001 - Copy/BDC2026/train/1_Electronic/559.jpg,Electronic,4160,2340,JPEG,RGB,1.7777777777777777,False,943b67698b7afe1327292ec21ba65fd1,a9285587939e9eaa,1,4
/kaggle/input/datasets/jessicamercya/satria-data-2026/BDC2026-20260708T012259Z-3-001 - Copy/BDC2026/train/1_Electronic/Player_184.jpg,Electronic,150,150,JPEG,RGB,1.0,False,f9cc881561e8469cd25520add0ecbea4,c051171f6cd2e3ce,9,17
/kaggle/input/datasets/jessicamercya/satria-data-2026/BDC2026-20260708T012259Z-3-001 - Copy/BDC2026/train/1_Electronic/Microwave_169.jpg,Electronic,150,150,JPEG,RGB,1.0,False,1e63007a8ab9d3378af4741ce2b323bb,bfdad02dc13636c0,8,1
/kaggle/input/datasets/jessicamercya/satria-data-2026/BDC2026-20260708T012259Z-3-001 - Copy/BDC2026/train/1_Electronic/247.jpg,Electronic,4160,2340,JPEG,RGB,1.7777777777777777,False,915f6f5068787bcb52c50c6e1758e957,b612d839c828dddd,10,2
/kaggle/input/datasets/jessicamercya/satria-data-2026/BDC2026-20260708T012259Z-3-001 - Copy/BDC2026/train/1_Electronic/477.jpg,Electronic,2340,4160,JPEG,RGB,0.5625,False,90a3e8fd3d126dc13fbb6012ab7595d5,aae9851792e01e9f,1,4
/kaggle/input/datasets/jessicamercya/satria-data-2026/BDC2026-20260708T012259Z-3-001 - Copy/BDC2026/train/1_Electronic/Keyboard_83.jpg,Electronic,150,150,JPEG,RGB,1.0,False,5211824962e5057ce19cd6e4a4c95645,abd580ea76341597,2,13
/kaggle/input/datasets/jessicamercya/satria-data-2026/BDC2026-20260708T012259Z-3-001 - Copy/BDC2026/train/1_Electronic/pcb_54.jpg,Electronic,150,150,JPEG,RGB,1.0,False,b8a095a3fc7490f96eaa88236ba154cc,ae3bd19dc5c4c0d2,7,23
/kaggle/input/datasets/jessicamercya/satria-data-2026/BDC2026-20260708T012259Z-3-001 - Copy/BDC2026/train/1_Electronic/Printer_51.jpg,Electronic,150,150,JPEG,RGB,1.0,False,6736086b89b275ef11a36f1bffd8943c,e5391ec72b49946a,2,40
/kaggle/input/datasets/jessicamercya/satria-data-2026/BDC2026-20260708T012259Z-3-001 - Copy/BDC2026/train/1_Electronic/Printer_256.jpg,Electronic,150,150,JPEG,RGB,1.0,False,96a39ef1f4b13df98e710a53e2ca072f,bac6957a92296c93,6,11
/kaggle/input/datasets/jessicamercya/satria-data-2026/BDC2026-20260708T012259Z-3-001 - Copy/BDC2026/train/1_Electronic/Washing_Machine_271.jpg,Electronic,150,150,JPEG,RGB,1.0,False,ffd1076698ddd3c15087c09530005e69,e96d96395833259c,3,8
/kaggle/input/datasets/jessicamercya/satria-data-2026/BDC2026-20260708T012259Z-3-001 - Copy/BDC2026/train/1_Electronic/Printer_293.jpg,Electronic,150,150,JPEG,RGB,1.0,False,a296c71fb0bc8cffaa45d055155e1634,bfc1b028d8bfc294,6,53
/kaggle/input/datasets/jessicamercya/satria-data-2026/BDC2026-20260708T012259Z-3-001 - Copy/BDC2026/train/1_Electronic/battery_272.jpg,Electronic,150,150,JPEG,RGB,1.0,False,76967f41a8e74a80a1899392662f3ff6,e18b9a36ca65cd61,2,32
/kaggle/input/datasets/jessicamercya/satria-data-2026/BDC2026-20260708T012259Z-3-001 - Copy/BDC2026/train/1_Electronic/Washing_Machine_98.jpg,Electronic,150,150,JPEG,RGB,1.0,False,5471fc0251c597e022aea103607f3bef,f992cece31388173,3,8
/kaggle/input/datasets/jessicamercya/satria-data-2026/BDC2026-20260708T012259Z-3-001 - Copy/BDC2026/train/1_Electronic/Washing_Machine_49.jpg,Electronic,150,150,JPEG,RGB,1.0,False,4ad5d3e775a27cee55074772360b301e,e56830349267cfc7,3,35
/kaggle/input/datasets/jessicamercya/satria-data-2026/BDC2026-20260708T012259Z-3-001 - Copy/BDC2026/train/1_Electronic/453.jpeg,Electronic,581,1032,JPEG,RGB,0.562984496124031,False,736eced995c04aecea1bbe6de5e20585,ae86970e2c853ff0,1,4
/kaggle/input/datasets/jessicamercya/satria-data-2026/BDC2026-20260708T012259Z-3-001 - Copy/BDC2026/train/1_Electronic/Microwave_92.jpg,Electronic,150,150,JPEG,RGB,1.0,False,92ea0afc923086a4ae077f3f69ea88b3,bfc0c03f3fd240c9,8,1
/kaggle/input/datasets/jessicamercya/satria-data-2026/BDC2026-20260708T012259Z-3-001 - Copy/BDC2026/train/1_Electronic/Player_224.jpg,Electronic,150,150,JPEG,RGB,1.0,False,93a7954f7d3c178bff70663ba8f4e464,c89c26d6131be9f1,9,60
/kaggle/input/datasets/jessicamercya/satria-data-2026/BDC2026-20260708T012259Z-3-001 - Copy/BDC2026/train/1_Electronic/Player_119.jpg,Electronic,150,150,JPEG,RGB,1.0,False,1f634edefa84c5f4c2ab044add0cd7d7,bfcdc0122d3e92e1,9,21
/kaggle/input/datasets/jessicamercya/satria-data-2026/BDC2026-20260708T012259Z-3-001 - Copy/BDC2026/train/1_Electronic/330.jpeg,Electronic,864,1152,JPEG,RGB,0.75,False,f39d2b6d30da0cd9b102dda78d27f2e7,f2fae14a801bcd96,11,31
/kaggle/input/datasets/jessicamercya/satria-data-2026/BDC2026-20260708T012259Z-3-001 - Copy/BDC2026/train/1_Electronic/Washing_Machine_59.jpg,Electronic,150,150,JPEG,RGB,1.0,False,bb1afd8e5bb237100a7a887f7e606b80,e16c0c6796ce93cc,3,33
/kaggle/input/datasets/jessicamercya/satria-data-2026/BDC2026-20260708T012259Z-3-001 - Copy/BDC2026/train/1_Electronic/Copy of IMG_20200328_140112.jpg,Electronic,3456,4608,JPEG,RGB,0.75,False,7fe42fbe604b46bc5526cc99e059abb7,c2903d6dc612d3ee,1,55
/kaggle/input/datasets/jessicamercya/satria-data-2026/BDC2026-20260708T012259Z-3-001 - Copy/BDC2026/train/1_Electronic/Television_67.jpg,Electronic,150,150,JPEG,RGB,1.0,False,068198042f08eb62a8470dbb61d9d560,ef8f703d22d027c2,4,15
/kaggle/input/datasets/jessicamercya/satria-data-2026/BDC2026-20260708T012259Z-3-001 - Copy/BDC2026/train/1_Electronic/IMG-20200328-WA0040.jpg,Electronic,640,1280,JPEG,RGB,0.5,False,4004c5299f856be38d5fc923ba236537,af55955a8acaa8c9,1,4
/kaggle/input/datasets/jessicamercya/satria-data-2026/BDC2026-20260708T012259Z-3-001 - Copy/BDC2026/train/1_Electronic/167.jpg,Electronic,4608,2176,JPEG,RGB,2.1176470588235294,False,ca1961698be5e13b8a4b99b66e48abad,b946c61983bf07e2,10,2
/kaggle/input/datasets/jessicamercya/satria-data-2026/BDC2026-20260708T012259Z-3-001 - Copy/BDC2026/train/1_Electronic/Player_132.jpg,Electronic,150,150,JPEG,RGB,1.0,False,a34c96eb5a8c7509f70c8b965cfd93e2,fb83827a0e343fc4,9,17
/kaggle/input/datasets/jessicamercya/satria-data-2026/BDC2026-20260708T012259Z-3-001 - Copy/BDC2026/train/1_Electronic/battery_134.jpg,Electronic,150,150,JPEG,RGB,1.0,False,afce16303c42f939993b0bae5d19bef8,ea9e95636a9c8523,13,19
/kaggle/input/datasets/jessicamercya/satria-data-2026/BDC2026-20260708T012259Z-3-001 - Copy/BDC2026/train/1_Electronic/Player_168.jpg,Electronic,150,150,JPEG,RGB,1.0,False,7780664e59263d9973071ce487f63e89,dc7a5a16cca64599,9,17
/kaggle/input/datasets/jessicamercya/satria-data-2026/BDC2026-20260708T012259Z-3-001 - Copy/BDC2026/train/1_Electronic/Keyboard_143.jpg,Electronic,150,150,JPEG,RGB,1.0,False,d2d3ba14feeeb58046fb8de38a9ff4e0,ba23c5dc1a0da576,2,5
/kaggle/input/datasets/jessicamercya/satria-data-2026/BDC2026-20260708T012259Z-3-001 - Copy/BDC2026/train/1_Electronic/Printer_115.jpg,Electronic,150,150,JPEG,RGB,1.0,False,9d038374d01e83bb1945b6cb0cf3cf4a,85c96f9594b4f0b2,6,6
/kaggle/input/datasets/jessicamercya/satria-data-2026/BDC2026-20260708T012259Z-3-001 - Copy/BDC2026/train/1_Electronic/Washing_Machine_276.jpg,Electronic,150,150,JPEG,RGB,1.0,False,55fbe8de1f702720909479bcafa87a22,85a52ac2db9b3f50,3,35
/kaggle/input/datasets/jessicamercya/satria-data-2026/BDC2026-20260708T012259Z-3-001 - Copy/BDC2026/train/1_Electronic/Washing_Machine_34.jpg,Electronic,150,150,JPEG,RGB,1.0,False,1116d141f5aef2ed1dc96616df293cd2,e96c9ab384b233cc,3,8
/kaggle/input/datasets/jessicamercya/satria-data-2026/BDC2026-20260708T012259Z-3-001 - Copy/BDC2026/train/1_Electronic/515.jpg,Electronic,864,1152,JPEG,RGB,0.75,False,f7730fa96ce79c08ab15fee26580243f,bb61e596cb8286e2,1,4
/kaggle/input/datasets/jessicamercya/satria-data-2026/BDC2026-20260708T012259Z-3-001 - Copy/BDC2026/train/1_Electronic/Player_96.jpg,Electronic,150,150,JPEG,RGB,1.0,False,e81863bd1bc66484778d517d39ba079a,bfb1e04dc14e831b,9,21
/kaggle/input/datasets/jessicamercya/satria-data-2026/BDC2026-20260708T012259Z-3-001 - Copy/BDC2026/train/1_Electronic/Microwave_196.jpg,Electronic,150,150,JPEG,RGB,1.0,False,9959561e7784f5088f2ab00737403a66,aa95dd35e46a2a1a,8,1
/kaggle/input/datasets/jessicamercya/satria-data-2026/BDC2026-20260708T012259Z-3-001 - Copy/BDC2026/train/1_Electronic/38.1612517774.jpg,Electronic,480,320,JPEG,RGB,1.5,False,02de3ef78953d5a0a85654bac9bb9160,b9e3c41dce3c6330,1,9
/kaggle/input/datasets/jessicamercya/satria-data-2026/BDC2026-20260708T012259Z-3-001 - Copy/BDC2026/train/1_Electronic/battery_295.jpg,Electronic,150,150,JPEG,RGB,1.0,False,13f4f7cf7a2a94982cd3320a7713f2aa,ea36b498c19ec533,12,38
/kaggle/input/datasets/jessicamercya/satria-data-2026/BDC2026-20260708T012259Z-3-001 - Copy/BDC2026/train/1_Electronic/Keyboard_259.jpg,Electronic,150,150,JPEG,RGB,1.0,False,4caad9de0438f7f8b6a2282a205688d6,ab62d49d37625aa1,2,5
/kaggle/input/datasets/jessicamercya/satria-data-2026/BDC2026-20260708T012259Z-3-001 - Copy/BDC2026/train/1_Electronic/Printer_209.jpg,Electronic,150,150,JPEG,RGB,1.0,False,9ba20baf22d91f278c723fe71c94927c,f8a5e5989b9c3530,6,11
/kaggle/input/datasets/jessicamercya/satria-data-2026/BDC2026-20260708T012259Z-3-001 - Copy/BDC2026/train/1_Electronic/26.broken-old-computer-laptop-notebook-crash-concept-laptop-disassembling-repair-shop-broken-old-computer-laptop-130873329.jpg,Electronic,1600,1157,JPEG,RGB,1.382886776145203,False,ed953ed71dc445b29d436c17032c50ca,aeeac0b130869fc7,0,0
/kaggle/input/datasets/jessicamercya/satria-data-2026/BDC2026-20260708T012259Z-3-001 - Copy/BDC2026/train/1_Electronic/Washing_Machine_219.jpg,Electronic,150,150,JPEG,RGB,1.0,False,ff82b55872a532fe8a4f021f843af2ca,c6c6193966651977,3,8
/kaggle/input/datasets/jessicamercya/satria-data-2026/BDC2026-20260708T012259Z-3-001 - Copy/BDC2026/train/1_Electronic/Copy of IMG_20200328_221622.jpg,Electronic,8000,6000,JPEG,RGB,1.3333333333333333,False,ce2e99ea5de94ee1809c6b783a664833,edf9dec0c0909693,11,47
/kaggle/input/datasets/jessicamercya/satria-data-2026/BDC2026-20260708T012259Z-3-001 - Copy/BDC2026/train/1_Electronic/16.Pulau-Jawa-Hasilkan-56-Persen-Sampah-Elektronik.jpg,Electronic,640,360,JPEG,RGB,1.7777777777777777,False,a587ce0874e2b3e3b9b1c48f9f1efb03,ca473129169c7fc3,0,14
/kaggle/input/datasets/jessicamercya/satria-data-2026/BDC2026-20260708T012259Z-3-001 - Copy/BDC2026/train/1_Electronic/pcb_41.jpg,Electronic,150,150,JPEG,RGB,1.0,False,a6d5619c0dcf5351bb0f9ce5383e47e2,cc48f233215f175d,7,7
/kaggle/input/datasets/jessicamercya/satria-data-2026/BDC2026-20260708T012259Z-3-001 - Copy/BDC2026/train/1_Electronic/Mouse_291.jpg,Electronic,150,150,JPEG,RGB,1.0,False,e9e1bfac2f54383361dfdc3497761d59,8e78f10e9c31ce6c,5,36
/kaggle/input/datasets/jessicamercya/satria-data-2026/BDC2026-20260708T012259Z-3-001 - Copy/BDC2026/train/1_Electronic/8.stock-photo-trash-pile-of-discarded-computer-parts-with-circuit-boards-and-memory-modules-ready-for-44050366.jpg,Electronic,1500,1101,JPEG,RGB,1.3623978201634876,False,f5e68bb3d72fc6521e1fe73813372250,b5ef42862c9b44b6,0,34
/kaggle/input/datasets/jessicamercya/satria-data-2026/BDC2026-20260708T012259Z-3-001 - Copy/BDC2026/train/1_Electronic/Printer_40.jpg,Electronic,150,150,JPEG,RGB,1.0,False,9f35564fae13fdc7fec6c2a652986af9,c2933ce4c3999cd6,6,6
/kaggle/input/datasets/jessicamercya/satria-data-2026/BDC2026-20260708T012259Z-3-001 - Copy/BDC2026/train/1_Electronic/Washing_Machine_102.jpg,Electronic,150,150,JPEG,RGB,1.0,False,6d3c1b9b5ee13350fa583b36d30bb74f,c7e2f6f8f014810f,3,8
/kaggle/input/datasets/jessicamercya/satria-data-2026/BDC2026-20260708T012259Z-3-001 - Copy/BDC2026/train/1_Electronic/pcb_101.jpg,Electronic,150,150,JPEG,RGB,1.0,False,b7b0cecf55ea6e1e1863d9c295e80af3,e4788ae3619467ce,7,7
/kaggle/input/datasets/jessicamercya/satria-data-2026/BDC2026-20260708T012259Z-3-001 - Copy/BDC2026/train/1_Electronic/Mouse_202.jpg,Electronic,150,150,JPEG,RGB,1.0,False,e2faaa85d85096ee20748488d7af0785,b198c6dbcc698c66,5,26
/kaggle/input/datasets/jessicamercya/satria-data-2026/BDC2026-20260708T012259Z-3-001 - Copy/BDC2026/train/1_Electronic/pcb_80.jpg,Electronic,150,150,JPEG,RGB,1.0,False,49d3c77491e2aa12d40acc4891f156c0,9b8cc451c66aeb27,7,7
/kaggle/input/datasets/jessicamercya/satria-data-2026/BDC2026-20260708T012259Z-3-001 - Copy/BDC2026/train/1_Electronic/478.jpg,Electronic,4160,2340,JPEG,RGB,1.7777777777777777,False,2980342e9893064db648dd41bf5374c4,8a78d5d5972243c7,1,4
/kaggle/input/datasets/jessicamercya/satria-data-2026/BDC2026-20260708T012259Z-3-001 - Copy/BDC2026/train/1_Electronic/Printer_229.jpg,Electronic,150,150,JPEG,RGB,1.0,False,b0f591cf13bfe34862b21909066acb8c,803f7fc1d5879494,6,6
/kaggle/input/datasets/jessicamercya/satria-data-2026/BDC2026-20260708T012259Z-3-001 - Copy/BDC2026/train/1_Electronic/Printer_192.jpg,Electronic,150,150,JPEG,RGB,1.0,False,2c557ae96bfcea18592fd5906e08a285,bacb94a599364c59,6,11
/kaggle/input/datasets/jessicamercya/satria-data-2026/BDC2026-20260708T012259Z-3-001 - Copy/BDC2026/train/1_Electronic/IMG_20200329_201047.jpg,Electronic,4000,3000,JPEG,RGB,1.3333333333333333,False,610bea071a99dcfca00ae78d9c856cac,b099cb393d3018df,5,29
/kaggle/input/datasets/jessicamercya/satria-data-2026/BDC2026-20260708T012259Z-3-001 - Copy/BDC2026/train/1_Electronic/Washing_Machine_125.jpg,Electronic,150,150,JPEG,RGB,1.0,False,eff19147e13aadf761a347c19a8b3ca1,fd33c08f0d399724,3,28
/kaggle/input/datasets/jessicamercya/satria-data-2026/BDC2026-20260708T012259Z-3-001 - Copy/BDC2026/train/1_Electronic/IMG-20200328-WA0026.jpg,Electronic,1280,960,JPEG,RGB,1.3333333333333333,False,ecb249291b1c58dc95c81db0a0bfa0ad,999938ce663e6331,10,2
/kaggle/input/datasets/jessicamercya/satria-data-2026/BDC2026-20260708T012259Z-3-001 - Copy/BDC2026/train/1_Electronic/79.mesin-cuci-rusak.jpg,Electronic,500,600,JPEG,RGB,0.8333333333333334,False,aa4a289539093f8b4d714e7bc31c4a62,f65e1d3362d4e029,0,39
/kaggle/input/datasets/jessicamercya/satria-data-2026/BDC2026-20260708T012259Z-3-001 - Copy/BDC2026/train/1_Electronic/204.jpeg,Electronic,1040,780,JPEG,RGB,1.3333333333333333,False,cb206abb69e03abdd81422556dc7ec0d,8d9a5361654ed86d,10,2
/kaggle/input/datasets/jessicamercya/satria-data-2026/BDC2026-20260708T012259Z-3-001 - Copy/BDC2026/train/1_Electronic/battery_253.jpg,Electronic,150,150,JPEG,RGB,1.0,False,db8b86f019b89e3cf39e7abc37f076ee,eeb99342653c1633,13,19
/kaggle/input/datasets/jessicamercya/satria-data-2026/BDC2026-20260708T012259Z-3-001 - Copy/BDC2026/train/1_Electronic/battery_192.jpg,Electronic,150,150,JPEG,RGB,1.0,False,1a14914f2175d2a88b55539d9466c171,be1b84e0d8edc3c4,13,19
/kaggle/input/datasets/jessicamercya/satria-data-2026/BDC2026-20260708T012259Z-3-001 - Copy/BDC2026/train/1_Electronic/battery_2.jpg,Electronic,150,150,JPEG,RGB,1.0,False,e10b806b77447d257ca74e57c14fd44c,eacb989899b3b624,12,37
/kaggle/input/datasets/jessicamercya/satria-data-2026/BDC2026-20260708T012259Z-3-001 - Copy/BDC2026/train/1_Electronic/Television_299.jpg,Electronic,150,150,JPEG,RGB,1.0,False,9d837f25bf77e3f229f49eec2e88d02f,ab94d2cb3cc524e6,4,15
/kaggle/input/datasets/jessicamercya/satria-data-2026/BDC2026-20260708T012259Z-3-001 - Copy/BDC2026/train/1_Electronic/battery_206.jpg,Electronic,150,150,JPEG,RGB,1.0,False,37101388a64a757477e8858da009cc03,fa3596cae5b01313,14,24
/kaggle/input/datasets/jessicamercya/satria-data-2026/BDC2026-20260708T012259Z-3-001 - Copy/BDC2026/train/1_Electronic/Printer_5.jpg,Electronic,150,150,JPEG,RGB,1.0,False,a6d3c624debc5b2f3bff8965eeea9a5a,b66648c9c9c3364f,6,6
/kaggle/input/datasets/jessicamercya/satria-data-2026/BDC2026-20260708T012259Z-3-001 - Copy/BDC2026/train/1_Electronic/Television_297.jpg,Electronic,150,150,JPEG,RGB,1.0,False,26f07a0acbdcfd145d8eb29e836e52f5,f45bf8f68ba40aa0,4,10
/kaggle/input/datasets/jessicamercya/satria-data-2026/BDC2026-20260708T012259Z-3-001 - Copy/BDC2026/train/1_Electronic/Keyboard_249.jpg,Electronic,150,150,JPEG,RGB,1.0,False,0c288c70e04d7ab6804ac8f1096eec4a,9ea0a14e5a77359a,2,13
/kaggle/input/datasets/jessicamercya/satria-data-2026/BDC2026-20260708T012259Z-3-001 - Copy/BDC2026/train/1_Electronic/14.Screenshot-2025-07-29-112735-600x445.png,Electronic,600,445,PNG,RGBA,1.348314606741573,False,cc8798e77c7561c650d94779ebe287c7,92677cfc29908de1,7,18
/kaggle/input/datasets/jessicamercya/satria-data-2026/BDC2026-20260708T012259Z-3-001 - Copy/BDC2026/train/1_Electronic/Player_229.jpg,Electronic,150,150,JPEG,RGB,1.0,False,9e8c793a11586634f4fb00cb91f4ff66,afcaf0a5c0368f1a,9,21
/kaggle/input/datasets/jessicamercya/satria-data-2026/BDC2026-20260708T012259Z-3-001 - Copy/BDC2026/train/1_Electronic/15.WhatsApp-Image-2024-06-24-at-17.19.46-989x1024.jpeg,Electronic,989,1024,JPEG,RGB,0.9658203125,False,a87c5256c9a9b9094d7f4587537386ed,e8859459c6cfd0e5,3,28
/kaggle/input/datasets/jessicamercya/satria-data-2026/BDC2026-20260708T012259Z-3-001 - Copy/BDC2026/train/1_Electronic/Microwave_10.jpg,Electronic,150,150,JPEG,RGB,1.0,False,df2bf2e9a05e63f2e763d54227601ac6,bed0c12d3e524ba5,8,1
/kaggle/input/datasets/jessicamercya/satria-data-2026/BDC2026-20260708T012259Z-3-001 - Copy/BDC2026/train/1_Electronic/597.jpeg,Electronic,864,1152,JPEG,RGB,0.75,False,eb2bce3fca47f42c44ffee67e7009980,aac9952a6aad551e,1,4
/kaggle/input/datasets/jessicamercya/satria-data-2026/BDC2026-20260708T012259Z-3-001 - Copy/BDC2026/train/1_Electronic/Player_195.jpg,Electronic,150,150,JPEG,RGB,1.0,False,c6c3316beda0c5192558ed6027d32570,bb97c458e5cc70e0,9,17
/kaggle/input/datasets/jessicamercya/satria-data-2026/BDC2026-20260708T012259Z-3-001 - Copy/BDC2026/train/1_Electronic/Mobile_279.jpg,Electronic,150,150,JPEG,RGB,1.0,False,c55b1edada75c3074edb97850949bdf3,a45a5bab5435a9a6,1,16
/kaggle/input/datasets/jessicamercya/satria-data-2026/BDC2026-20260708T012259Z-3-001 - Copy/BDC2026/train/1_Electronic/Printer_288.jpg,Electronic,150,150,JPEG,RGB,1.0,False,b157717f7508983aad3d856f80a755d6,be0d852c2fa6e04f,6,11
/kaggle/input/datasets/jessicamercya/satria-data-2026/BDC2026-20260708T012259Z-3-001 - Copy/BDC2026/train/1_Electronic/Copy of IMG_20200328_135312.jpg,Electronic,4608,3456,JPEG,RGB,1.3333333333333333,False,5207dd801ad4896c248df52a7ba84cca,ad3cc02b2df42de1,1,4
/kaggle/input/datasets/jessicamercya/satria-data-2026/BDC2026-20260708T012259Z-3-001 - Copy/BDC2026/train/1_Electronic/Printer_6.jpg,Electronic,150,150,JPEG,RGB,1.0,False,2b60526a85fa91ef01ddcf3c2c9ac4db,882a76c7553dd323,6,6
/kaggle/input/datasets/jessicamercya/satria-data-2026/BDC2026-20260708T012259Z-3-001 - Copy/BDC2026/train/1_Electronic/582.jpeg,Electronic,864,1152,JPEG,RGB,0.75,False,341588b9963e1dcdfc369b71e0e13556,b081cf364333cf78,1,4
/kaggle/input/datasets/jessicamercya/satria-data-2026/BDC2026-20260708T012259Z-3-001 - Copy/BDC2026/train/1_Electronic/Television_292.jpg,Electronic,150,150,JPEG,RGB,1.0,False,fed4b1bd5265393989f08b846051d061,ef97c827ad688521,4,12
/kaggle/input/datasets/jessicamercya/satria-data-2026/BDC2026-20260708T012259Z-3-001 - Copy/BDC2026/train/1_Electronic/Television_127.jpg,Electronic,150,150,JPEG,RGB,1.0,False,8785c139c1cb3357ac5320861ba6da22,ff68c4c14997251e,4,15
/kaggle/input/datasets/jessicamercya/satria-data-2026/BDC2026-20260708T012259Z-3-001 - Copy/BDC2026/train/1_Electronic/12.gU7aqvywf2P6TZ3IFki5.jpg,Electronic,1600,1200,JPEG,RGB,1.3333333333333333,False,d4076620744c6d13f537c4201a297d5d,d91c7ee5472b4225,0,34
/kaggle/input/datasets/jessicamercya/satria-data-2026/BDC2026-20260708T012259Z-3-001 - Copy/BDC2026/train/1_Electronic/pcb_74.jpg,Electronic,150,150,JPEG,RGB,1.0,False,4197480c2081ae376ec1384be425c6ce,ea42802d959d1fdd,7,7
/kaggle/input/datasets/jessicamercya/satria-data-2026/BDC2026-20260708T012259Z-3-001 - Copy/BDC2026/train/1_Electronic/Mobile_227.jpg,Electronic,150,150,JPEG,RGB,1.0,False,e82b281b8d3087add7ac9cc426419aca,aa2a95f596c5e292,1,9
/kaggle/input/datasets/jessicamercya/satria-data-2026/BDC2026-20260708T012259Z-3-001 - Copy/BDC2026/train/1_Electronic/Mouse_93.jpg,Electronic,150,150,JPEG,RGB,1.0,False,bc47c486af68780c11f48605997a7c89,b0988f6dcc323979,5,3
/kaggle/input/datasets/jessicamercya/satria-data-2026/BDC2026-20260708T012259Z-3-001 - Copy/BDC2026/train/1_Electronic/IMG_20201101_130424.jpg,Electronic,4000,3000,JPEG,RGB,1.3333333333333333,False,5a74476f20b262a0ef5ee660c5230512,e9c813d8c63e9ad8,1,4
/kaggle/input/datasets/jessicamercya/satria-data-2026/BDC2026-20260708T012259Z-3-001 - Copy/BDC2026/train/1_Electronic/Printer_185.jpg,Electronic,150,150,JPEG,RGB,1.0,False,d8fcf11185566fab0964c33d9b943274,8b20a99eb36dc5d4,6,52
/kaggle/input/datasets/jessicamercya/satria-data-2026/BDC2026-20260708T012259Z-3-001 - Copy/BDC2026/train/1_Electronic/Washing_Machine_99.jpg,Electronic,150,150,JPEG,RGB,1.0,False,6f01f3571576f720ac3dd91c1df552df,b83c3766e6389874,3,33
/kaggle/input/datasets/jessicamercya/satria-data-2026/BDC2026-20260708T012259Z-3-001 - Copy/BDC2026/train/1_Electronic/Keyboard_164.jpg,Electronic,150,150,JPEG,RGB,1.0,False,b801839d26f170d660785e4fb660779c,a11d83e9c8e70d5e,2,13
/kaggle/input/datasets/jessicamercya/satria-data-2026/BDC2026-20260708T012259Z-3-001 - Copy/BDC2026/train/1_Electronic/pcb_257.jpg,Electronic,150,150,JPEG,RGB,1.0,False,825cc118e1c9381fc21496574f50e3ca,aaab2b798082fd0f,7,18
/kaggle/input/datasets/jessicamercya/satria-data-2026/BDC2026-20260708T012259Z-3-001 - Copy/BDC2026/train/1_Electronic/Television_212.jpg,Electronic,150,150,JPEG,RGB,1.0,False,1cb7b72cf685ed52be83f613dfa16b5c,e1c8371fa60eb526,4,10
/kaggle/input/datasets/jessicamercya/satria-data-2026/BDC2026-20260708T012259Z-3-001 - Copy/BDC2026/train/1_Electronic/Washing_Machine_144.jpg,Electronic,150,150,JPEG,RGB,1.0,False,8a636df4ec98d8bf628e42d4c36276d3,edc7383038326db6,3,35
/kaggle/input/datasets/jessicamercya/satria-data-2026/BDC2026-20260708T012259Z-3-001 - Copy/BDC2026/train/1_Electronic/Television_180.jpg,Electronic,150,150,JPEG,RGB,1.0,False,fa93741ddd3ef97961023b71e4dd3dd5,ccccc033333337d9,2,25
/kaggle/input/datasets/jessicamercya/satria-data-2026/BDC2026-20260708T012259Z-3-001 - Copy/BDC2026/train/1_Electronic/Player_298.jpg,Electronic,150,150,JPEG,RGB,1.0,False,026c6d25840e2d9cddb591a1ced89bf2,eaa19d97d2c3303c,9,17
/kaggle/input/datasets/jessicamercya/satria-data-2026/BDC2026-20260708T012259Z-3-001 - Copy/BDC2026/train/1_Electronic/Player_133.jpg,Electronic,150,150,JPEG,RGB,1.0,False,f48654616b7ed32900b3d4291c48962a,ffc0c7071e3c3131,9,17
/kaggle/input/datasets/jessicamercya/satria-data-2026/BDC2026-20260708T012259Z-3-001 - Copy/BDC2026/train/1_Electronic/16.TPA.png,Electronic,1600,900,PNG,RGBA,1.7777777777777777,False,e469d9f2aa0644b70a2d79432485c8d9,d0994b5a7c2ba758,0,22
/kaggle/input/datasets/jessicamercya/satria-data-2026/BDC2026-20260708T012259Z-3-001 - Copy/BDC2026/train/1_Electronic/13.LED-LCD-CRT-TVs-Scrap.jpg,Electronic,1200,800,JPEG,RGB,1.5,False,b151b342884709fb0dac291152a30a57,fb35cad83452c4c6,0,0
/kaggle/input/datasets/jessicamercya/satria-data-2026/BDC2026-20260708T012259Z-3-001 - Copy/BDC2026/train/1_Electronic/Printer_255.jpg,Electronic,150,150,JPEG,RGB,1.0,False,7faf6b81938fe9c487284103625ef01d,aad4d4e57e8a928a,6,6
/kaggle/input/datasets/jessicamercya/satria-data-2026/BDC2026-20260708T012259Z-3-001 - Copy/BDC2026/train/1_Electronic/IMG-20200329-WA0066.jpg,Electronic,1280,720,JPEG,RGB,1.7777777777777777,False,4963bb5bc8006973a62879f48e767c23,bdf29dc5c7856088,11,47
/kaggle/input/datasets/jessicamercya/satria-data-2026/BDC2026-20260708T012259Z-3-001 - Copy/BDC2026/train/1_Electronic/Printer_71.jpg,Electronic,150,150,JPEG,RGB,1.0,False,1a1ee9d51a4c0f2b3c038cf9e4fe1e71,ec251ac19e661fe2,6,11
/kaggle/input/datasets/jessicamercya/satria-data-2026/BDC2026-20260708T012259Z-3-001 - Copy/BDC2026/train/1_Electronic/19.layanan-roni-mandiri1.png,Electronic,600,360,PNG,P,1.6666666666666667,False,55caefc1d2f518d795470a2f842f9a03,e7b4e905ea1ce11c,0,34
/kaggle/input/datasets/jessicamercya/satria-data-2026/BDC2026-20260708T012259Z-3-001 - Copy/BDC2026/train/1_Electronic/Washing_Machine_183.jpg,Electronic,150,150,JPEG,RGB,1.0,False,314556fe4c043393e1082944e3bbc030,af4dc0670f92b293,3,8
/kaggle/input/datasets/jessicamercya/satria-data-2026/BDC2026-20260708T012259Z-3-001 - Copy/BDC2026/train/1_Electronic/207.jpeg,Electronic,1152,864,JPEG,RGB,1.3333333333333333,False,6550b5b085e97afc1c3855a3213648a4,ffea80d58095c595,10,2
/kaggle/input/datasets/jessicamercya/satria-data-2026/BDC2026-20260708T012259Z-3-001 - Copy/BDC2026/train/1_Electronic/Microwave_26.jpg,Electronic,150,150,JPEG,RGB,1.0,False,d8141d2ad1fd4c9438dcd0a05e6baa13,bdd4c22b3dd45229,8,1
/kaggle/input/datasets/jessicamercya/satria-data-2026/BDC2026-20260708T012259Z-3-001 - Copy/BDC2026/train/1_Electronic/battery_119.jpg,Electronic,150,150,JPEG,RGB,1.0,False,58b13ad7a80ceecc5b34c88026ac201d,ffeed03984159113,13,19
/kaggle/input/datasets/jessicamercya/satria-data-2026/BDC2026-20260708T012259Z-3-001 - Copy/BDC2026/train/1_Electronic/636364539543570882-Junk-08.jpeg,Electronic,3689,2084,WEBP,RGB,1.7701535508637236,False,00aaa02ac82387f58b2fd6e087fbafcf,e493dfa0fb741106,0,0
/kaggle/input/datasets/jessicamercya/satria-data-2026/BDC2026-20260708T012259Z-3-001 - Copy/BDC2026/train/1_Electronic/broken-printer.jpg,Electronic,1400,1026,JPEG,RGB,1.364522417153996,False,b2cef5b5e87559181a228b7bfc9016ce,ee3e9569b1949690,6,6
/kaggle/input/datasets/jessicamercya/satria-data-2026/BDC2026-20260708T012259Z-3-001 - Copy/BDC2026/train/1_Electronic/65.technology-6801334_1280.jpg,Electronic,1200,800,JPEG,RGB,1.5,False,a613182fcdd0d18f30dc3dc0208d5543,80c7af8bd090decd,0,0
/kaggle/input/datasets/jessicamercya/satria-data-2026/BDC2026-20260708T012259Z-3-001 - Copy/BDC2026/train/1_Electronic/1D2299CA-9F72-4A79-AE74-5228671D53E8.jpg,Electronic,600,600,JPEG,RGB,1.0,False,4a8667f41ea40a54cc1e9050adffc829,ef45923ab0ca8793,10,2
/kaggle/input/datasets/jessicamercya/satria-data-2026/BDC2026-20260708T012259Z-3-001 - Copy/BDC2026/train/1_Electronic/battery_85.jpg,Electronic,150,150,JPEG,RGB,1.0,False,781866cde74c2c836ef50dbd20fc55b9,bf6280bdc01f6b4a,12,38
/kaggle/input/datasets/jessicamercya/satria-data-2026/BDC2026-20260708T012259Z-3-001 - Copy/BDC2026/train/1_Electronic/15.Untitled-design-1.png,Electronic,400,300,PNG,RGBA,1.3333333333333333,False,029dc47e77ad66874a6ae82360ca1d15,bee4c44f9118c9f1,0,0
/kaggle/input/datasets/jessicamercya/satria-data-2026/BDC2026-20260708T012259Z-3-001 - Copy/BDC2026/train/1_Electronic/Keyboard_69.jpg,Electronic,150,150,JPEG,RGB,1.0,False,ee05741796001e27c2632d2adc62cf5a,afc8b7c0b5469827,2,5
/kaggle/input/datasets/jessicamercya/satria-data-2026/BDC2026-20260708T012259Z-3-001 - Copy/BDC2026/train/1_Electronic/70.oar2.jpg,Electronic,1080,1920,JPEG,RGB,0.5625,False,29bdede3bc9d053351085f46c7e27b1d,ce0e867137927c8e,0,54
/kaggle/input/datasets/jessicamercya/satria-data-2026/BDC2026-20260708T012259Z-3-001 - Copy/BDC2026/train/1_Electronic/pcb_258.jpg,Electronic,150,150,JPEG,RGB,1.0,False,92ec877427fd3dc4b677d5ed3892f66d,92b1c5de3c663961,7,7
/kaggle/input/datasets/jessicamercya/satria-data-2026/BDC2026-20260708T012259Z-3-001 - Copy/BDC2026/train/1_Electronic/Television_206.jpg,Electronic,150,150,JPEG,RGB,1.0,False,55c913d5ec7b77c137341076f684cac9,eacad415d4da851b,4,10
/kaggle/input/datasets/jessicamercya/satria-data-2026/BDC2026-20260708T012259Z-3-001 - Copy/BDC2026/train/1_Electronic/Television_164.jpg,Electronic,150,150,JPEG,RGB,1.0,False,6b0d5822d7994b7026842311042dec84,af4ac88dd03c873d,4,10
/kaggle/input/datasets/jessicamercya/satria-data-2026/BDC2026-20260708T012259Z-3-001 - Copy/BDC2026/train/1_Electronic/9.jpg,Electronic,4608,3456,JPEG,RGB,1.3333333333333333,False,24dff435d6559757cdc7fe67bebfacee,f175d54d0d8e0595,11,31
/kaggle/input/datasets/jessicamercya/satria-data-2026/BDC2026-20260708T012259Z-3-001 - Copy/BDC2026/train/1_Electronic/Printer_232.jpg,Electronic,150,150,JPEG,RGB,1.0,False,dfa2662e1564333ea75c74e989fa3143,cacd2d82375f503c,6,6
/kaggle/input/datasets/jessicamercya/satria-data-2026/BDC2026-20260708T012259Z-3-001 - Copy/BDC2026/train/1_Electronic/pcb_137.jpg,Electronic,150,150,JPEG,RGB,1.0,False,e6c81cc3f59fba2aca1194fe4a645d24,ee66911d9b49c856,2,25
/kaggle/input/datasets/jessicamercya/satria-data-2026/BDC2026-20260708T012259Z-3-001 - Copy/BDC2026/train/1_Electronic/488.jpeg,Electronic,720,1280,JPEG,RGB,0.5625,False,4ea674585b8648e7cc5d4132f17e6f29,bc1cc31287da7ce2,1,4
/kaggle/input/datasets/jessicamercya/satria-data-2026/BDC2026-20260708T012259Z-3-001 - Copy/BDC2026/train/1_Electronic/Mobile_4.jpg,Electronic,150,150,JPEG,RGB,1.0,False,9a565bfeea32c0456d618892e7e67eaf,fdd24b6d2e2d8484,1,16
/kaggle/input/datasets/jessicamercya/satria-data-2026/BDC2026-20260708T012259Z-3-001 - Copy/BDC2026/train/1_Electronic/Washing_Machine_142.jpg,Electronic,150,150,JPEG,RGB,1.0,False,a15e8f23536f05d8396e353c9fd13af6,e16596a758d861d9,3,8
/kaggle/input/datasets/jessicamercya/satria-data-2026/BDC2026-20260708T012259Z-3-001 - Copy/BDC2026/train/1_Electronic/Mobile_104.jpg,Electronic,150,150,JPEG,RGB,1.0,False,be972117388f7a0edb90173fa54a8940,af3ebf95d51080d0,1,9
/kaggle/input/datasets/jessicamercya/satria-data-2026/BDC2026-20260708T012259Z-3-001 - Copy/BDC2026/train/1_Electronic/pcb_133.jpg,Electronic,150,150,JPEG,RGB,1.0,False,29748d0e5cc8be658fe405bb9c4a3640,9775877488748a79,7,7
/kaggle/input/datasets/jessicamercya/satria-data-2026/BDC2026-20260708T012259Z-3-001 - Copy/BDC2026/train/1_Electronic/Mobile_140.jpg,Electronic,150,150,JPEG,RGB,1.0,False,5a15efa180346f6dd994254ce6b22535,d02b97383f606dc3,2,40
/kaggle/input/datasets/jessicamercya/satria-data-2026/BDC2026-20260708T012259Z-3-001 - Copy/BDC2026/train/1_Electronic/battery_4.jpg,Electronic,150,150,JPEG,RGB,1.0,False,6c93e5f99843afcb7e520174bda0dbbd,bfe0c01e3ee0cd19,12,37
/kaggle/input/datasets/jessicamercya/satria-data-2026/BDC2026-20260708T012259Z-3-001 - Copy/BDC2026/train/1_Electronic/Washing_Machine_88.jpg,Electronic,150,150,JPEG,RGB,1.0,False,2a62cca8309e3d68f6c7a5cf1b718635,a70fcbea70988707,3,27
/kaggle/input/datasets/jessicamercya/satria-data-2026/BDC2026-20260708T012259Z-3-001 - Copy/BDC2026/train/1_Electronic/Mouse_217.jpg,Electronic,150,150,JPEG,RGB,1.0,False,ea2f79fb0e855e1b433aad0ef8041317,bf95c0c0cccf0b35,5,3
/kaggle/input/datasets/jessicamercya/satria-data-2026/BDC2026-20260708T012259Z-3-001 - Copy/BDC2026/train/1_Electronic/Mouse_97.jpg,Electronic,150,150,JPEG,RGB,1.0,False,b582699e0acf44a750283b821cad8e36,e9cb9634610fdc91,5,3
/kaggle/input/datasets/jessicamercya/satria-data-2026/BDC2026-20260708T012259Z-3-001 - Copy/BDC2026/train/1_Electronic/Mobile_46.jpg,Electronic,150,150,JPEG,RGB,1.0,False,091245eaee725b3c208d31a041ed78a9,bce649cd34529b31,1,9
/kaggle/input/datasets/jessicamercya/satria-data-2026/BDC2026-20260708T012259Z-3-001 - Copy/BDC2026/train/1_Electronic/Television_52.jpg,Electronic,150,150,JPEG,RGB,1.0,False,3e2925971ce1f0bb8ae79c4ab52ac62d,838a3cb73c951b9c,4,12
/kaggle/input/datasets/jessicamercya/satria-data-2026/BDC2026-20260708T012259Z-3-001 - Copy/BDC2026/train/1_Electronic/IMG-20200329-WA0068.jpg,Electronic,720,1280,JPEG,RGB,0.5625,False,a6f6e673fec45dc8c9ee33235a3ce208,af80c469527fa176,11,47
/kaggle/input/datasets/jessicamercya/satria-data-2026/BDC2026-20260708T012259Z-3-001 - Copy/BDC2026/train/1_Electronic/13.e-waste-pile.jpg,Electronic,1204,872,JPEG,RGB,1.3807339449541285,False,46a0d88228fc4d048fb28f975ba271ca,8b34d7569a6ca847,0,0
/kaggle/input/datasets/jessicamercya/satria-data-2026/BDC2026-20260708T012259Z-3-001 - Copy/BDC2026/train/1_Electronic/18.technician-repairing-broken-laptop-notebook-computer-with-a-screwdriver-photo.jpg,Electronic,2953,1960,JPEG,RGB,1.5066326530612244,False,7610b9634fdb49c53c603dde78276eb8,aaaa3fa1615f0a2b,0,54
/kaggle/input/datasets/jessicamercya/satria-data-2026/BDC2026-20260708T012259Z-3-001 - Copy/BDC2026/train/1_Electronic/battery_104.jpg,Electronic,150,150,JPEG,RGB,1.0,False,46e5e9a48258999ab114d1efc58430d8,eb9094656b9866c7,12,37
/kaggle/input/datasets/jessicamercya/satria-data-2026/BDC2026-20260708T012259Z-3-001 - Copy/BDC2026/train/1_Electronic/10.Recycle-Monitors.jpg,Electronic,700,415,JPEG,RGB,1.6867469879518073,False,373b5bb922db81ed5259c7650f6e1396,ea28d5c502dd4f6a,0,0
/kaggle/input/datasets/jessicamercya/satria-data-2026/BDC2026-20260708T012259Z-3-001 - Copy/BDC2026/train/1_Electronic/Printer_81.jpg,Electronic,150,150,JPEG,RGB,1.0,False,e517c4859abb0ab7dabb210c900e7236,be37e0d8cac88b89,6,52
/kaggle/input/datasets/jessicamercya/satria-data-2026/BDC2026-20260708T012259Z-3-001 - Copy/BDC2026/train/1_Electronic/591.jpeg,Electronic,1152,864,JPEG,RGB,1.3333333333333333,False,86b0a811354be9d4bea6f28b8c259b73,c08b97783f616dc1,1,4
/kaggle/input/datasets/jessicamercya/satria-data-2026/BDC2026-20260708T012259Z-3-001 - Copy/BDC2026/train/1_Electronic/Player_43.jpg,Electronic,150,150,JPEG,RGB,1.0,False,44a671d2aed1c2befb5ec5150e852bb4,be67c0b40f103e79,9,21
/kaggle/input/datasets/jessicamercya/satria-data-2026/BDC2026-20260708T012259Z-3-001 - Copy/BDC2026/train/1_Electronic/pcb_186.jpg,Electronic,150,150,JPEG,RGB,1.0,False,2f15e557326e50a6735dd51893933d2e,ffed82948545946a,2,25
/kaggle/input/datasets/jessicamercya/satria-data-2026/BDC2026-20260708T012259Z-3-001 - Copy/BDC2026/train/1_Electronic/WhatsApp Image 2020-11-01 at 1.22.01 PM.jpeg,Electronic,1280,720,JPEG,RGB,1.7777777777777777,False,0e80900131d67d73de860505ea8949da,a2888c33378cbb77,15,46
/kaggle/input/datasets/jessicamercya/satria-data-2026/BDC2026-20260708T012259Z-3-001 - Copy/BDC2026/train/1_Electronic/pcb_69.jpg,Electronic,150,150,JPEG,RGB,1.0,False,63a2f535b9b44eb4c4354ad8a21972a0,c7927636bc1d518c,7,7
/kaggle/input/datasets/jessicamercya/satria-data-2026/BDC2026-20260708T012259Z-3-001 - Copy/BDC2026/train/1_Electronic/Mouse_31.jpg,Electronic,150,150,JPEG,RGB,1.0,False,afd555f9c666fb765c5ae176d2d7f8fe,ac2883871cccb37f,5,36
/kaggle/input/datasets/jessicamercya/satria-data-2026/BDC2026-20260708T012259Z-3-001 - Copy/BDC2026/train/1_Electronic/Washing_Machine_116.jpg,Electronic,150,150,JPEG,RGB,1.0,False,825020be5c0e7b723f396186a28f4079,ebd2c673d910c946,3,28
/kaggle/input/datasets/jessicamercya/satria-data-2026/BDC2026-20260708T012259Z-3-001 - Copy/BDC2026/train/1_Electronic/465.jpeg,Electronic,864,1152,JPEG,RGB,0.75,False,c353d766e820a9133e27a1ac5b99a0cb,bbccd697480a1d69,1,55
/kaggle/input/datasets/jessicamercya/satria-data-2026/BDC2026-20260708T012259Z-3-001 - Copy/BDC2026/train/1_Electronic/Printer_193.jpg,Electronic,150,150,JPEG,RGB,1.0,False,fdd1230cce480ac8837e59a960d18d7a,ea248d4f9ad82753,6,11
/kaggle/input/datasets/jessicamercya/satria-data-2026/BDC2026-20260708T012259Z-3-001 - Copy/BDC2026/train/1_Electronic/IMG_20201101_130732.jpg,Electronic,4000,3000,JPEG,RGB,1.3333333333333333,False,5fccbb78c0fce1d895f279baba0dbe90,e9c4b09c137baf48,15,59
/kaggle/input/datasets/jessicamercya/satria-data-2026/BDC2026-20260708T012259Z-3-001 - Copy/BDC2026/train/1_Electronic/Microwave_63.jpg,Electronic,150,150,JPEG,RGB,1.0,False,485e7c207fac889a199fb59155e43c85,ba95c194e13e621f,8,1
/kaggle/input/datasets/jessicamercya/satria-data-2026/BDC2026-20260708T012259Z-3-001 - Copy/BDC2026/train/1_Electronic/Printer_58.jpg,Electronic,150,150,JPEG,RGB,1.0,False,7639aa4006b8989dac954b511a6c7960,b14c9a36c599cec6,6,11
/kaggle/input/datasets/jessicamercya/satria-data-2026/BDC2026-20260708T012259Z-3-001 - Copy/BDC2026/train/1_Electronic/pcb_45.jpg,Electronic,150,150,JPEG,RGB,1.0,False,41943719a6470b4ab7a292c04b3a26e9,9898f42ae975d907,7,7
/kaggle/input/datasets/jessicamercya/satria-data-2026/BDC2026-20260708T012259Z-3-001 - Copy/BDC2026/train/1_Electronic/Washing_Machine_43.jpg,Electronic,150,150,JPEG,RGB,1.0,False,849df9dc3b049f24c1139baafc2b495a,95ad4b05788be23d,3,28
/kaggle/input/datasets/jessicamercya/satria-data-2026/BDC2026-20260708T012259Z-3-001 - Copy/BDC2026/train/1_Electronic/545.jpeg,Electronic,864,1152,JPEG,RGB,0.75,False,d38432be8bb416fdf7cab1ef0eacb143,a8c1d549dd48e9e5,1,4
/kaggle/input/datasets/jessicamercya/satria-data-2026/BDC2026-20260708T012259Z-3-001 - Copy/BDC2026/train/1_Electronic/Keyboard_195.jpg,Electronic,150,150,JPEG,RGB,1.0,False,b9c8db91f5a0d1fa824ae1434417b3f3,c07b66849971679e,2,5
/kaggle/input/datasets/jessicamercya/satria-data-2026/BDC2026-20260708T012259Z-3-001 - Copy/BDC2026/train/1_Electronic/Microwave_47.jpg,Electronic,150,150,JPEG,RGB,1.0,False,a8ac3fd6da161b07eb1ec0de1eef2751,9655cb6a644b6636,8,20
/kaggle/input/datasets/jessicamercya/satria-data-2026/BDC2026-20260708T012259Z-3-001 - Copy/BDC2026/train/1_Electronic/pcb_65.jpg,Electronic,150,150,JPEG,RGB,1.0,False,4b33452afbcf1c2fc8f5fa8203a6798b,ee6a9139b141ce66,7,7
/kaggle/input/datasets/jessicamercya/satria-data-2026/BDC2026-20260708T012259Z-3-001 - Copy/BDC2026/train/1_Electronic/783.jpeg,Electronic,780,1040,JPEG,RGB,0.75,False,f5494072dba51cca85a58c755f52787f,f3e1014f78606be6,5,29
/kaggle/input/datasets/jessicamercya/satria-data-2026/BDC2026-20260708T012259Z-3-001 - Copy/BDC2026/train/1_Electronic/621.jpeg,Electronic,1152,864,JPEG,RGB,1.3333333333333333,False,845f1a82b416d68ebe8af9b6ddf69f10,ee0ea00af540bff8,11,41
/kaggle/input/datasets/jessicamercya/satria-data-2026/BDC2026-20260708T012259Z-3-001 - Copy/BDC2026/train/1_Electronic/Television_172.jpg,Electronic,150,150,JPEG,RGB,1.0,False,3ceb8284740791f02fd93060b1da7fcd,d7f0601ecf9e1c30,4,15
/kaggle/input/datasets/jessicamercya/satria-data-2026/BDC2026-20260708T012259Z-3-001 - Copy/BDC2026/train/1_Electronic/Player_271.jpg,Electronic,150,150,JPEG,RGB,1.0,False,97a9b3ab8cfbd1922e263715eb8cde0a,fac68138467579ca,9,48
/kaggle/input/datasets/jessicamercya/satria-data-2026/BDC2026-20260708T012259Z-3-001 - Copy/BDC2026/train/1_Electronic/Mouse_256.jpg,Electronic,150,150,JPEG,RGB,1.0,False,427dc7527f5767c5f5ad0909b257136e,ef649117ce982bc8,5,26
/kaggle/input/datasets/jessicamercya/satria-data-2026/BDC2026-20260708T012259Z-3-001 - Copy/BDC2026/train/1_Electronic/Player_196.jpg,Electronic,150,150,JPEG,RGB,1.0,False,9e4bc5cd7ea17d25b05ae5de8588fe64,fbc4c43186b7b458,9,21
/kaggle/input/datasets/jessicamercya/satria-data-2026/BDC2026-20260708T012259Z-3-001 - Copy/BDC2026/train/1_Electronic/12.electronic-waste-pile-stockcake.jpg,Electronic,728,408,JPEG,RGB,1.7843137254901962,False,aa0e65594467ff819c7400641e036807,87d25a8f6ab98d12,0,14
/kaggle/input/datasets/jessicamercya/satria-data-2026/BDC2026-20260708T012259Z-3-001 - Copy/BDC2026/train/1_Electronic/battery_128.jpg,Electronic,150,150,JPEG,RGB,1.0,False,956cdef614588a1f88a0b857b03e54e5,b84ec3316cdb306d,2,32
/kaggle/input/datasets/jessicamercya/satria-data-2026/BDC2026-20260708T012259Z-3-001 - Copy/BDC2026/train/1_Electronic/327.jpeg,Electronic,1152,864,JPEG,RGB,1.3333333333333333,False,38e4b4f097a1edf2381877dff369984a,b7a76a8a8a616a3a,11,31
/kaggle/input/datasets/jessicamercya/satria-data-2026/BDC2026-20260708T012259Z-3-001 - Copy/BDC2026/train/1_Electronic/Keyboard_102.jpg,Electronic,150,150,JPEG,RGB,1.0,False,e7f546d512cc43c809bc2b31857a51c0,ea6a91803fb5396a,2,5
/kaggle/input/datasets/jessicamercya/satria-data-2026/BDC2026-20260708T012259Z-3-001 - Copy/BDC2026/train/1_Electronic/Mobile_20.jpg,Electronic,150,150,JPEG,RGB,1.0,False,822ba69061883ccf992788b4ebdd8318,d0c24b3d6b943fc4,1,51
/kaggle/input/datasets/jessicamercya/satria-data-2026/BDC2026-20260708T012259Z-3-001 - Copy/BDC2026/train/1_Electronic/Mouse_277.jpg,Electronic,150,150,JPEG,RGB,1.0,False,acc56b23e15538f2c19ac06ce1718cfb,bc24837a6ce46367,5,3
/kaggle/input/datasets/jessicamercya/satria-data-2026/BDC2026-20260708T012259Z-3-001 - Copy/BDC2026/train/1_Electronic/4.jpeg,Electronic,721,1280,JPEG,RGB,0.56328125,False,4f48e210c4dd49d771e126f6ce5ed607,c7203884e1ff067f,11,31
/kaggle/input/datasets/jessicamercya/satria-data-2026/BDC2026-20260708T012259Z-3-001 - Copy/BDC2026/train/1_Electronic/battery_64.jpg,Electronic,150,150,JPEG,RGB,1.0,False,0361e77b7bc8877209644e3bc8ce9faf,ea158ac4f24fa752,14,24
/kaggle/input/datasets/jessicamercya/satria-data-2026/BDC2026-20260708T012259Z-3-001 - Copy/BDC2026/train/1_Electronic/68.6388895040860982285325976.jpg,Electronic,512,512,JPEG,RGB,1.0,False,3fc605ff1fa5bf87a2e2d745289d035c,94c66e4e4979d9c1,0,34
/kaggle/input/datasets/jessicamercya/satria-data-2026/BDC2026-20260708T012259Z-3-001 - Copy/BDC2026/train/1_Electronic/1.tumpukan-e-limbah-yang-kacau-dari-laptop-dan-suku-cadang-komputer-yang-dibuang-representasi-visual-yang-luar-biasa-dari-masalah-limbah-elektronik-yang-berkembang-dan-kebutuhan-akan-solusi-daur-ulang-berkelanjutan_73523-11403.jpg,Electronic,626,351,JPEG,RGB,1.7834757834757835,False,ec80e1772fa546abc068c0094b98621a,d30e28af28b9f1a3,0,14
/kaggle/input/datasets/jessicamercya/satria-data-2026/BDC2026-20260708T012259Z-3-001 - Copy/BDC2026/train/1_Electronic/Printer_112.jpg,Electronic,150,150,JPEG,RGB,1.0,False,d9aab5144c80e4c015cfdf966ae27e0c,fad2c0479d288d3e,6,11
/kaggle/input/datasets/jessicamercya/satria-data-2026/BDC2026-20260708T012259Z-3-001 - Copy/BDC2026/train/1_Electronic/pcb_83.jpg,Electronic,150,150,JPEG,RGB,1.0,False,c6fc3fb2249ba543a5ac0ed7ca37c9d2,afafee525a50c0e0,7,23
/kaggle/input/datasets/jessicamercya/satria-data-2026/BDC2026-20260708T012259Z-3-001 - Copy/BDC2026/train/1_Electronic/17.sampah-elektronik-menghasilkan-uang-lho.jpg,Electronic,670,449,JPEG,RGB,1.4922048997772828,False,f49aa75e4a38873a783dd53162cfd266,edc2b6d8e862447c,0,22
/kaggle/input/datasets/jessicamercya/satria-data-2026/BDC2026-20260708T012259Z-3-001 - Copy/BDC2026/train/1_Electronic/Television_221.jpg,Electronic,150,150,JPEG,RGB,1.0,False,0317edfca6e7995100f03b55c0f066da,ea4ae10ba50f949f,4,10
/kaggle/input/datasets/jessicamercya/satria-data-2026/BDC2026-20260708T012259Z-3-001 - Copy/BDC2026/train/1_Electronic/10.20170119155746-intip-pusat-pemusnahan-limbah-elektronik-di-jepang-005-dru.jpg,Electronic,540,607,JPEG,RGB,0.8896210873146623,False,49e8ecaf6cb9e27ae75bd6a5ed5cf094,de9ce1b24e598632,0,14
/kaggle/input/datasets/jessicamercya/satria-data-2026/BDC2026-20260708T012259Z-3-001 - Copy/BDC2026/train/1_Electronic/Mobile_197.jpg,Electronic,150,150,JPEG,RGB,1.0,False,7b671da0d1c510a8c92f18aaa3c8409c,af378021dd33b896,1,16
/kaggle/input/datasets/jessicamercya/satria-data-2026/BDC2026-20260708T012259Z-3-001 - Copy/BDC2026/train/1_Electronic/Mouse_292.jpg,Electronic,150,150,JPEG,RGB,1.0,False,fb567d9cb6e89b3673cbc563eb744c52,fcf8c87ee6e28180,5,36
/kaggle/input/datasets/jessicamercya/satria-data-2026/BDC2026-20260708T012259Z-3-001 - Copy/BDC2026/train/1_Electronic/Washing_Machine_133.jpg,Electronic,150,150,JPEG,RGB,1.0,False,1410aa23662dffd479647aaf6d12dd79,a03ff42a3f40d46e,3,28
/kaggle/input/datasets/jessicamercya/satria-data-2026/BDC2026-20260708T012259Z-3-001 - Copy/BDC2026/train/1_Electronic/2.jpeg,Electronic,1280,720,JPEG,RGB,1.7777777777777777,False,d1dc60f4fe47ddaf6039750c1cca18df,d89cf0fceee0c980,11,31
/kaggle/input/datasets/jessicamercya/satria-data-2026/BDC2026-20260708T012259Z-3-001 - Copy/BDC2026/train/1_Electronic/454.jpeg,Electronic,581,1032,JPEG,RGB,0.562984496124031,False,b6d57c742fd4b9d96f7d38de45b07e57,e9ac9663859e61cc,1,4
/kaggle/input/datasets/jessicamercya/satria-data-2026/BDC2026-20260708T012259Z-3-001 - Copy/BDC2026/train/1_Electronic/542.jpeg,Electronic,581,1032,JPEG,RGB,0.562984496124031,False,98aca548981c1c73631cf41979ebb4b9,e880925a517b7bd6,1,4
/kaggle/input/datasets/jessicamercya/satria-data-2026/BDC2026-20260708T012259Z-3-001 - Copy/BDC2026/train/1_Electronic/23.destruction-smartphones-ilustrated_23-2151500025.jpg,Electronic,626,351,JPEG,RGB,1.7834757834757835,False,693cb2992be91e61aeb25c0772d699ba,bec4d03dcb722689,1,9
/kaggle/input/datasets/jessicamercya/satria-data-2026/BDC2026-20260708T012259Z-3-001 - Copy/BDC2026/train/1_Electronic/Mobile_231.jpg,Electronic,150,150,JPEG,RGB,1.0,False,ee68fe14115f605bffe48cde045a8536,fa3fd5f811812a91,2,25
/kaggle/input/datasets/jessicamercya/satria-data-2026/BDC2026-20260708T012259Z-3-001 - Copy/BDC2026/train/1_Electronic/Microwave_165.jpg,Electronic,150,150,JPEG,RGB,1.0,False,135984348ae1b6bbdbea20b8c028779b,ab49d436c0329cfb,8,1
/kaggle/input/datasets/jessicamercya/satria-data-2026/BDC2026-20260708T012259Z-3-001 - Copy/BDC2026/train/1_Electronic/Printer_200.jpg,Electronic,150,150,JPEG,RGB,1.0,False,ca9e8585ffd9a6650a7abf613913bd98,aa8ecd72b33584a5,6,52
/kaggle/input/datasets/jessicamercya/satria-data-2026/BDC2026-20260708T012259Z-3-001 - Copy/BDC2026/train/1_Electronic/Printer_249.jpg,Electronic,150,150,JPEG,RGB,1.0,False,da11f606d105d2e84be30f85b0a11ffb,d7f5a0922881deea,6,6
/kaggle/input/datasets/jessicamercya/satria-data-2026/BDC2026-20260708T012259Z-3-001 - Copy/BDC2026/train/1_Electronic/1.Aac800bddf9004b01a3ac84e4a49572eaH.jpg,Electronic,1600,1600,JPEG,RGB,1.0,False,e43d8dc6e84946d8f3598717d5e96748,fb6398e38ca0c2c7,0,30
/kaggle/input/datasets/jessicamercya/satria-data-2026/BDC2026-20260708T012259Z-3-001 - Copy/BDC2026/train/1_Electronic/IMG-20200329-WA0074.jpg,Electronic,720,1280,JPEG,RGB,0.5625,False,9cefdad07ca881625e61a312378d239b,eb219311be8d239d,5,29
/kaggle/input/datasets/jessicamercya/satria-data-2026/BDC2026-20260708T012259Z-3-001 - Copy/BDC2026/train/1_Electronic/Printer_177.jpg,Electronic,150,150,JPEG,RGB,1.0,False,521757ae38b8c86dce56d368ef215d81,9cd878919d3d7131,6,11
/kaggle/input/datasets/jessicamercya/satria-data-2026/BDC2026-20260708T012259Z-3-001 - Copy/BDC2026/train/1_Electronic/Washing_Machine_26.jpg,Electronic,150,150,JPEG,RGB,1.0,False,67901d6fa64056bdfba46659d4323008,dcea4b89ec68d2b0,3,27
/kaggle/input/datasets/jessicamercya/satria-data-2026/BDC2026-20260708T012259Z-3-001 - Copy/BDC2026/train/1_Electronic/battery_264.jpg,Electronic,150,150,JPEG,RGB,1.0,False,55d1c9ba56bb2553ff23d118bf37ef28,ee9dc868ac6653a1,14,24
/kaggle/input/datasets/jessicamercya/satria-data-2026/BDC2026-20260708T012259Z-3-001 - Copy/BDC2026/train/1_Electronic/Mouse_186.jpg,Electronic,150,150,JPEG,RGB,1.0,False,c676edd3cce133ccd7390fe72bf37e0e,eaca970fd930e521,5,3
/kaggle/input/datasets/jessicamercya/satria-data-2026/BDC2026-20260708T012259Z-3-001 - Copy/BDC2026/train/1_Electronic/battery_280.jpg,Electronic,150,150,JPEG,RGB,1.0,False,3d91267b062a28c46ac575e9769fba1b,f8508f63976c3389,12,37
/kaggle/input/datasets/jessicamercya/satria-data-2026/BDC2026-20260708T012259Z-3-001 - Copy/BDC2026/train/1_Electronic/pcb_148.jpg,Electronic,150,150,JPEG,RGB,1.0,False,2acdaf495bf5fb7d0600d923b4670a3c,efccb0971b68e007,7,7
/kaggle/input/datasets/jessicamercya/satria-data-2026/BDC2026-20260708T012259Z-3-001 - Copy/BDC2026/train/1_Electronic/177.jpg,Electronic,2340,4160,JPEG,RGB,0.5625,False,7167c8616774d607918a7dbe7b4a7c7f,eb2b00d47abe8d45,10,56
/kaggle/input/datasets/jessicamercya/satria-data-2026/BDC2026-20260708T012259Z-3-001 - Copy/BDC2026/train/1_Electronic/13.Computer-Motherboard-Scrap.jpg,Electronic,500,500,JPEG,RGB,1.0,False,c90d40eafc008ef40d6aa1e55076824a,faa98517ea2b2c62,0,30
/kaggle/input/datasets/jessicamercya/satria-data-2026/BDC2026-20260708T012259Z-3-001 - Copy/BDC2026/train/1_Electronic/battery_78.jpg,Electronic,150,150,JPEG,RGB,1.0,False,5f28dea411975edd6cb844e790a385b1,eb9a90348563cece,12,37
/kaggle/input/datasets/jessicamercya/satria-data-2026/BDC2026-20260708T012259Z-3-001 - Copy/BDC2026/train/1_Electronic/Mouse_3.jpg,Electronic,150,150,JPEG,RGB,1.0,False,f877bf20bdf0d771ef49e98af4854cab,82dd31cf3087eca3,5,3
/kaggle/input/datasets/jessicamercya/satria-data-2026/BDC2026-20260708T012259Z-3-001 - Copy/BDC2026/train/1_Electronic/Television_210.jpg,Electronic,150,150,JPEG,RGB,1.0,False,aa3f8a21c9321d6cbbfbcc31d981a7a1,ee9a851a91e499e5,4,10
/kaggle/input/datasets/jessicamercya/satria-data-2026/BDC2026-20260708T012259Z-3-001 - Copy/BDC2026/train/1_Electronic/7.depositphotos_67763385-stock-photo-pile-of-old-televisions.jpg,Electronic,683,1023,JPEG,RGB,0.667644183773216,False,69a99d5a5739134c5cbcbbc78e452785,95785a26079de4a7,0,0
/kaggle/input/datasets/jessicamercya/satria-data-2026/BDC2026-20260708T012259Z-3-001 - Copy/BDC2026/train/1_Electronic/Player_284.jpg,Electronic,150,150,JPEG,RGB,1.0,False,9e9f1c6579fc35cd60ddf73e1c1d2cf2,ea958562193ec736,9,48
/kaggle/input/datasets/jessicamercya/satria-data-2026/BDC2026-20260708T012259Z-3-001 - Copy/BDC2026/train/1_Electronic/battery_287.jpg,Electronic,150,150,JPEG,RGB,1.0,False,53f771dc30f9c1c9d25c151571101682,fa87b04e9321ceb1,13,19
/kaggle/input/datasets/jessicamercya/satria-data-2026/BDC2026-20260708T012259Z-3-001 - Copy/BDC2026/train/1_Electronic/Copy of IMG_20200328_135306.jpg,Electronic,4608,3456,JPEG,RGB,1.3333333333333333,False,d06027b5c3400f84298f1a33d93522c3,af3fd0d4d1d0c069,1,4
/kaggle/input/datasets/jessicamercya/satria-data-2026/BDC2026-20260708T012259Z-3-001 - Copy/BDC2026/train/1_Electronic/Television_89.jpg,Electronic,150,150,JPEG,RGB,1.0,False,3c574cf3d9d60a50328bc212da834ac7,db94e060881e9f9f,2,40
/kaggle/input/datasets/jessicamercya/satria-data-2026/BDC2026-20260708T012259Z-3-001 - Copy/BDC2026/train/1_Electronic/battery_198.jpg,Electronic,150,150,JPEG,RGB,1.0,False,6939f8ac6dbe572454c53c9ac68c6f06,b4cfc334cb30cb23,12,37
/kaggle/input/datasets/jessicamercya/satria-data-2026/BDC2026-20260708T012259Z-3-001 - Copy/BDC2026/train/1_Electronic/17.e-waste.jpeg,Electronic,850,476,JPEG,RGB,1.7857142857142858,False,867a6da86a8134113c6501018706e49d,fcc0ca8c9c385ba7,0,0
/kaggle/input/datasets/jessicamercya/satria-data-2026/BDC2026-20260708T012259Z-3-001 - Copy/BDC2026/train/1_Electronic/Printer_196.jpg,Electronic,150,150,JPEG,RGB,1.0,False,0df76072769f9b85f307c951cf2e49fa,eac3953c6ac18d1b,6,11
/kaggle/input/datasets/jessicamercya/satria-data-2026/BDC2026-20260708T012259Z-3-001 - Copy/BDC2026/train/1_Electronic/pcb_198.jpg,Electronic,150,150,JPEG,RGB,1.0,False,3cd0231cd85deec581690f337c96c94f,fa628597ec9c116a,7,23
/kaggle/input/datasets/jessicamercya/satria-data-2026/BDC2026-20260708T012259Z-3-001 - Copy/BDC2026/train/1_Electronic/Microwave_6.jpg,Electronic,150,150,JPEG,RGB,1.0,False,7cc8c722442a84a0d5d929c824a2d941,eac5c23e901eda6a,8,20
/kaggle/input/datasets/jessicamercya/satria-data-2026/BDC2026-20260708T012259Z-3-001 - Copy/BDC2026/train/1_Electronic/Microwave_75.jpg,Electronic,150,150,JPEG,RGB,1.0,False,8a8d511ff4893b67590d6ec54415f991,ba2564363336e969,8,20
/kaggle/input/datasets/jessicamercya/satria-data-2026/BDC2026-20260708T012259Z-3-001 - Copy/BDC2026/train/1_Electronic/Player_188.jpg,Electronic,150,150,JPEG,RGB,1.0,False,7b7ee955d719ab33e61b3968827a498f,bfecc1e18293c692,9,17
/kaggle/input/datasets/jessicamercya/satria-data-2026/BDC2026-20260708T012259Z-3-001 - Copy/BDC2026/train/1_Electronic/Television_3.jpg,Electronic,150,150,JPEG,RGB,1.0,False,01fe0a68c7b64e0e2434fbc814b13414,bf1fc83133498966,4,15
/kaggle/input/datasets/jessicamercya/satria-data-2026/BDC2026-20260708T012259Z-3-001 - Copy/BDC2026/train/1_Electronic/IMG_20201101_130703.jpg,Electronic,4000,3000,JPEG,RGB,1.3333333333333333,False,37de52e89f68fdc4d913651c06d3ca14,b34c4d6162b3cdd2,15,59
/kaggle/input/datasets/jessicamercya/satria-data-2026/BDC2026-20260708T012259Z-3-001 - Copy/BDC2026/train/1_Electronic/battery_117.jpg,Electronic,150,150,JPEG,RGB,1.0,False,756d2503b8bc42e1d056551ca3996ee6,eea19374815ec98e,12,37
/kaggle/input/datasets/jessicamercya/satria-data-2026/BDC2026-20260708T012259Z-3-001 - Copy/BDC2026/train/1_Electronic/Mobile_88.jpg,Electronic,150,150,JPEG,RGB,1.0,False,9831b0b36ea87c34ffe30cb352c33376,aa3d8578857a3de0,1,16
/kaggle/input/datasets/jessicamercya/satria-data-2026/BDC2026-20260708T012259Z-3-001 - Copy/BDC2026/train/1_Electronic/WhatsApp Image 2020-11-01 at 1.23.45 PM.jpeg,Electronic,1280,720,JPEG,RGB,1.7777777777777777,False,fb898c99d0027240734335ab58ae8cb7,84fd5146eaa991d6,15,46
/kaggle/input/datasets/jessicamercya/satria-data-2026/BDC2026-20260708T012259Z-3-001 - Copy/BDC2026/train/1_Electronic/Washing_Machine_265.jpg,Electronic,150,150,JPEG,RGB,1.0,False,8a3dc23038875c46e902f323d07b828c,f7349e8e2139c2e2,3,8
/kaggle/input/datasets/jessicamercya/satria-data-2026/BDC2026-20260708T012259Z-3-001 - Copy/BDC2026/train/1_Electronic/battery_49.jpg,Electronic,150,150,JPEG,RGB,1.0,False,2cdb42205888baa12296124825b7f368,bf8cc0613c2e7b98,14,24
/kaggle/input/datasets/jessicamercya/satria-data-2026/BDC2026-20260708T012259Z-3-001 - Copy/BDC2026/train/1_Electronic/Keyboard_122.jpg,Electronic,150,150,JPEG,RGB,1.0,False,10ba9145fa960e6b3c1fa39ac80a49ab,9662402f3f95e9d2,2,13
/kaggle/input/datasets/jessicamercya/satria-data-2026/BDC2026-20260708T012259Z-3-001 - Copy/BDC2026/train/1_Electronic/12.Photo-Waste-Ewaste.jpg,Electronic,1440,956,JPEG,RGB,1.506276150627615,False,1cab7322b00310e774d46bb6329f04bf,880fccc5dc7914be,0,0
/kaggle/input/datasets/jessicamercya/satria-data-2026/BDC2026-20260708T012259Z-3-001 - Copy/BDC2026/train/1_Electronic/82.DHL-WEEE-4_popup.jpg,Electronic,800,600,JPEG,RGB,1.3333333333333333,False,f9d87cc73b1c4758777ecacc4de36cc4,96e9aa2a7d89b22a,0,14
/kaggle/input/datasets/jessicamercya/satria-data-2026/BDC2026-20260708T012259Z-3-001 - Copy/BDC2026/train/1_Electronic/Washing_Machine_236.jpg,Electronic,150,150,JPEG,RGB,1.0,False,7bf86d4f941fb23045dcd6fe06e86791,e363cdce6430b0b6,3,8
/kaggle/input/datasets/jessicamercya/satria-data-2026/BDC2026-20260708T012259Z-3-001 - Copy/BDC2026/train/1_Electronic/Mouse_22.jpg,Electronic,150,150,JPEG,RGB,1.0,False,d46d2dca7306beceefe8d176457fcd86,a5e987d4cf9218b2,5,29
/kaggle/input/datasets/jessicamercya/satria-data-2026/BDC2026-20260708T012259Z-3-001 - Copy/BDC2026/train/1_Electronic/Printer_186.jpg,Electronic,150,150,JPEG,RGB,1.0,False,93a6125de4c158e40653028faabc27d9,eeb5915a5b85185a,6,42
/kaggle/input/datasets/jessicamercya/satria-data-2026/BDC2026-20260708T012259Z-3-001 - Copy/BDC2026/train/1_Electronic/Mouse_12.jpg,Electronic,150,150,JPEG,RGB,1.0,False,837bd6b774e02a51ce9ba5b87064a742,9aeec6b38885a535,5,3
/kaggle/input/datasets/jessicamercya/satria-data-2026/BDC2026-20260708T012259Z-3-001 - Copy/BDC2026/train/1_Electronic/pcb_56.jpg,Electronic,150,150,JPEG,RGB,1.0,False,69e2e0b03437795c90382df96fd1f1de,fee6b7d482d28098,7,18
/kaggle/input/datasets/jessicamercya/satria-data-2026/BDC2026-20260708T012259Z-3-001 - Copy/BDC2026/train/1_Electronic/pcb_117.jpg,Electronic,150,150,JPEG,RGB,1.0,False,e6ea3f93b9bd63f73372ea1ea7c32494,910fcf5cca30b725,7,23
/kaggle/input/datasets/jessicamercya/satria-data-2026/BDC2026-20260708T012259Z-3-001 - Copy/BDC2026/train/1_Electronic/battery_24.jpg,Electronic,150,150,JPEG,RGB,1.0,False,289e21bf26c9459cffa1245089e07537,b896c3396199c7c9,12,37
/kaggle/input/datasets/jessicamercya/satria-data-2026/BDC2026-20260708T012259Z-3-001 - Copy/BDC2026/train/1_Electronic/Mobile_236.jpg,Electronic,150,150,JPEG,RGB,1.0,False,b791418c8dc3b4702ecb5f422310271d,a5b892ea726866b9,1,9
/kaggle/input/datasets/jessicamercya/satria-data-2026/BDC2026-20260708T012259Z-3-001 - Copy/BDC2026/train/1_Electronic/4.WHY-ARE-ELECTRONICS-BECOMING-OBSOLETE-FASTER.jpg,Electronic,681,349,JPEG,RGB,1.9512893982808024,False,823553f40eeffae078b8926b96d7e25d,b61e0fc7e4226dd0,0,0
/kaggle/input/datasets/jessicamercya/satria-data-2026/BDC2026-20260708T012259Z-3-001 - Copy/BDC2026/train/1_Electronic/Mouse_87.jpg,Electronic,150,150,JPEG,RGB,1.0,False,f1ed3de46f856b09ed84b783ce194641,9e9b25b027243e67,5,3
/kaggle/input/datasets/jessicamercya/satria-data-2026/BDC2026-20260708T012259Z-3-001 - Copy/BDC2026/train/1_Electronic/Television_134.jpg,Electronic,150,150,JPEG,RGB,1.0,False,8ebc0908239205a46322b81fa851fec9,9b95ece6a178e828,4,15
/kaggle/input/datasets/jessicamercya/satria-data-2026/BDC2026-20260708T012259Z-3-001 - Copy/BDC2026/train/1_Electronic/Mobile_85.jpg,Electronic,150,150,JPEG,RGB,1.0,False,72a3bbdb67a4312265a30a3b05d214d3,fcbcc20ad3ca0bc3,1,9
/kaggle/input/datasets/jessicamercya/satria-data-2026/BDC2026-20260708T012259Z-3-001 - Copy/BDC2026/train/1_Electronic/Printer_202.jpg,Electronic,150,150,JPEG,RGB,1.0,False,44ddb9dc83a3d523b015331e318d71c0,c2987d9946a7469d,6,6
/kaggle/input/datasets/jessicamercya/satria-data-2026/BDC2026-20260708T012259Z-3-001 - Copy/BDC2026/train/1_Electronic/23.pile-of-abandoned-computers-and-monitors-in-empty-school-classroom-C2NJR3.jpg,Electronic,1300,828,JPEG,RGB,1.570048309178744,False,ae780ba26517ce5a066387ec71d441c5,b9a69e915592698d,0,0
/kaggle/input/datasets/jessicamercya/satria-data-2026/BDC2026-20260708T012259Z-3-001 - Copy/BDC2026/train/1_Electronic/Microwave_158.jpg,Electronic,150,150,JPEG,RGB,1.0,False,65995f8276b94d179d7898e2f08a8610,adc6d228eb396d50,8,1
/kaggle/input/datasets/jessicamercya/satria-data-2026/BDC2026-20260708T012259Z-3-001 - Copy/BDC2026/train/1_Electronic/battery_77.jpg,Electronic,150,150,JPEG,RGB,1.0,False,1d147f41de28d293578a5a3e3583f280,eec89b30e513e68c,14,24
/kaggle/input/datasets/jessicamercya/satria-data-2026/BDC2026-20260708T012259Z-3-001 - Copy/BDC2026/train/1_Electronic/Player_292.jpg,Electronic,150,150,JPEG,RGB,1.0,False,9ae849c8ff4519dcf330bf678fb30419,abd42c4b956e5a91,5,36
/kaggle/input/datasets/jessicamercya/satria-data-2026/BDC2026-20260708T012259Z-3-001 - Copy/BDC2026/train/1_Electronic/Mobile_164.jpg,Electronic,150,150,JPEG,RGB,1.0,False,f858cd0bdb219d40144d6f75ba173153,e5a19a9382d08fdd,1,16
/kaggle/input/datasets/jessicamercya/satria-data-2026/BDC2026-20260708T012259Z-3-001 - Copy/BDC2026/train/1_Electronic/Keyboard_93.jpg,Electronic,150,150,JPEG,RGB,1.0,False,af239ad327bb68773e8a8762a56e2cc5,a9d40aadda30373b,2,13
/kaggle/input/datasets/jessicamercya/satria-data-2026/BDC2026-20260708T012259Z-3-001 - Copy/BDC2026/train/1_Electronic/Copy of IMG_20200328_214915.jpg,Electronic,8000,6000,JPEG,RGB,1.3333333333333333,False,e718933bf77a3e0215e29558b569c709,ee2fd52ac530c9b0,11,47
/kaggle/input/datasets/jessicamercya/satria-data-2026/BDC2026-20260708T012259Z-3-001 - Copy/BDC2026/train/1_Electronic/Keyboard_61.jpg,Electronic,150,150,JPEG,RGB,1.0,False,a212f1f6a9e09c1f3589df6b4b7b3a34,f767f6191a98190c,11,57
/kaggle/input/datasets/jessicamercya/satria-data-2026/BDC2026-20260708T012259Z-3-001 - Copy/BDC2026/train/1_Electronic/12.three-old-obsolete-computer-screen-monitors-discarded-as-junk-on-the-B49J8G.jpg,Electronic,1300,956,JPEG,RGB,1.3598326359832635,False,0007381d365291e86117294c4bc83cc8,cee92b96549437b0,0,39
/kaggle/input/datasets/jessicamercya/satria-data-2026/BDC2026-20260708T012259Z-3-001 - Copy/BDC2026/train/1_Electronic/70.ewaste-850x425.jpg,Electronic,850,425,JPEG,RGB,2.0,False,9677c993aad6d0681cb9a320b4390176,8ef3dc54230fac38,0,22
/kaggle/input/datasets/jessicamercya/satria-data-2026/BDC2026-20260708T012259Z-3-001 - Copy/BDC2026/train/1_Electronic/Television_214.jpg,Electronic,150,150,JPEG,RGB,1.0,False,d46fad10ea2d27ab96c88d5ab7d98c5b,b634c249a9bf71c4,4,12
/kaggle/input/datasets/jessicamercya/satria-data-2026/BDC2026-20260708T012259Z-3-001 - Copy/BDC2026/train/1_Electronic/WhatsApp Image 2020-11-01 at 1.27.55 PM.jpeg,Electronic,720,1280,JPEG,RGB,0.5625,False,f1fcb6b690b3198f9bcf78705e8c209c,95d42a2af5f252d4,15,46
/kaggle/input/datasets/jessicamercya/satria-data-2026/BDC2026-20260708T012259Z-3-001 - Copy/BDC2026/train/1_Electronic/battery_36.jpg,Electronic,150,150,JPEG,RGB,1.0,False,0d7e62ea3892b43ee83a5a43195868ba,e23997c2483d3d72,13,19
/kaggle/input/datasets/jessicamercya/satria-data-2026/BDC2026-20260708T012259Z-3-001 - Copy/BDC2026/train/1_Electronic/Keyboard_136.jpg,Electronic,150,150,JPEG,RGB,1.0,False,60a5105a5ba79342a80f6f7c37153ab6,aa4cd36ea5569166,2,13
/kaggle/input/datasets/jessicamercya/satria-data-2026/BDC2026-20260708T012259Z-3-001 - Copy/BDC2026/train/1_Electronic/Keyboard_202.jpg,Electronic,150,150,JPEG,RGB,1.0,False,e0b6038fe68dc4f556330a75352a7ed7,bf12e90eb052ed52,2,5
/kaggle/input/datasets/jessicamercya/satria-data-2026/BDC2026-20260708T012259Z-3-001 - Copy/BDC2026/train/1_Electronic/Keyboard_253.jpg,Electronic,150,150,JPEG,RGB,1.0,False,6c85ec73cecce5b779b5d46730cabccf,9a3984ce2d735a4d,2,13
/kaggle/input/datasets/jessicamercya/satria-data-2026/BDC2026-20260708T012259Z-3-001 - Copy/BDC2026/train/1_Electronic/Player_101.jpg,Electronic,150,150,JPEG,RGB,1.0,False,646d54f2533891f2af26d14af1e08163,e3268569cace8f92,9,45
/kaggle/input/datasets/jessicamercya/satria-data-2026/BDC2026-20260708T012259Z-3-001 - Copy/BDC2026/train/1_Electronic/battery_130.jpg,Electronic,150,150,JPEG,RGB,1.0,False,1aaa7b9f8a950d6b78e77b35259a927d,efbfb0c0c232b027,12,38
/kaggle/input/datasets/jessicamercya/satria-data-2026/BDC2026-20260708T012259Z-3-001 - Copy/BDC2026/train/1_Electronic/Television_254.jpg,Electronic,150,150,JPEG,RGB,1.0,False,8047d0a9a536a4136ccf6fd21970333d,cec530e1659a6d36,4,12
/kaggle/input/datasets/jessicamercya/satria-data-2026/BDC2026-20260708T012259Z-3-001 - Copy/BDC2026/train/1_Electronic/19.lcd.jpg,Electronic,1024,768,JPEG,RGB,1.3333333333333333,False,7b93c5b6540ba79e28d7c41594d5cb76,aac03dec0dc9dd38,4,49
/kaggle/input/datasets/jessicamercya/satria-data-2026/BDC2026-20260708T012259Z-3-001 - Copy/BDC2026/train/1_Electronic/11.vintage-computers-peripherals-museum-display-shelves-old-computer-hardware-electronics-stored-archive-retro-tech-collection-410002972.jpg,Electronic,800,457,JPEG,RGB,1.75054704595186,False,3845b9113d92399974a0f8add419068e,c5ac9f2d881ba7c4,0,0
/kaggle/input/datasets/jessicamercya/satria-data-2026/BDC2026-20260708T012259Z-3-001 - Copy/BDC2026/train/1_Electronic/il_1080xN.4881251701_efg1.jpg,Electronic,1080,908,JPEG,RGB,1.1894273127753303,False,f800e588a6668bb99374d607add74cc8,eec3953d981a4ae8,0,0
/kaggle/input/datasets/jessicamercya/satria-data-2026/BDC2026-20260708T012259Z-3-001 - Copy/BDC2026/train/1_Electronic/Keyboard_150.jpg,Electronic,150,150,JPEG,RGB,1.0,False,f199f2e8a5ae23cb24e65e0503c5f226,eeaf847c8172906b,2,5
/kaggle/input/datasets/jessicamercya/satria-data-2026/BDC2026-20260708T012259Z-3-001 - Copy/BDC2026/train/1_Electronic/Mouse_234.jpg,Electronic,150,150,JPEG,RGB,1.0,False,1595974c974329c765a152db2139e1d0,bb17e0709c4e396c,5,3
/kaggle/input/datasets/jessicamercya/satria-data-2026/BDC2026-20260708T012259Z-3-001 - Copy/BDC2026/train/1_Electronic/13.Scrap-PCB-rotated.jpg,Electronic,816,612,JPEG,RGB,1.3333333333333333,False,7b9b97c8bc05ea88489b040b9568c9c6,afd72e5aa94a1152,0,30
/kaggle/input/datasets/jessicamercya/satria-data-2026/BDC2026-20260708T012259Z-3-001 - Copy/BDC2026/train/1_Electronic/2.lcd-monitor-scrap-500x500.jpg,Electronic,500,375,JPEG,RGB,1.3333333333333333,False,1e9fe4b151cb89f45c5c17b67685d196,fa16b0a2b8d3a873,0,0
/kaggle/input/datasets/jessicamercya/satria-data-2026/BDC2026-20260708T012259Z-3-001 - Copy/BDC2026/train/1_Electronic/battery_284.jpg,Electronic,150,150,JPEG,RGB,1.0,False,7992038b4eaa76cd82e74648aa5e9e01,ef72c48d95506a2e,12,38
/kaggle/input/datasets/jessicamercya/satria-data-2026/BDC2026-20260708T012259Z-3-001 - Copy/BDC2026/train/1_Electronic/13.Water-and-liquid-damage-for-laptop-what-to-do-step-to-dry-all-the-laptop-components-for-at-least-24-hours-let-laptop-fully-dry-550x422.jpg,Electronic,550,422,JPEG,RGB,1.3033175355450237,False,8e348193d0ab9d8a230c4764d207bc8f,a5e1909eb8c8daf8,0,58
/kaggle/input/datasets/jessicamercya/satria-data-2026/BDC2026-20260708T012259Z-3-001 - Copy/BDC2026/train/1_Electronic/Washing_Machine_292.jpg,Electronic,150,150,JPEG,RGB,1.0,False,0809e2cbc3fe8e33a3e8c4d29335b6cd,b92cb4cfc291333a,3,35
/kaggle/input/datasets/jessicamercya/satria-data-2026/BDC2026-20260708T012259Z-3-001 - Copy/BDC2026/train/1_Electronic/Microwave_133.jpg,Electronic,150,150,JPEG,RGB,1.0,False,59ff6a4ba3b1c1b713e15e59c2bbd604,eb95c094f93ec12a,8,1
/kaggle/input/datasets/jessicamercya/satria-data-2026/BDC2026-20260708T012259Z-3-001 - Copy/BDC2026/train/1_Electronic/IMG_20200328_131519.jpg,Electronic,4000,2250,JPEG,RGB,1.7777777777777777,False,e56a039764b6bc44154bede41d34d592,a12090fc3f956f4e,1,4
/kaggle/input/datasets/jessicamercya/satria-data-2026/BDC2026-20260708T012259Z-3-001 - Copy/BDC2026/train/1_Electronic/Microwave_285.jpg,Electronic,150,150,JPEG,RGB,1.0,False,839cd2781ebc3bd3d7a7f3cdd7d6ea79,9ecfe13c2ec1130e,8,1
/kaggle/input/datasets/jessicamercya/satria-data-2026/BDC2026-20260708T012259Z-3-001 - Copy/BDC2026/train/1_Electronic/Television_18.jpg,Electronic,150,150,JPEG,RGB,1.0,False,d712a256b875f3d51c1fe65400ff06e5,ea4aac8ab5a4d5d1,4,12
/kaggle/input/datasets/jessicamercya/satria-data-2026/BDC2026-20260708T012259Z-3-001 - Copy/BDC2026/train/1_Electronic/4.1.jpg,Electronic,852,480,JPEG,RGB,1.775,False,55c99b3682c51688a444999213c36d7f,96926e6b79a390b2,0,14
/kaggle/input/datasets/jessicamercya/satria-data-2026/BDC2026-20260708T012259Z-3-001 - Copy/BDC2026/train/1_Electronic/Television_70.jpg,Electronic,150,150,JPEG,RGB,1.0,False,4aaca9b4b39b9c59723604589713d796,eeba85d1b036c1c5,4,12
/kaggle/input/datasets/jessicamercya/satria-data-2026/BDC2026-20260708T012259Z-3-001 - Copy/BDC2026/train/1_Electronic/Microwave_289.jpg,Electronic,150,150,JPEG,RGB,1.0,False,332dd2e874b696304d1f024056e050fe,d4be418c6fc3354c,8,1
/kaggle/input/datasets/jessicamercya/satria-data-2026/BDC2026-20260708T012259Z-3-001 - Copy/BDC2026/train/1_Electronic/Mobile_278.jpg,Electronic,150,150,JPEG,RGB,1.0,False,93d31146d6f629ee571540c76f521ed7,f88f9e7c44ca1c51,1,16
/kaggle/input/datasets/jessicamercya/satria-data-2026/BDC2026-20260708T012259Z-3-001 - Copy/BDC2026/train/1_Electronic/Player_142.jpg,Electronic,150,150,JPEG,RGB,1.0,False,8ce42eec88063feae74ba3d4db981784,a8f4c207f35e8b4c,9,17
/kaggle/input/datasets/jessicamercya/satria-data-2026/BDC2026-20260708T012259Z-3-001 - Copy/BDC2026/train/1_Electronic/Printer_295.jpg,Electronic,150,150,JPEG,RGB,1.0,False,cf4e6e219e537b5a0e38931e226679ac,fb9f97706886418c,6,6
/kaggle/input/datasets/jessicamercya/satria-data-2026/BDC2026-20260708T012259Z-3-001 - Copy/BDC2026/train/1_Electronic/12.347361369_e5270cedaa_o.jpg,Electronic,2048,1536,JPEG,RGB,1.3333333333333333,False,8cb8f101a8de4e68a9aa79be8f2ee1a3,9a9ecec9b3265458,0,39
/kaggle/input/datasets/jessicamercya/satria-data-2026/BDC2026-20260708T012259Z-3-001 - Copy/BDC2026/train/1_Electronic/507.jpeg,Electronic,870,1160,JPEG,RGB,0.75,False,ed4e112a4affb383045dfa21c31e3034,e5e8976b18366893,1,4
/kaggle/input/datasets/jessicamercya/satria-data-2026/BDC2026-20260708T012259Z-3-001 - Copy/BDC2026/train/1_Electronic/Mouse_43.jpg,Electronic,150,150,JPEG,RGB,1.0,False,2721ba14576d2f2d1c3e003f27513105,a39d981b6b1385d3,5,3
/kaggle/input/datasets/jessicamercya/satria-data-2026/BDC2026-20260708T012259Z-3-001 - Copy/BDC2026/train/1_Electronic/481.jpg,Electronic,2340,4160,JPEG,RGB,0.5625,False,6de446c8cf217ebef212692db1d75ee5,bf796105979242c7,1,4
/kaggle/input/datasets/jessicamercya/satria-data-2026/BDC2026-20260708T012259Z-3-001 - Copy/BDC2026/train/1_Electronic/pcb_273.jpg,Electronic,150,150,JPEG,RGB,1.0,False,a6e69819e3ec1a99ed321f090c853574,83a44dd5669aaf4c,7,7
/kaggle/input/datasets/jessicamercya/satria-data-2026/BDC2026-20260708T012259Z-3-001 - Copy/BDC2026/train/1_Electronic/6.classic-desktop-computer-system-past-260nw-2648304523.jpg,Electronic,390,280,JPEG,RGB,1.3928571428571428,False,b492424cbc83a80c38376935f84fe1ed,edc69210676eb04f,0,39
/kaggle/input/datasets/jessicamercya/satria-data-2026/BDC2026-20260708T012259Z-3-001 - Copy/BDC2026/train/1_Electronic/Washing_Machine_224.jpg,Electronic,150,150,JPEG,RGB,1.0,False,3ce7461c6c34d5ac678df9ae5fd0238d,fa329520e5cec6ca,3,35
/kaggle/input/datasets/jessicamercya/satria-data-2026/BDC2026-20260708T012259Z-3-001 - Copy/BDC2026/train/1_Electronic/Microwave_30.jpg,Electronic,150,150,JPEG,RGB,1.0,False,69d5ee3998c35e24812245b3205d386e,b5229e3d6d90c7c8,8,20
/kaggle/input/datasets/jessicamercya/satria-data-2026/BDC2026-20260708T012259Z-3-001 - Copy/BDC2026/train/1_Electronic/pcb_182.jpg,Electronic,150,150,JPEG,RGB,1.0,False,d4762718092cd89929222801c1bada37,f877872be20cb603,7,18
/kaggle/input/datasets/jessicamercya/satria-data-2026/BDC2026-20260708T012259Z-3-001 - Copy/BDC2026/train/1_Electronic/Keyboard_116.jpg,Electronic,150,150,JPEG,RGB,1.0,False,33f2c93f53060cfbdbfda751a8403f3b,aee445806f7fd4c0,2,13
/kaggle/input/datasets/jessicamercya/satria-data-2026/BDC2026-20260708T012259Z-3-001 - Copy/BDC2026/train/1_Electronic/IMG_20201101_130132.jpg,Electronic,4000,3000,JPEG,RGB,1.3333333333333333,False,73dccfb5607fd92ef82929756575c657,b86abe97521669a4,10,2
/kaggle/input/datasets/jessicamercya/satria-data-2026/BDC2026-20260708T012259Z-3-001 - Copy/BDC2026/train/1_Electronic/pcb_170.jpg,Electronic,150,150,JPEG,RGB,1.0,False,e3db37ffdd099df31101eeed979fe338,b39f89c91e814ea5,7,18
/kaggle/input/datasets/jessicamercya/satria-data-2026/BDC2026-20260708T012259Z-3-001 - Copy/BDC2026/train/1_Electronic/Washing_Machine_104.jpg,Electronic,150,150,JPEG,RGB,1.0,False,1b74a68f6d6b4c4047b4b2dfc79eb811,e5c6ce19938c9a33,3,8
/kaggle/input/datasets/jessicamercya/satria-data-2026/BDC2026-20260708T012259Z-3-001 - Copy/BDC2026/train/1_Electronic/battery_201.jpg,Electronic,150,150,JPEG,RGB,1.0,False,32d67d1840ce23a95a2d05e2ecb536ee,e4cf9b3030c764cd,13,19
/kaggle/input/datasets/jessicamercya/satria-data-2026/BDC2026-20260708T012259Z-3-001 - Copy/BDC2026/train/1_Electronic/Mouse_226.jpg,Electronic,150,150,JPEG,RGB,1.0,False,c882c83ad07a8ac210fb34500cf75260,e1f0c6c9ce87989c,5,3
/kaggle/input/datasets/jessicamercya/satria-data-2026/BDC2026-20260708T012259Z-3-001 - Copy/BDC2026/train/1_Electronic/Mouse_83.jpg,Electronic,150,150,JPEG,RGB,1.0,False,3452c3e6c23cf170ff9ef49d27362a0e,bb3994d2c23dccc4,5,26
/kaggle/input/datasets/jessicamercya/satria-data-2026/BDC2026-20260708T012259Z-3-001 - Copy/BDC2026/train/1_Electronic/Keyboard_133.jpg,Electronic,150,150,JPEG,RGB,1.0,False,a9f9ef44a4d0a5f79f09d058d72e83c2,bfc0c03e3be56cc0,2,5
/kaggle/input/datasets/jessicamercya/satria-data-2026/BDC2026-20260708T012259Z-3-001 - Copy/BDC2026/train/1_Electronic/Keyboard_200.jpg,Electronic,150,150,JPEG,RGB,1.0,False,6234ff113f3437b18c7b6e7d8632581d,d5f52a882a5e2a3e,2,13
/kaggle/input/datasets/jessicamercya/satria-data-2026/BDC2026-20260708T012259Z-3-001 - Copy/BDC2026/train/1_Electronic/65.Untitled-design-2024-07-10T184434.416.png,Electronic,1100,733,PNG,RGBA,1.500682128240109,False,816bfa53ee30f387371d003ffbe508bb,910e723d6f3026f9,0,0
/kaggle/input/datasets/jessicamercya/satria-data-2026/BDC2026-20260708T012259Z-3-001 - Copy/BDC2026/train/1_Electronic/Mouse_8.jpg,Electronic,150,150,JPEG,RGB,1.0,False,5cc747846a502692177263dea15de7df,94cef23259ac347a,5,36
/kaggle/input/datasets/jessicamercya/satria-data-2026/BDC2026-20260708T012259Z-3-001 - Copy/BDC2026/train/1_Electronic/Printer_258.jpg,Electronic,150,150,JPEG,RGB,1.0,False,2a290c313724c482d3b96ba2b43a2b84,cdf8c1c596269639,6,6
/kaggle/input/datasets/jessicamercya/satria-data-2026/BDC2026-20260708T012259Z-3-001 - Copy/BDC2026/train/1_Electronic/Keyboard_89.jpg,Electronic,150,150,JPEG,RGB,1.0,False,1017a3af08c157d5588e756798e32049,96a2c9b626adca93,2,13
/kaggle/input/datasets/jessicamercya/satria-data-2026/BDC2026-20260708T012259Z-3-001 - Copy/BDC2026/train/1_Electronic/Keyboard_112.jpg,Electronic,150,150,JPEG,RGB,1.0,False,6fd730b717c974a1574db37eafad0533,bec7b06e4eb46448,2,13
/kaggle/input/datasets/jessicamercya/satria-data-2026/BDC2026-20260708T012259Z-3-001 - Copy/BDC2026/train/1_Electronic/Mobile_36.jpg,Electronic,150,150,JPEG,RGB,1.0,False,6a7c1ab92395261d7d6a183a11814c7f,b67a5003cbcd297c,1,9
/kaggle/input/datasets/jessicamercya/satria-data-2026/BDC2026-20260708T012259Z-3-001 - Copy/BDC2026/train/1_Electronic/Mobile_60.jpg,Electronic,150,150,JPEG,RGB,1.0,False,484fda62685933a0232e89a50a85c94d,ad37c292d2d03dc9,2,25
/kaggle/input/datasets/jessicamercya/satria-data-2026/BDC2026-20260708T012259Z-3-001 - Copy/BDC2026/train/1_Electronic/Microwave_140.jpg,Electronic,150,150,JPEG,RGB,1.0,False,13a0173c6fdd25b6cb430142185c7ab9,be1ac0b4a7853b6a,8,1
/kaggle/input/datasets/jessicamercya/satria-data-2026/BDC2026-20260708T012259Z-3-001 - Copy/BDC2026/train/1_Electronic/Mouse_285.jpg,Electronic,150,150,JPEG,RGB,1.0,False,4dc56b3bd7c65dd3dd39a29f496b7e69,f907c7307dcd60c1,5,36
/kaggle/input/datasets/jessicamercya/satria-data-2026/BDC2026-20260708T012259Z-3-001 - Copy/BDC2026/train/1_Electronic/813.jpeg,Electronic,1152,864,JPEG,RGB,1.3333333333333333,False,7b0e74457e235431258bf8a500f52274,e38d9562d0e147d5,5,29
/kaggle/input/datasets/jessicamercya/satria-data-2026/BDC2026-20260708T012259Z-3-001 - Copy/BDC2026/train/1_Electronic/Mouse_198.jpg,Electronic,150,150,JPEG,RGB,1.0,False,32671b1ab7d4f51a11d03f89fc845c8d,954b6ab578ce4319,5,3
/kaggle/input/datasets/jessicamercya/satria-data-2026/BDC2026-20260708T012259Z-3-001 - Copy/BDC2026/train/1_Electronic/560.jpg,Electronic,4160,2340,JPEG,RGB,1.7777777777777777,False,713e9f35da554ea350a0f86853837ed8,aa68c18585d79f8e,1,4
/kaggle/input/datasets/jessicamercya/satria-data-2026/BDC2026-20260708T012259Z-3-001 - Copy/BDC2026/train/1_Electronic/IMG_20201101_130043.jpg,Electronic,4000,3000,JPEG,RGB,1.3333333333333333,False,600748faa6e6bb97b0900816417d954e,dfdf6f7933220080,15,59
/kaggle/input/datasets/jessicamercya/satria-data-2026/BDC2026-20260708T012259Z-3-001 - Copy/BDC2026/train/1_Electronic/Copy of IMG_20200328_131952.jpg,Electronic,4608,3456,JPEG,RGB,1.3333333333333333,False,60ec8f5065218f05eedc675a4c578b2a,e187fc78800bcfd8,5,29
/kaggle/input/datasets/jessicamercya/satria-data-2026/BDC2026-20260708T012259Z-3-001 - Copy/BDC2026/train/1_Electronic/IMG-20200329-WA0078.jpg,Electronic,1280,720,JPEG,RGB,1.7777777777777777,False,7ec2ce92206a53ec20823371660c75db,fb9193c5459bc426,11,44
/kaggle/input/datasets/jessicamercya/satria-data-2026/BDC2026-20260708T012259Z-3-001 - Copy/BDC2026/train/1_Electronic/IMG_20200328_131506.jpg,Electronic,4000,2250,JPEG,RGB,1.7777777777777777,False,a2173e8a42b65655dad997ce0d97fe37,fcd0c377d40b9868,1,4
/kaggle/input/datasets/jessicamercya/satria-data-2026/BDC2026-20260708T012259Z-3-001 - Copy/BDC2026/train/1_Electronic/172.jpeg,Electronic,1280,955,JPEG,RGB,1.3403141361256545,False,9d05db317db5dd402c26fc5e8618fb3e,efef929a94d082d0,10,2
/kaggle/input/datasets/jessicamercya/satria-data-2026/BDC2026-20260708T012259Z-3-001 - Copy/BDC2026/train/1_Electronic/Microwave_211.jpg,Electronic,150,150,JPEG,RGB,1.0,False,9f04c67ce40201b012685613ffad21e1,eb1ac5f096e198c5,2,32
/kaggle/input/datasets/jessicamercya/satria-data-2026/BDC2026-20260708T012259Z-3-001 - Copy/BDC2026/train/1_Electronic/1.electronic-waste-23075586.jpg,Electronic,800,534,JPEG,RGB,1.4981273408239701,False,84ee57f4363e9075c0b0d7b9179e64ba,bf96c0489d6347b4,0,14
/kaggle/input/datasets/jessicamercya/satria-data-2026/BDC2026-20260708T012259Z-3-001 - Copy/BDC2026/train/1_Electronic/6.free-photo-of-alat-aspal-rusak-pandangan-atas.jpeg,Electronic,5760,3840,JPEG,RGB,1.5,False,7f1e9577e236199d4fba5e0de937970a,b6a799c8649b7624,1,9
/kaggle/input/datasets/jessicamercya/satria-data-2026/BDC2026-20260708T012259Z-3-001 - Copy/BDC2026/train/1_Electronic/battery_142.jpg,Electronic,150,150,JPEG,RGB,1.0,False,84dc84c0f383f1e2ca0c37c7871b8ffc,eba2ca32e60cbd49,2,32
/kaggle/input/datasets/jessicamercya/satria-data-2026/BDC2026-20260708T012259Z-3-001 - Copy/BDC2026/train/1_Electronic/Washing_Machine_172.jpg,Electronic,150,150,JPEG,RGB,1.0,False,cbe862bd1f068109fe6c14d172531303,a46ccd65389ab393,3,8
/kaggle/input/datasets/jessicamercya/satria-data-2026/BDC2026-20260708T012259Z-3-001 - Copy/BDC2026/train/1_Electronic/5.computer.camera.jpg,Electronic,1529,1378,JPEG,RGB,1.1095791001451378,False,d7a3d339a4a5e8529ca96ff2d5461e0a,afa5c2c8b56a9946,0,43
/kaggle/input/datasets/jessicamercya/satria-data-2026/BDC2026-20260708T012259Z-3-001 - Copy/BDC2026/train/1_Electronic/25.hq720.jpg,Electronic,1280,720,JPEG,RGB,1.7777777777777777,False,6d08c34b896b990c9c5a6129b2fb237e,91a13685ce3793ce,11,47
/kaggle/input/datasets/jessicamercya/satria-data-2026/BDC2026-20260708T012259Z-3-001 - Copy/BDC2026/train/1_Electronic/pcb_262.jpg,Electronic,150,150,JPEG,RGB,1.0,False,0597585c60e7041f09d15aba1ca0ff3e,e4865bb9c63c25c3,7,23
/kaggle/input/datasets/jessicamercya/satria-data-2026/BDC2026-20260708T012259Z-3-001 - Copy/BDC2026/train/1_Electronic/Mobile_286.jpg,Electronic,150,150,JPEG,RGB,1.0,False,69ef59c551d6370f372db366ea0f7695,a097d75bc25a923a,2,25
/kaggle/input/datasets/jessicamercya/satria-data-2026/BDC2026-20260708T012259Z-3-001 - Copy/BDC2026/train/1_Electronic/Television_133.jpg,Electronic,150,150,JPEG,RGB,1.0,False,c4f6521fd0282419dd5d8d4e223e41f1,e46d9b92666d24cc,4,10
/kaggle/input/datasets/jessicamercya/satria-data-2026/BDC2026-20260708T012259Z-3-001 - Copy/BDC2026/train/1_Electronic/Television_184.jpg,Electronic,150,150,JPEG,RGB,1.0,False,284582817dc203bb98bbda9d1a5ac329,8a08b53e972d93b5,4,10
/kaggle/input/datasets/jessicamercya/satria-data-2026/BDC2026-20260708T012259Z-3-001 - Copy/BDC2026/train/1_Electronic/Player_294.jpg,Electronic,150,150,JPEG,RGB,1.0,False,100135a77a5fa0ee7606f84a475d8c19,fe54a1aa918d1e55,9,45
/kaggle/input/datasets/jessicamercya/satria-data-2026/BDC2026-20260708T012259Z-3-001 - Copy/BDC2026/train/1_Electronic/23.image-24.png,Electronic,500,281,PNG,P,1.7793594306049823,False,3ebfe32406010886e9e552b8d94a6633,c494b868864edbfa,0,22
/kaggle/input/datasets/jessicamercya/satria-data-2026/BDC2026-20260708T012259Z-3-001 - Copy/BDC2026/train/1_Electronic/pcb_114.jpg,Electronic,150,150,JPEG,RGB,1.0,False,30820d50c2bde30f132190a5ad43c6c3,cb6bb466e6186992,7,18
/kaggle/input/datasets/jessicamercya/satria-data-2026/BDC2026-20260708T012259Z-3-001 - Copy/BDC2026/train/1_Electronic/Mouse_105.jpg,Electronic,150,150,JPEG,RGB,1.0,False,e74c38dd7e691c318e9b44c8cc308b17,d2ec91d23697c4c9,5,3
/kaggle/input/datasets/jessicamercya/satria-data-2026/BDC2026-20260708T012259Z-3-001 - Copy/BDC2026/train/1_Electronic/Television_274.jpg,Electronic,150,150,JPEG,RGB,1.0,False,8a6bc77f6f75729a23291f793b9f6b00,9194e25b260ef15f,4,10
/kaggle/input/datasets/jessicamercya/satria-data-2026/BDC2026-20260708T012259Z-3-001 - Copy/BDC2026/train/1_Electronic/60.depositphotos_309979960-stock-photo-pile-electronic-waste-motherboard-computer.jpg,Electronic,600,450,WEBP,RGB,1.3333333333333333,False,a4d2182e13298a421f17d3c8d916eca6,a7c046322bbb0d7d,0,30
/kaggle/input/datasets/jessicamercya/satria-data-2026/BDC2026-20260708T012259Z-3-001 - Copy/BDC2026/train/1_Electronic/Washing_Machine_192.jpg,Electronic,150,150,JPEG,RGB,1.0,False,5e88696a1bc11082cab1c1fc60ecba56,b031c2c8cfcfc732,3,35
/kaggle/input/datasets/jessicamercya/satria-data-2026/BDC2026-20260708T012259Z-3-001 - Copy/BDC2026/train/1_Electronic/Television_130.jpg,Electronic,150,150,JPEG,RGB,1.0,False,ec02ea4630f618a3f501dc191cbcce4b,bf94d083896aed4c,4,15
/kaggle/input/datasets/jessicamercya/satria-data-2026/BDC2026-20260708T012259Z-3-001 - Copy/BDC2026/train/1_Electronic/Television_148.jpg,Electronic,150,150,JPEG,RGB,1.0,False,59c15c5a41649fd365dbca77865faba2,afeec432c099f131,4,15
/kaggle/input/datasets/jessicamercya/satria-data-2026/BDC2026-20260708T012259Z-3-001 - Copy/BDC2026/train/1_Electronic/Mobile_114.jpg,Electronic,150,150,JPEG,RGB,1.0,False,7176930077793c52f61a6e4fd8ac4cec,bdd4c24bd31b2c34,1,9
/kaggle/input/datasets/jessicamercya/satria-data-2026/BDC2026-20260708T012259Z-3-001 - Copy/BDC2026/train/1_Electronic/66.images28329.jpeg,Electronic,460,365,JPEG,RGB,1.2602739726027397,False,57c3f9e89f10f035b267a41a44699682,d89e263939c50dc7,7,7
/kaggle/input/datasets/jessicamercya/satria-data-2026/BDC2026-20260708T012259Z-3-001 - Copy/BDC2026/train/1_Electronic/17.pile-discarded-electronic-waste-including-televisions-speakers-keyboards-small-appliances-recycling-disposal-446785982.jpg,Electronic,800,533,JPEG,RGB,1.5009380863039399,False,a7e146bd5d35f1a8200aeb2a082867b9,e7c73acdc4b29105,0,0
/kaggle/input/datasets/jessicamercya/satria-data-2026/BDC2026-20260708T012259Z-3-001 - Copy/BDC2026/train/1_Electronic/69.m63459622937_6.jpg,Electronic,1600,900,JPEG,RGB,1.7777777777777777,False,12681008c6d7635b4fd7790730453463,bda2c45d6a1e3263,10,2
/kaggle/input/datasets/jessicamercya/satria-data-2026/BDC2026-20260708T012259Z-3-001 - Copy/BDC2026/train/1_Electronic/Mobile_176.jpg,Electronic,150,150,JPEG,RGB,1.0,False,c642a524bd56d1619c3ae6854b5b63cd,e93d96c3c39c380e,1,51
/kaggle/input/datasets/jessicamercya/satria-data-2026/BDC2026-20260708T012259Z-3-001 - Copy/BDC2026/train/1_Electronic/Printer_141.jpg,Electronic,150,150,JPEG,RGB,1.0,False,360eec94aa44a995b5dd7e46e49a2181,e7d8a70c946b7027,6,52
/kaggle/input/datasets/jessicamercya/satria-data-2026/BDC2026-20260708T012259Z-3-001 - Copy/BDC2026/train/1_Electronic/Keyboard_114.jpg,Electronic,150,150,JPEG,RGB,1.0,False,d1ec05346b83e92ed0346b1beb56c690,ea4095bf9fdf2040,2,5
/kaggle/input/datasets/jessicamercya/satria-data-2026/BDC2026-20260708T012259Z-3-001 - Copy/BDC2026/train/1_Electronic/Washing_Machine_211.jpg,Electronic,150,150,JPEG,RGB,1.0,False,56196dac977ae66db5bd3f240a47a78c,b1742636969696e3,3,35
/kaggle/input/datasets/jessicamercya/satria-data-2026/BDC2026-20260708T012259Z-3-001 - Copy/BDC2026/train/1_Electronic/5.computer-motherboard-scrap-2217717628-wjeyymem.jpg,Electronic,554,554,JPEG,RGB,1.0,False,b8ca7366725a6d9e1eaf8162129607ca,c0b20d63d7c53af2,0,30
/kaggle/input/datasets/jessicamercya/satria-data-2026/BDC2026-20260708T012259Z-3-001 - Copy/BDC2026/train/1_Electronic/Copy of IMG_20200328_135507.jpg,Electronic,4608,3456,JPEG,RGB,1.3333333333333333,False,974f0672a4ec46f52fa63c88531bc5b4,8c9e31712b8c5e57,1,4
/kaggle/input/datasets/jessicamercya/satria-data-2026/BDC2026-20260708T012259Z-3-001 - Copy/BDC2026/train/1_Electronic/33.jpeg,Electronic,487,1280,JPEG,RGB,0.38046875,False,eec94bded55e18a7c44bad2cc24e18f2,aa403d0b1dbf80bf,11,31
/kaggle/input/datasets/jessicamercya/satria-data-2026/BDC2026-20260708T012259Z-3-001 - Copy/BDC2026/train/1_Electronic/pcb_102.jpg,Electronic,150,150,JPEG,RGB,1.0,False,8a6d5138a8599449d49d65cc932f9a3a,c47f9f60a11f80f1,7,23
/kaggle/input/datasets/jessicamercya/satria-data-2026/BDC2026-20260708T012259Z-3-001 - Copy/BDC2026/train/1_Electronic/Mobile_222.jpg,Electronic,150,150,JPEG,RGB,1.0,False,240ac94a7483c0efdb3c043269514b13,b6e0cb1b6076a34e,1,9
/kaggle/input/datasets/jessicamercya/satria-data-2026/BDC2026-20260708T012259Z-3-001 - Copy/BDC2026/train/1_Electronic/Printer_259.jpg,Electronic,150,150,JPEG,RGB,1.0,False,80f9ddfaf85e316d16e48c5686593d9b,ead2959b95a5c02d,6,52
/kaggle/input/datasets/jessicamercya/satria-data-2026/BDC2026-20260708T012259Z-3-001 - Copy/BDC2026/train/1_Electronic/67.man-sifting-through-large-heap-discarded-electronic-devices-equipment-outdoors_95891-97670.jpg,Electronic,626,351,JPEG,RGB,1.7834757834757835,False,f7019a4360df13722f0d4556e39eaae7,a65b445bd5ac7264,0,0
/kaggle/input/datasets/jessicamercya/satria-data-2026/BDC2026-20260708T012259Z-3-001 - Copy/BDC2026/train/1_Electronic/Microwave_142.jpg,Electronic,150,150,JPEG,RGB,1.0,False,df2947cd6ed32844e22da0886b5f4766,bb10c0f4a4eb3b1b,8,1
/kaggle/input/datasets/jessicamercya/satria-data-2026/BDC2026-20260708T012259Z-3-001 - Copy/BDC2026/train/1_Electronic/battery_88.jpg,Electronic,150,150,JPEG,RGB,1.0,False,e284343d9a53417a3aa78c8eb316a354,af68c29fb1a56286,14,24
/kaggle/input/datasets/jessicamercya/satria-data-2026/BDC2026-20260708T012259Z-3-001 - Copy/BDC2026/train/1_Electronic/Printer_82.jpg,Electronic,150,150,JPEG,RGB,1.0,False,4d83e5842f8480b9d815fbe197c57204,d06f2b837c603bc3,6,6
/kaggle/input/datasets/jessicamercya/satria-data-2026/BDC2026-20260708T012259Z-3-001 - Copy/BDC2026/train/1_Electronic/Television_83.jpg,Electronic,150,150,JPEG,RGB,1.0,False,024587e5cc764a10c26750e9acd20e5c,fb91a6e4818fb03a,4,12
/kaggle/input/datasets/jessicamercya/satria-data-2026/BDC2026-20260708T012259Z-3-001 - Copy/BDC2026/train/1_Electronic/Microwave_109.jpg,Electronic,150,150,JPEG,RGB,1.0,False,12b33336809c01b63c9d8400e3249d53,bde95206e8f0b949,8,1
/kaggle/input/datasets/jessicamercya/satria-data-2026/BDC2026-20260708T012259Z-3-001 - Copy/BDC2026/train/1_Electronic/Keyboard_203.jpg,Electronic,150,150,JPEG,RGB,1.0,False,97de17dbbe2ea1c989f18d722b68b938,a9688735674d1af4,2,40
/kaggle/input/datasets/jessicamercya/satria-data-2026/BDC2026-20260708T012259Z-3-001 - Copy/BDC2026/train/1_Electronic/304.jpeg,Electronic,1280,720,JPEG,RGB,1.7777777777777777,False,60f298a1bfe31eb7e103735f42dfcb68,eb90949f9e4ae063,10,2
/kaggle/input/datasets/jessicamercya/satria-data-2026/BDC2026-20260708T012259Z-3-001 - Copy/BDC2026/train/1_Electronic/3.computer-motherboard-scrap-for-recycling-688.jpg,Electronic,500,500,JPEG,RGB,1.0,False,9ae4fb959cd9ad783cdaa3c59211ad3b,d0238d3f8ee390e3,0,30
/kaggle/input/datasets/jessicamercya/satria-data-2026/BDC2026-20260708T012259Z-3-001 - Copy/BDC2026/train/1_Electronic/IMG-20200328-WA0025.jpg,Electronic,1280,960,JPEG,RGB,1.3333333333333333,False,89e3ddefb9394bb4fe58a6b43ba39846,d01fd770680f8f2a,10,2
/kaggle/input/datasets/jessicamercya/satria-data-2026/BDC2026-20260708T012259Z-3-001 - Copy/BDC2026/train/1_Electronic/77.Broken_NEC_CRT_computer_monitor_20080509c.jpg,Electronic,1280,855,JPEG,RGB,1.4970760233918128,False,2b849f21d690b1572f93aa3731fb68ef,b454c2c4d0afe9c7,0,39
/kaggle/input/datasets/jessicamercya/satria-data-2026/BDC2026-20260708T012259Z-3-001 - Copy/BDC2026/train/1_Electronic/Television_162.jpg,Electronic,150,150,JPEG,RGB,1.0,False,bc3851bedc7d2259ab0db004f5656c48,fa4321659d38d635,4,12
/kaggle/input/datasets/jessicamercya/satria-data-2026/BDC2026-20260708T012259Z-3-001 - Copy/BDC2026/train/1_Electronic/Player_15.jpg,Electronic,150,150,JPEG,RGB,1.0,False,a090e1560aa5d3e6df1535a952299c61,be1b91cc6b34e170,9,21
/kaggle/input/datasets/jessicamercya/satria-data-2026/BDC2026-20260708T012259Z-3-001 - Copy/BDC2026/train/1_Electronic/3.lcd-monitor-scrap-1626103442-5894432.jpeg,Electronic,300,225,JPEG,RGB,1.3333333333333333,False,bb2437dbb66809a9d38eae42ae7b5b0d,a25eb2e893f489a3,0,0
/kaggle/input/datasets/jessicamercya/satria-data-2026/BDC2026-20260708T012259Z-3-001 - Copy/BDC2026/train/1_Electronic/Printer_117.jpg,Electronic,150,150,JPEG,RGB,1.0,False,1c6977c6b97a15033cc79de6abdd5095,c997ee29b6c8812e,6,11
/kaggle/input/datasets/jessicamercya/satria-data-2026/BDC2026-20260708T012259Z-3-001 - Copy/BDC2026/train/1_Electronic/Washing_Machine_79.jpg,Electronic,150,150,JPEG,RGB,1.0,False,435bb9682a177810b24ac8f33b7eb4da,b7c1d2b6d236d830,3,33
/kaggle/input/datasets/jessicamercya/satria-data-2026/BDC2026-20260708T012259Z-3-001 - Copy/BDC2026/train/1_Electronic/Television_63.jpg,Electronic,150,150,JPEG,RGB,1.0,False,31a2a58c4700499935739e857aa70215,e76a909c6e9a948d,4,15
/kaggle/input/datasets/jessicamercya/satria-data-2026/BDC2026-20260708T012259Z-3-001 - Copy/BDC2026/train/1_Electronic/pcb_196.jpg,Electronic,150,150,JPEG,RGB,1.0,False,d761ced9bb1ae8597ff9d8a17d174dc7,c1c067cfdbdada00,7,7
/kaggle/input/datasets/jessicamercya/satria-data-2026/BDC2026-20260708T012259Z-3-001 - Copy/BDC2026/train/1_Electronic/Signs-Your-Car-Battery-Is-Dying.jpg,Electronic,800,445,JPEG,RGB,1.797752808988764,False,3ee4ad5af6dcba691fcb812b263b8a8c,836e761d6945949e,12,38
/kaggle/input/datasets/jessicamercya/satria-data-2026/BDC2026-20260708T012259Z-3-001 - Copy/BDC2026/train/1_Electronic/Television_108.jpg,Electronic,150,150,JPEG,RGB,1.0,False,5a5b7a1ca5c9fb38018bcd5b85649269,ffacc025e027e265,11,41
/kaggle/input/datasets/jessicamercya/satria-data-2026/BDC2026-20260708T012259Z-3-001 - Copy/BDC2026/train/1_Electronic/65.-v477ovcv.jpg,Electronic,800,800,JPEG,RGB,1.0,False,878e54c2cc821ee6a9d5416f3f5cde11,eac695399b876264,0,43
/kaggle/input/datasets/jessicamercya/satria-data-2026/BDC2026-20260708T012259Z-3-001 - Copy/BDC2026/train/1_Electronic/Microwave_269.jpg,Electronic,150,150,JPEG,RGB,1.0,False,05d28e91114c80477278ac815ca12d8f,d4f58382dd17526c,8,20
/kaggle/input/datasets/jessicamercya/satria-data-2026/BDC2026-20260708T012259Z-3-001 - Copy/BDC2026/train/1_Electronic/Printer_268.jpg,Electronic,150,150,JPEG,RGB,1.0,False,0fed93f93f6d3441b70d48011385d442,c2fdd4db7080c38d,6,6
/kaggle/input/datasets/jessicamercya/satria-data-2026/BDC2026-20260708T012259Z-3-001 - Copy/BDC2026/train/1_Electronic/Player_191.jpg,Electronic,150,150,JPEG,RGB,1.0,False,a506560b0a9955daa8d84427871dd83d,8ac10fe43bc17b8d,4,12
/kaggle/input/datasets/jessicamercya/satria-data-2026/BDC2026-20260708T012259Z-3-001 - Copy/BDC2026/train/1_Electronic/Keyboard_128.jpg,Electronic,150,150,JPEG,RGB,1.0,False,244fe038ff24e7145bf2cb77b24d2c2f,9385d5d5f5716828,2,13
/kaggle/input/datasets/jessicamercya/satria-data-2026/BDC2026-20260708T012259Z-3-001 - Copy/BDC2026/train/1_Electronic/Printer_216.jpg,Electronic,150,150,JPEG,RGB,1.0,False,e8d1e3de1dbd8704cf9d73b77ad67f35,eaf2858dda243ee0,6,53
/kaggle/input/datasets/jessicamercya/satria-data-2026/BDC2026-20260708T012259Z-3-001 - Copy/BDC2026/train/1_Electronic/Washing_Machine_42.jpg,Electronic,150,150,JPEG,RGB,1.0,False,c7b67d9ff319d0f40a186967af67b33d,ea69e741697a0a96,3,28
/kaggle/input/datasets/jessicamercya/satria-data-2026/BDC2026-20260708T012259Z-3-001 - Copy/BDC2026/train/1_Electronic/Player_285.jpg,Electronic,150,150,JPEG,RGB,1.0,False,fcf9e2cbd831190899e9eb9a3b6bd893,eaa5855e9e3a9a28,9,21
/kaggle/input/datasets/jessicamercya/satria-data-2026/BDC2026-20260708T012259Z-3-001 - Copy/BDC2026/train/1_Electronic/561.jpg,Electronic,2340,4160,JPEG,RGB,0.5625,False,f90410c989da0aec9c362ef90d9bcc73,a5d26ff08077e981,1,4
/kaggle/input/datasets/jessicamercya/satria-data-2026/BDC2026-20260708T012259Z-3-001 - Copy/BDC2026/train/1_Electronic/Copy of IMG_20200328_140109.jpg,Electronic,4608,3456,JPEG,RGB,1.3333333333333333,False,16f2721d7a21b0beba63a00777cfe136,f0692eb66bb4c990,1,55
/kaggle/input/datasets/jessicamercya/satria-data-2026/BDC2026-20260708T012259Z-3-001 - Copy/BDC2026/train/1_Electronic/34.how-do-you-dispose-of-your-old-computer.png,Electronic,688,458,PNG,RGBA,1.502183406113537,False,cbcf945ba21dc164bb1b8179f720a4a9,9fc6d4609d52133d,0,0
/kaggle/input/datasets/jessicamercya/satria-data-2026/BDC2026-20260708T012259Z-3-001 - Copy/BDC2026/train/1_Electronic/77.television-vintage-old-photorealistic-crt-tv-television-day-isolated-background_1144345-13088.jpg,Electronic,626,626,JPEG,RGB,1.0,False,f952be591864e81e10faba28548b6ce2,aa95902cd873c53f,4,12
/kaggle/input/datasets/jessicamercya/satria-data-2026/BDC2026-20260708T012259Z-3-001 - Copy/BDC2026/train/1_Electronic/Washing_Machine_225.jpg,Electronic,150,150,JPEG,RGB,1.0,False,e2a4ee50d71a43ed2dcca3d243912bd7,e724989e5399c636,2,25
/kaggle/input/datasets/jessicamercya/satria-data-2026/BDC2026-20260708T012259Z-3-001 - Copy/BDC2026/train/1_Electronic/563.jpg,Electronic,4160,2340,JPEG,RGB,1.7777777777777777,False,c9ad60055051f017359421e7da0a8025,aa3bd1c5454d9596,1,4
/kaggle/input/datasets/jessicamercya/satria-data-2026/BDC2026-20260708T012259Z-3-001 - Copy/BDC2026/train/1_Electronic/battery_102.jpg,Electronic,150,150,JPEG,RGB,1.0,False,57fea1404beb7c324b3cabf904515289,eb4594aa6b4194be,14,24
/kaggle/input/datasets/jessicamercya/satria-data-2026/BDC2026-20260708T012259Z-3-001 - Copy/BDC2026/train/1_Electronic/Television_226.jpg,Electronic,150,150,JPEG,RGB,1.0,False,27f7f92a617d6f70b02c9051f504ae2a,de7cf0932338c06e,4,15
/kaggle/input/datasets/jessicamercya/satria-data-2026/BDC2026-20260708T012259Z-3-001 - Copy/BDC2026/train/1_Electronic/stock-photo-support-broken-technology-fan-computer-parts-repair-hardware-spare-parts-7ed69fb9-2b42-4c6d-95a0-fbc9e5af370e.jpg,Electronic,640,480,JPEG,RGB,1.3333333333333333,False,2f4a4f86584f9c2ab03b972348b06e27,c0171fba8aa96d69,0,34
/kaggle/input/datasets/jessicamercya/satria-data-2026/BDC2026-20260708T012259Z-3-001 - Copy/BDC2026/train/1_Electronic/Television_228.jpg,Electronic,150,150,JPEG,RGB,1.0,False,6ae33827463bf22732e8f93ff5c1be19,ea48b51fa01fa4b3,4,10
/kaggle/input/datasets/jessicamercya/satria-data-2026/BDC2026-20260708T012259Z-3-001 - Copy/BDC2026/train/1_Electronic/Television_39.jpg,Electronic,150,150,JPEG,RGB,1.0,False,a281bdcfbfce49142f4c657cc0f35b7f,cad63b498938963e,4,15
/kaggle/input/datasets/jessicamercya/satria-data-2026/BDC2026-20260708T012259Z-3-001 - Copy/BDC2026/train/1_Electronic/7.utama11.jpg,Electronic,1621,1262,JPEG,RGB,1.2844690966719492,False,e0eb303a741fec9faa00652752673ff4,80ef7ef0008fbf05,0,22
/kaggle/input/datasets/jessicamercya/satria-data-2026/BDC2026-20260708T012259Z-3-001 - Copy/BDC2026/train/1_Electronic/8.20170119155748-intip-pusat-pemusnahan-limbah-elektronik-di-jepang-007-dru.jpg,Electronic,540,364,JPEG,RGB,1.4835164835164836,False,c5148f45d7218cca1d6a82a2d6d4a702,9796f9bce1c2ca40,0,22
/kaggle/input/datasets/jessicamercya/satria-data-2026/BDC2026-20260708T012259Z-3-001 - Copy/BDC2026/train/1_Electronic/Player_276.jpg,Electronic,150,150,JPEG,RGB,1.0,False,e239d5c57d3a04b939fc58e1475bef1b,be68d1862e5bf160,9,21
/kaggle/input/datasets/jessicamercya/satria-data-2026/BDC2026-20260708T012259Z-3-001 - Copy/BDC2026/train/1_Electronic/318.jpeg,Electronic,1032,581,JPEG,RGB,1.7762478485370052,False,b7b9d0d636d64e1cda436fc74452668e,f88a75672d989439,11,44
/kaggle/input/datasets/jessicamercya/satria-data-2026/BDC2026-20260708T012259Z-3-001 - Copy/BDC2026/train/1_Electronic/Mobile_115.jpg,Electronic,150,150,JPEG,RGB,1.0,False,0faf092d640adeef3a2bf87ee3d563f9,ad78c0961fcbd02d,1,51
/kaggle/input/datasets/jessicamercya/satria-data-2026/BDC2026-20260708T012259Z-3-001 - Copy/BDC2026/train/1_Electronic/541.jpeg,Electronic,864,1152,JPEG,RGB,0.75,False,26bf3b9c425c7a7181468d3fdf1d74cc,a5ce9efe6860e0e0,1,4
/kaggle/input/datasets/jessicamercya/satria-data-2026/BDC2026-20260708T012259Z-3-001 - Copy/BDC2026/train/1_Electronic/pcb_161.jpg,Electronic,150,150,JPEG,RGB,1.0,False,beab25ac969515a9bb418536391387e2,8c332928744f9eed,7,7
/kaggle/input/datasets/jessicamercya/satria-data-2026/BDC2026-20260708T012259Z-3-001 - Copy/BDC2026/train/1_Electronic/Keyboard_115.jpg,Electronic,150,150,JPEG,RGB,1.0,False,e9f3907e3c75ff5227442824ded09114,eb8896ad41f24a4f,2,13
/kaggle/input/datasets/jessicamercya/satria-data-2026/BDC2026-20260708T012259Z-3-001 - Copy/BDC2026/train/1_Electronic/Washing_Machine_53.jpg,Electronic,150,150,JPEG,RGB,1.0,False,acbb5187e65bebbda7d9d2881fa3f74e,e765cdcd65644223,3,8
/kaggle/input/datasets/jessicamercya/satria-data-2026/BDC2026-20260708T012259Z-3-001 - Copy/BDC2026/train/1_Electronic/Microwave_291.jpg,Electronic,150,150,JPEG,RGB,1.0,False,190867f368c0bd655d7218461f284f89,d33f6d5221d906d2,8,20
/kaggle/input/datasets/jessicamercya/satria-data-2026/BDC2026-20260708T012259Z-3-001 - Copy/BDC2026/train/1_Electronic/Microwave_113.jpg,Electronic,150,150,JPEG,RGB,1.0,False,5d28a3c55b560025ab49549dceee47e9,d0af8b299f6434d2,8,1
/kaggle/input/datasets/jessicamercya/satria-data-2026/BDC2026-20260708T012259Z-3-001 - Copy/BDC2026/train/1_Electronic/Player_194.jpg,Electronic,150,150,JPEG,RGB,1.0,False,fabf11ee3184a1dee4c0ccd4da1747d9,aad0a53af491457e,9,17
/kaggle/input/datasets/jessicamercya/satria-data-2026/BDC2026-20260708T012259Z-3-001 - Copy/BDC2026/train/1_Electronic/Mobile_230.jpg,Electronic,150,150,JPEG,RGB,1.0,False,d0ce4c777324abb17111d4419f177b4a,a92bd62dcaf429c2,1,9
/kaggle/input/datasets/jessicamercya/satria-data-2026/BDC2026-20260708T012259Z-3-001 - Copy/BDC2026/train/1_Electronic/Television_66.jpg,Electronic,150,150,JPEG,RGB,1.0,False,3ef5c549eaff1945a58c9cb3354c324e,eb97b0ecc037c40d,2,25
/kaggle/input/datasets/jessicamercya/satria-data-2026/BDC2026-20260708T012259Z-3-001 - Copy/BDC2026/train/1_Electronic/battery_10.jpg,Electronic,150,150,JPEG,RGB,1.0,False,9499c9ae2d7775860341be3033ed1367,ae858d92787a7833,12,37
/kaggle/input/datasets/jessicamercya/satria-data-2026/BDC2026-20260708T012259Z-3-001 - Copy/BDC2026/train/1_Electronic/569.jpg,Electronic,2340,4160,JPEG,RGB,0.5625,False,b02889a6daefed99050c574727382fbf,a5576ad0099dc85f,1,4
/kaggle/input/datasets/jessicamercya/satria-data-2026/BDC2026-20260708T012259Z-3-001 - Copy/BDC2026/train/1_Electronic/Player_158.jpg,Electronic,150,150,JPEG,RGB,1.0,False,9b6b99b872e388e45ad5f39bf659cda2,972d7894616a47e9,9,17
/kaggle/input/datasets/jessicamercya/satria-data-2026/BDC2026-20260708T012259Z-3-001 - Copy/BDC2026/train/1_Electronic/Printer_99.jpg,Electronic,150,150,JPEG,RGB,1.0,False,cde7b4d02f97e09d87c5505221b4ae19,fe35a178bc2a81b8,6,6
/kaggle/input/datasets/jessicamercya/satria-data-2026/BDC2026-20260708T012259Z-3-001 - Copy/BDC2026/train/1_Electronic/Microwave_37.jpg,Electronic,150,150,JPEG,RGB,1.0,False,d82329ca86ca4e74081a4ca7cb39a8f2,9a7f858c919a7865,8,1
/kaggle/input/datasets/jessicamercya/satria-data-2026/BDC2026-20260708T012259Z-3-001 - Copy/BDC2026/train/1_Electronic/Player_155.jpg,Electronic,150,150,JPEG,RGB,1.0,False,81776a08657fc563bbbe68feea6a6e18,ca99f5602e73590b,9,17
/kaggle/input/datasets/jessicamercya/satria-data-2026/BDC2026-20260708T012259Z-3-001 - Copy/BDC2026/train/1_Electronic/13.ewasa-blogs1-1024x576.png,Electronic,1024,576,PNG,P,1.7777777777777777,False,a36798896b5a3e325e13c42bba7c303b,fbe0b40c99b0839f,0,0
/kaggle/input/datasets/jessicamercya/satria-data-2026/BDC2026-20260708T012259Z-3-001 - Copy/BDC2026/train/1_Electronic/IMG-20200328-WA0047.jpg,Electronic,640,1280,JPEG,RGB,0.5,False,38c688f4e4a814a0bdd92bba86af99b0,afd5d0aed44a15a8,1,4
/kaggle/input/datasets/jessicamercya/satria-data-2026/BDC2026-20260708T012259Z-3-001 - Copy/BDC2026/train/1_Electronic/Player_0.jpg,Electronic,150,150,JPEG,RGB,1.0,False,11df737d3a99e165d5b70c3f32b96641,af0bb47cd03293b4,9,21
/kaggle/input/datasets/jessicamercya/satria-data-2026/BDC2026-20260708T012259Z-3-001 - Copy/BDC2026/train/1_Electronic/19.jpeg,Electronic,1152,864,JPEG,RGB,1.3333333333333333,False,92d754cbff93a8fe6d692bef31a7decd,bebba0c19585171e,11,31
/kaggle/input/datasets/jessicamercya/satria-data-2026/BDC2026-20260708T012259Z-3-001 - Copy/BDC2026/train/1_Electronic/Washing_Machine_3.jpg,Electronic,150,150,JPEG,RGB,1.0,False,21f5f165a470d2f491bb99886b04c7bf,e366cccc33266699,3,8
/kaggle/input/datasets/jessicamercya/satria-data-2026/BDC2026-20260708T012259Z-3-001 - Copy/BDC2026/train/1_Electronic/Washing_Machine_253.jpg,Electronic,150,150,JPEG,RGB,1.0,False,169fa48c8467cccf314a5fe8b10ef616,a968d3859eb0da33,3,8
/kaggle/input/datasets/jessicamercya/satria-data-2026/BDC2026-20260708T012259Z-3-001 - Copy/BDC2026/train/1_Electronic/Player_159.jpg,Electronic,150,150,JPEG,RGB,1.0,False,29acfe958030d1cf9e69fdc11ec30e49,b10346f66dd8d925,9,17
/kaggle/input/datasets/jessicamercya/satria-data-2026/BDC2026-20260708T012259Z-3-001 - Copy/BDC2026/train/1_Electronic/ygugjg.jpg,Electronic,1896,982,JPEG,RGB,1.9307535641547862,False,0e0c7fab113aeb5355f3454efb02d9d6,c86a79478f9ccc58,0,54
/kaggle/input/datasets/jessicamercya/satria-data-2026/BDC2026-20260708T012259Z-3-001 - Copy/BDC2026/train/1_Electronic/17.effects-of-not-recycling-e-waste-1171x760.png,Electronic,1171,760,PNG,RGB,1.5407894736842105,False,b945d58edf706308cc5e436b490c1acc,8a057eda49e8378e,0,34
/kaggle/input/datasets/jessicamercya/satria-data-2026/BDC2026-20260708T012259Z-3-001 - Copy/BDC2026/train/1_Electronic/3.used-laptop-scrap-500x500.jpg,Electronic,500,500,JPEG,RGB,1.0,False,64e64262554e4ff6534bae282be21532,ffdfb0818530b1c8,0,0
/kaggle/input/datasets/jessicamercya/satria-data-2026/BDC2026-20260708T012259Z-3-001 - Copy/BDC2026/train/1_Electronic/Printer_91.jpg,Electronic,150,150,JPEG,RGB,1.0,False,40f0fbaaa75be8bd3b9279f01d005e4b,85f06ede82589d74,6,42
/kaggle/input/datasets/jessicamercya/satria-data-2026/BDC2026-20260708T012259Z-3-001 - Copy/BDC2026/train/1_Electronic/178.jpeg,Electronic,1040,780,JPEG,RGB,1.3333333333333333,False,dcf213f7227f8e600d05212c36e3ae37,a8d4de286dca9ac5,10,2
/kaggle/input/datasets/jessicamercya/satria-data-2026/BDC2026-20260708T012259Z-3-001 - Copy/BDC2026/train/1_Electronic/Copy of IMG_20200328_132051.jpg,Electronic,4608,3456,JPEG,RGB,1.3333333333333333,False,3619d9f1fcf69e7eb21b9b7864f10460,c6dc579c442cf46c,10,2
/kaggle/input/datasets/jessicamercya/satria-data-2026/BDC2026-20260708T012259Z-3-001 - Copy/BDC2026/train/1_Electronic/battery_67.jpg,Electronic,150,150,JPEG,RGB,1.0,False,2f48a2b96fef07ee0e3534de6e0fcc93,b21d8bc9cc46cbc6,13,19
/kaggle/input/datasets/jessicamercya/satria-data-2026/BDC2026-20260708T012259Z-3-001 - Copy/BDC2026/train/1_Electronic/Television_87.jpg,Electronic,150,150,JPEG,RGB,1.0,False,36893fad73a6d2033d43c50280cba953,dedc692f536160c2,4,15
/kaggle/input/datasets/jessicamercya/satria-data-2026/BDC2026-20260708T012259Z-3-001 - Copy/BDC2026/train/1_Electronic/Keyboard_170.jpg,Electronic,150,150,JPEG,RGB,1.0,False,418279ecc6ac6ecc9d4382e1c1fc6362,ebd0942f4bd23a85,2,5
/kaggle/input/datasets/jessicamercya/satria-data-2026/BDC2026-20260708T012259Z-3-001 - Copy/BDC2026/train/1_Electronic/Printer_32.jpg,Electronic,150,150,JPEG,RGB,1.0,False,68c03d818528c18a9e5b5b851061c6b4,f5f0c22f85693ec0,6,6
/kaggle/input/datasets/jessicamercya/satria-data-2026/BDC2026-20260708T012259Z-3-001 - Copy/BDC2026/train/1_Electronic/39.free-photo-of-jalan-smartphone-ponsel-pintar-rusak.jpeg,Electronic,3840,5760,JPEG,RGB,0.6666666666666666,False,05fc0d27a3d97e8c771c54284b3399d5,f84796386bc1346e,1,9
/kaggle/input/datasets/jessicamercya/satria-data-2026/BDC2026-20260708T012259Z-3-001 - Copy/BDC2026/train/1_Electronic/24.electronic-waste-ready-recycling-isolated-white-background-92963249.jpg,Electronic,1600,1690,JPEG,RGB,0.9467455621301775,False,94433a47426fe8dc571fd4a9ce38f29b,afe0848749f84eb9,0,0
/kaggle/input/datasets/jessicamercya/satria-data-2026/BDC2026-20260708T012259Z-3-001 - Copy/BDC2026/train/1_Electronic/Mouse_75.jpg,Electronic,150,150,JPEG,RGB,1.0,False,12f1b65a542644a162881f4225a376d2,ea4a953d49d236c9,5,26
/kaggle/input/datasets/jessicamercya/satria-data-2026/BDC2026-20260708T012259Z-3-001 - Copy/BDC2026/train/1_Electronic/482.jpg,Electronic,2340,4160,JPEG,RGB,0.5625,False,ace048599ff9db091b886e2e653faf98,a4cc5b93d32e4ec4,1,4
/kaggle/input/datasets/jessicamercya/satria-data-2026/BDC2026-20260708T012259Z-3-001 - Copy/BDC2026/train/1_Electronic/Washing_Machine_158.jpg,Electronic,150,150,JPEG,RGB,1.0,False,08ee8905535912f841dd6023da667835,bb4ab0b5c03097b7,3,35
/kaggle/input/datasets/jessicamercya/satria-data-2026/BDC2026-20260708T012259Z-3-001 - Copy/BDC2026/train/1_Electronic/Washing_Machine_131.jpg,Electronic,150,150,JPEG,RGB,1.0,False,e840c23f7d7aa5b4f95a19c19e2a78e0,f1c68a989aa55ada,3,8
/kaggle/input/datasets/jessicamercya/satria-data-2026/BDC2026-20260708T012259Z-3-001 - Copy/BDC2026/train/1_Electronic/Keyboard_120.jpg,Electronic,150,150,JPEG,RGB,1.0,False,4c5c17b2e021f8c06f94cdb5953a12d2,e05b82cb4bac3f32,2,13
/kaggle/input/datasets/jessicamercya/satria-data-2026/BDC2026-20260708T012259Z-3-001 - Copy/BDC2026/train/1_Electronic/WhatsApp Image 2020-11-01 at 1.28.11 PM.jpeg,Electronic,720,1280,JPEG,RGB,0.5625,False,317b7deecc9c4cb35c60b508d634274a,a27b492b26b499cd,15,46
/kaggle/input/datasets/jessicamercya/satria-data-2026/BDC2026-20260708T012259Z-3-001 - Copy/BDC2026/train/1_Electronic/Mouse_288.jpg,Electronic,150,150,JPEG,RGB,1.0,False,409e2af194a7dced4445498bdd82837a,98576373476ccc98,5,3
/kaggle/input/datasets/jessicamercya/satria-data-2026/BDC2026-20260708T012259Z-3-001 - Copy/BDC2026/train/1_Electronic/Washing_Machine_166.jpg,Electronic,150,150,JPEG,RGB,1.0,False,ce0dfb93cc873798f722e750bc714efe,ea7a97818585c35e,3,33
/kaggle/input/datasets/jessicamercya/satria-data-2026/BDC2026-20260708T012259Z-3-001 - Copy/BDC2026/train/1_Electronic/Washing_Machine_269.jpg,Electronic,150,150,JPEG,RGB,1.0,False,41c072d210b82290732ab8358ac0e760,ef353e818081967f,3,33
/kaggle/input/datasets/jessicamercya/satria-data-2026/BDC2026-20260708T012259Z-3-001 - Copy/BDC2026/train/1_Electronic/Keyboard_42.jpg,Electronic,150,150,JPEG,RGB,1.0,False,cc029d513473b49e552df5f5b5c4c2c3,eb16c93a84c9b6c9,2,5
/kaggle/input/datasets/jessicamercya/satria-data-2026/BDC2026-20260708T012259Z-3-001 - Copy/BDC2026/train/1_Electronic/Keyboard_243.jpg,Electronic,150,150,JPEG,RGB,1.0,False,11c130caed23a22c5e0bed295ec6e500,ebd2852ddad03907,2,5
/kaggle/input/datasets/jessicamercya/satria-data-2026/BDC2026-20260708T012259Z-3-001 - Copy/BDC2026/train/1_Electronic/battery_9.jpg,Electronic,150,150,JPEG,RGB,1.0,False,af88b8abbbd0830300983ceac0202d6b,bbe0811fdc19d619,13,19
/kaggle/input/datasets/jessicamercya/satria-data-2026/BDC2026-20260708T012259Z-3-001 - Copy/BDC2026/train/1_Electronic/battery_17.jpg,Electronic,150,150,JPEG,RGB,1.0,False,b7b44ce69603e5239481fc7eb4cdfebe,f1708683dbcd6a1a,12,37
/kaggle/input/datasets/jessicamercya/satria-data-2026/BDC2026-20260708T012259Z-3-001 - Copy/BDC2026/train/1_Electronic/Microwave_276.jpg,Electronic,150,150,JPEG,RGB,1.0,False,859db8ad55272021485b27944c5f98e6,8225c17a3dcafd94,8,20
/kaggle/input/datasets/jessicamercya/satria-data-2026/BDC2026-20260708T012259Z-3-001 - Copy/BDC2026/train/1_Electronic/184.jpeg,Electronic,1280,720,JPEG,RGB,1.7777777777777777,False,659232a5ac0390e6b876f57ea1f31eb6,a1deda6164618d75,10,2
/kaggle/input/datasets/jessicamercya/satria-data-2026/BDC2026-20260708T012259Z-3-001 - Copy/BDC2026/train/1_Electronic/78.depositphotos_335692940-stock-photo-electronic-waste-concept-e-waste.jpg,Electronic,1600,1167,JPEG,RGB,1.3710368466152527,False,93f706b72a262d0fe4c370e4abae9cd3,a3b87c92b866c46e,0,34
/kaggle/input/datasets/jessicamercya/satria-data-2026/BDC2026-20260708T012259Z-3-001 - Copy/BDC2026/train/1_Electronic/Keyboard_127.jpg,Electronic,150,150,JPEG,RGB,1.0,False,5e3c9d89938b45808e6765523e962630,dfd1c03ea42d2535,2,5
/kaggle/input/datasets/jessicamercya/satria-data-2026/BDC2026-20260708T012259Z-3-001 - Copy/BDC2026/train/1_Electronic/battery_31.jpg,Electronic,150,150,JPEG,RGB,1.0,False,6712dc664615fb37a3f8fcf3c40667e1,8f00f0fee17d3a81,13,19
/kaggle/input/datasets/jessicamercya/satria-data-2026/BDC2026-20260708T012259Z-3-001 - Copy/BDC2026/train/1_Electronic/594.jpeg,Electronic,1152,864,JPEG,RGB,1.3333333333333333,False,aba8b0b48ae98f6a14d4f2b87c400510,f000879f7cfa7868,1,4
/kaggle/input/datasets/jessicamercya/satria-data-2026/BDC2026-20260708T012259Z-3-001 - Copy/BDC2026/train/1_Electronic/Washing_Machine_160.jpg,Electronic,150,150,JPEG,RGB,1.0,False,08e6f0e8c7c02fc835c0784d83b6df2d,e363cc863233c9cd,3,8
/kaggle/input/datasets/jessicamercya/satria-data-2026/BDC2026-20260708T012259Z-3-001 - Copy/BDC2026/train/1_Electronic/67.360_F_84070387_Klq56ovMMf5Mh1Vli9gHiJOCniwJaQ0l.jpg,Electronic,540,360,JPEG,RGB,1.5,False,3e2cc5fcf5f6062cb93f0b52e78fc934,bc65c3c3c3c3c19a,0,43
/kaggle/input/datasets/jessicamercya/satria-data-2026/BDC2026-20260708T012259Z-3-001 - Copy/BDC2026/train/1_Electronic/Printer_195.jpg,Electronic,150,150,JPEG,RGB,1.0,False,7a264925ff781e30045dbde0702392f6,eb63d05a9697c438,6,11
/kaggle/input/datasets/jessicamercya/satria-data-2026/BDC2026-20260708T012259Z-3-001 - Copy/BDC2026/train/1_Electronic/770.jpeg,Electronic,648,1152,JPEG,RGB,0.5625,False,24735c00544435e216dfe538c3663520,84bfbb35a4149b15,5,29
/kaggle/input/datasets/jessicamercya/satria-data-2026/BDC2026-20260708T012259Z-3-001 - Copy/BDC2026/train/1_Electronic/pcb_199.jpg,Electronic,150,150,JPEG,RGB,1.0,False,74ad697c8172686e90c9fbb53fd29ef9,d9818c3ef2eaf4c0,7,18
/kaggle/input/datasets/jessicamercya/satria-data-2026/BDC2026-20260708T012259Z-3-001 - Copy/BDC2026/train/1_Electronic/Keyboard_198.jpg,Electronic,150,150,JPEG,RGB,1.0,False,b41d18cf3e33d11af80b0c0ac159d580,85c26a3d9fe0b84e,2,13
/kaggle/input/datasets/jessicamercya/satria-data-2026/BDC2026-20260708T012259Z-3-001 - Copy/BDC2026/train/1_Electronic/Washing_Machine_233.jpg,Electronic,150,150,JPEG,RGB,1.0,False,d613a9e185f49f01772a58558ddf9960,ea95cdc9b432b161,3,27
/kaggle/input/datasets/jessicamercya/satria-data-2026/BDC2026-20260708T012259Z-3-001 - Copy/BDC2026/train/1_Electronic/17.1645173408_bbe2a6f4556f2172c17a.jpg,Electronic,1280,960,JPEG,RGB,1.3333333333333333,False,3c727c41454782c079eab29832951ac1,abe5b24a95628b1e,0,30
/kaggle/input/datasets/jessicamercya/satria-data-2026/BDC2026-20260708T012259Z-3-001 - Copy/BDC2026/train/1_Electronic/Television_81.jpg,Electronic,150,150,JPEG,RGB,1.0,False,43fbdb9042d02422e7a2ce680c8fe936,bfe8d0adc09561c6,4,10
/kaggle/input/datasets/jessicamercya/satria-data-2026/BDC2026-20260708T012259Z-3-001 - Copy/BDC2026/train/1_Electronic/71.WEEE-Waste_-Why-Its-Important-To-Dispose-Properly-of-Electronics-1024x576.jpg,Electronic,1024,576,JPEG,RGB,1.7777777777777777,False,76b5e4a443b0452a981b574043f20226,fe36e95226c00fe8,0,0
/kaggle/input/datasets/jessicamercya/satria-data-2026/BDC2026-20260708T012259Z-3-001 - Copy/BDC2026/train/1_Electronic/Player_259.jpg,Electronic,150,150,JPEG,RGB,1.0,False,bf0df01fcafdbd4a34e2d4ec22179b35,ffb880477fb88007,9,50
/kaggle/input/datasets/jessicamercya/satria-data-2026/BDC2026-20260708T012259Z-3-001 - Copy/BDC2026/train/1_Electronic/596f8aadc50c2931008b5381.jpeg,Electronic,602,531,WEBP,RGB,1.1337099811676083,False,f2d7cf23d51152cc0dd65a21549873b3,cbb516ce45796426,4,49
/kaggle/input/datasets/jessicamercya/satria-data-2026/BDC2026-20260708T012259Z-3-001 - Copy/BDC2026/train/1_Electronic/785.jpeg,Electronic,864,1152,JPEG,RGB,0.75,False,144ec0ffcf6ae0a2244026a35f22313d,b7c4861d2c3f9c64,5,29
/kaggle/input/datasets/jessicamercya/satria-data-2026/BDC2026-20260708T012259Z-3-001 - Copy/BDC2026/train/1_Electronic/Washing_Machine_87.jpg,Electronic,150,150,JPEG,RGB,1.0,False,af138fb15bb44257d2567aa5748f7068,bf61606be08fc48e,3,33
/kaggle/input/datasets/jessicamercya/satria-data-2026/BDC2026-20260708T012259Z-3-001 - Copy/BDC2026/train/1_Electronic/7.jpeg,Electronic,720,1280,JPEG,RGB,0.5625,False,83df707bf7db2b3c72566413016bb53f,f98500fbff0080fe,11,31
/kaggle/input/datasets/jessicamercya/satria-data-2026/BDC2026-20260708T012259Z-3-001 - Copy/BDC2026/train/1_Electronic/528.jpeg,Electronic,622,1280,JPEG,RGB,0.4859375,False,49c48df6377ff902fa74c1cbe7099e1d,a59a9a65619a36d9,1,4
/kaggle/input/datasets/jessicamercya/satria-data-2026/BDC2026-20260708T012259Z-3-001 - Copy/BDC2026/train/1_Electronic/200.jpeg,Electronic,1280,960,JPEG,RGB,1.3333333333333333,False,50547aaf650e965ae32042290c622c6f,ada117ea91c693c6,10,2
/kaggle/input/datasets/jessicamercya/satria-data-2026/BDC2026-20260708T012259Z-3-001 - Copy/BDC2026/train/1_Electronic/16.depositphotos_202459646-stock-photo-electronic-waste-old-computers-monitors.jpg,Electronic,1600,1167,JPEG,RGB,1.3710368466152527,False,a24a9677597756584cf86c32e7597096,fcee42d0a960cf89,0,0
/kaggle/input/datasets/jessicamercya/satria-data-2026/BDC2026-20260708T012259Z-3-001 - Copy/BDC2026/train/1_Electronic/Keyboard_36.jpg,Electronic,150,150,JPEG,RGB,1.0,False,dce71911f3e44cde37ea81ed6baef8e8,af48d0973d626ea1,2,5
/kaggle/input/datasets/jessicamercya/satria-data-2026/BDC2026-20260708T012259Z-3-001 - Copy/BDC2026/train/1_Electronic/Printer_111.jpg,Electronic,150,150,JPEG,RGB,1.0,False,f6511cd175a4a9764a2e876e9baf9b11,95d235af69724aa4,6,42
/kaggle/input/datasets/jessicamercya/satria-data-2026/BDC2026-20260708T012259Z-3-001 - Copy/BDC2026/train/1_Electronic/pcb_85.jpg,Electronic,150,150,JPEG,RGB,1.0,False,63d4b51d51c1f6f3042a0199ad81bcc5,8f0adcf0f99231c5,7,7
/kaggle/input/datasets/jessicamercya/satria-data-2026/BDC2026-20260708T012259Z-3-001 - Copy/BDC2026/train/1_Electronic/Television_151.jpg,Electronic,150,150,JPEG,RGB,1.0,False,7b793e2d82439aac09f18520bdb02dd1,eb85c0d6c5968739,4,12
/kaggle/input/datasets/jessicamercya/satria-data-2026/BDC2026-20260708T012259Z-3-001 - Copy/BDC2026/train/1_Electronic/179.jpg,Electronic,4160,2340,JPEG,RGB,1.7777777777777777,False,ab7edaf63d0871f634edcfd7a5f12b04,d21a2fe42d23752d,10,56
/kaggle/input/datasets/jessicamercya/satria-data-2026/BDC2026-20260708T012259Z-3-001 - Copy/BDC2026/train/1_Electronic/213.jpeg,Electronic,583,1280,JPEG,RGB,0.45546875,False,1fd127b768e34861106e4feff3e60f2b,bc0fad8c8dc94d29,10,2
/kaggle/input/datasets/jessicamercya/satria-data-2026/BDC2026-20260708T012259Z-3-001 - Copy/BDC2026/train/1_Electronic/Mouse_220.jpg,Electronic,150,150,JPEG,RGB,1.0,False,1f352f6d9bccb47f3c1c60b9adf756c0,8d51b36ec0b18f9a,5,3
/kaggle/input/datasets/jessicamercya/satria-data-2026/BDC2026-20260708T012259Z-3-001 - Copy/BDC2026/train/1_Electronic/Mobile_137.jpg,Electronic,150,150,JPEG,RGB,1.0,False,648b2d156840df35b7eed46c8af68947,abd5d442556d3694,1,9
/kaggle/input/datasets/jessicamercya/satria-data-2026/BDC2026-20260708T012259Z-3-001 - Copy/BDC2026/train/1_Electronic/Microwave_12.jpg,Electronic,150,150,JPEG,RGB,1.0,False,d71125a4ce3feda48d01d1788b4d1cd4,f998c2e617af8185,4,15
/kaggle/input/datasets/jessicamercya/satria-data-2026/BDC2026-20260708T012259Z-3-001 - Copy/BDC2026/train/1_Electronic/Television_10.jpg,Electronic,150,150,JPEG,RGB,1.0,False,7bbca8cbff958d83eb65e94152a5bfad,c3853dc5e5c3252b,4,12
/kaggle/input/datasets/jessicamercya/satria-data-2026/BDC2026-20260708T012259Z-3-001 - Copy/BDC2026/train/1_Electronic/Washing_Machine_295.jpg,Electronic,150,150,JPEG,RGB,1.0,False,7266d77295b08f11ac1a38b7962bab5e,87b1cc9cb47172cc,3,28
/kaggle/input/datasets/jessicamercya/satria-data-2026/BDC2026-20260708T012259Z-3-001 - Copy/BDC2026/train/1_Electronic/164.jpeg,Electronic,780,1040,JPEG,RGB,0.75,False,748053a7ae0e6ac5e2cb73f8e42c46bb,ce0e15b1bfcf8481,10,2
/kaggle/input/datasets/jessicamercya/satria-data-2026/BDC2026-20260708T012259Z-3-001 - Copy/BDC2026/train/1_Electronic/Printer_47.jpg,Electronic,150,150,JPEG,RGB,1.0,False,a200b7b5a9019a92621d54060ee6de97,a0b3d7688e6d86cc,6,6
/kaggle/input/datasets/jessicamercya/satria-data-2026/BDC2026-20260708T012259Z-3-001 - Copy/BDC2026/train/1_Electronic/21.CPU-RAM-AND-MOTHERBOARD-FOR-LAPTOPS.jpg,Electronic,300,300,JPEG,RGB,1.0,False,c326cd8b9f07a2dbc1d66cff18f51c08,bfc4dfc2d8809952,0,30
/kaggle/input/datasets/jessicamercya/satria-data-2026/BDC2026-20260708T012259Z-3-001 - Copy/BDC2026/train/1_Electronic/Printer_140.jpg,Electronic,150,150,JPEG,RGB,1.0,False,0dc3edd2f433c0bf0d4013f77967d0ef,fa39a19395c185c7,6,53
/kaggle/input/datasets/jessicamercya/satria-data-2026/BDC2026-20260708T012259Z-3-001 - Copy/BDC2026/train/1_Electronic/battery_72.jpg,Electronic,150,150,JPEG,RGB,1.0,False,e1cb70dd01434160dd3bdd2eee30a0e5,db24bc83b9c66499,12,38
/kaggle/input/datasets/jessicamercya/satria-data-2026/BDC2026-20260708T012259Z-3-001 - Copy/BDC2026/train/1_Electronic/Washing_Machine_193.jpg,Electronic,150,150,JPEG,RGB,1.0,False,f73cf6508138bc629012236fe830d06a,ed69c78389cd6588,3,8
/kaggle/input/datasets/jessicamercya/satria-data-2026/BDC2026-20260708T012259Z-3-001 - Copy/BDC2026/train/1_Electronic/Washing_Machine_168.jpg,Electronic,150,150,JPEG,RGB,1.0,False,9d5e7289c92495d9e4a48afafef8e749,ec6d929263b3a4b4,3,8
/kaggle/input/datasets/jessicamercya/satria-data-2026/BDC2026-20260708T012259Z-3-001 - Copy/BDC2026/train/1_Electronic/Washing_Machine_41.jpg,Electronic,150,150,JPEG,RGB,1.0,False,037c057acdcdd6ed7c11dcf01fdeee3b,c0bc2fc5141ed667,3,33
/kaggle/input/datasets/jessicamercya/satria-data-2026/BDC2026-20260708T012259Z-3-001 - Copy/BDC2026/train/1_Electronic/319.jpeg,Electronic,1032,581,JPEG,RGB,1.7762478485370052,False,6001d2d15df64148aa7a218d87acbe2a,fd3190d072a8ed2d,11,31
/kaggle/input/datasets/jessicamercya/satria-data-2026/BDC2026-20260708T012259Z-3-001 - Copy/BDC2026/train/1_Electronic/battery_118.jpg,Electronic,150,150,JPEG,RGB,1.0,False,4598706f02866471dd14f666e4eccd04,aac29a11ecb9a33e,14,24
/kaggle/input/datasets/jessicamercya/satria-data-2026/BDC2026-20260708T012259Z-3-001 - Copy/BDC2026/train/1_Electronic/battery_278.jpg,Electronic,150,150,JPEG,RGB,1.0,False,375da50c0b5d38d9971871f65d45520d,b42ccb9bcbc33432,13,19
/kaggle/input/datasets/jessicamercya/satria-data-2026/BDC2026-20260708T012259Z-3-001 - Copy/BDC2026/train/1_Electronic/pcb_263.jpg,Electronic,150,150,JPEG,RGB,1.0,False,54e15472d244a8bff880a0915fbaeb3d,f61406e7515cac1f,7,7
/kaggle/input/datasets/jessicamercya/satria-data-2026/BDC2026-20260708T012259Z-3-001 - Copy/BDC2026/train/1_Electronic/Television_248.jpg,Electronic,150,150,JPEG,RGB,1.0,False,8bedc9f1c69dc49c6bc5bb8f11599593,f5c8d627785286e8,4,12
/kaggle/input/datasets/jessicamercya/satria-data-2026/BDC2026-20260708T012259Z-3-001 - Copy/BDC2026/train/1_Electronic/Mouse_101.jpg,Electronic,150,150,JPEG,RGB,1.0,False,f0c546333bf25fcf4aedb85f624c58e2,fbc4d46bc63086b4,5,26
/kaggle/input/datasets/jessicamercya/satria-data-2026/BDC2026-20260708T012259Z-3-001 - Copy/BDC2026/train/1_Electronic/IMG_20201101_130838.jpg,Electronic,4000,3000,JPEG,RGB,1.3333333333333333,False,3be502b036d6cad55e0164605b706ab3,e08c9ff91b3104f6,11,47
/kaggle/input/datasets/jessicamercya/satria-data-2026/BDC2026-20260708T012259Z-3-001 - Copy/BDC2026/train/1_Electronic/Printer_24.jpg,Electronic,150,150,JPEG,RGB,1.0,False,9e43800f93a441d564d0c583349527d5,c569fb963925e092,6,11
/kaggle/input/datasets/jessicamercya/satria-data-2026/BDC2026-20260708T012259Z-3-001 - Copy/BDC2026/train/1_Electronic/Microwave_59.jpg,Electronic,150,150,JPEG,RGB,1.0,False,826db3c5bee30f7b5ef3fc49d15ff35d,fb82d4b42e2c695a,8,20
/kaggle/input/datasets/jessicamercya/satria-data-2026/BDC2026-20260708T012259Z-3-001 - Copy/BDC2026/train/1_Electronic/Mouse_119.jpg,Electronic,150,150,JPEG,RGB,1.0,False,071c6445d10fa5c6e27ef665a234fb2f,ea3cb4d0d161b1cd,5,3
/kaggle/input/datasets/jessicamercya/satria-data-2026/BDC2026-20260708T012259Z-3-001 - Copy/BDC2026/train/1_Electronic/71.person-smashes-old-tv-hammer-footage-120464730_iconl.jpeg,Electronic,480,270,WEBP,RGB,1.7777777777777777,False,e31b1c2dccde66fb4289c3206bcbf3e5,f489cbd451735c34,0,39
/kaggle/input/datasets/jessicamercya/satria-data-2026/BDC2026-20260708T012259Z-3-001 - Copy/BDC2026/train/1_Electronic/Printer_214.jpg,Electronic,150,150,JPEG,RGB,1.0,False,26465facd008f1bef85f6d3580dc3d75,e9cb94343bcb68b0,6,11
/kaggle/input/datasets/jessicamercya/satria-data-2026/BDC2026-20260708T012259Z-3-001 - Copy/BDC2026/train/1_Electronic/Player_14.jpg,Electronic,150,150,JPEG,RGB,1.0,False,05ed2535752f7bb638c2200cbac889bb,af69d09691d26a95,9,50
/kaggle/input/datasets/jessicamercya/satria-data-2026/BDC2026-20260708T012259Z-3-001 - Copy/BDC2026/train/1_Electronic/Printer_107.jpg,Electronic,150,150,JPEG,RGB,1.0,False,33da38cb23d82534f0d5703056626846,d76088953a57ea65,6,42
/kaggle/input/datasets/jessicamercya/satria-data-2026/BDC2026-20260708T012259Z-3-001 - Copy/BDC2026/train/1_Electronic/4.old-computer-components-29637543.jpg,Electronic,600,900,JPEG,RGB,0.6666666666666666,False,c0bb5848b3af25b488fc34018793cefe,eba49a1ac54bb463,0,39
/kaggle/input/datasets/jessicamercya/satria-data-2026/BDC2026-20260708T012259Z-3-001 - Copy/BDC2026/train/1_Electronic/Mouse_148.jpg,Electronic,150,150,JPEG,RGB,1.0,False,4bf1456218dec591695f2540fcfb7a66,fe95c1c01a2d37b2,5,3
/kaggle/input/datasets/jessicamercya/satria-data-2026/BDC2026-20260708T012259Z-3-001 - Copy/BDC2026/train/1_Electronic/Keyboard_39.jpg,Electronic,150,150,JPEG,RGB,1.0,False,e28cd20eab63e991f6fec23eadd86e0d,a124a021de7d5b7e,11,57
/kaggle/input/datasets/jessicamercya/satria-data-2026/BDC2026-20260708T012259Z-3-001 - Copy/BDC2026/train/1_Electronic/243.jpeg,Electronic,1280,640,JPEG,RGB,2.0,False,9c562eb56faca277d44d5c3bd9194239,ad94d65aca5ad095,10,2
/kaggle/input/datasets/jessicamercya/satria-data-2026/BDC2026-20260708T012259Z-3-001 - Copy/BDC2026/train/1_Electronic/Mouse_144.jpg,Electronic,150,150,JPEG,RGB,1.0,False,10c56b0eb49d98384d4b6aa2bbe2d079,cf3330cecf30388b,5,36
/kaggle/input/datasets/jessicamercya/satria-data-2026/BDC2026-20260708T012259Z-3-001 - Copy/BDC2026/train/1_Electronic/Player_48.jpg,Electronic,150,150,JPEG,RGB,1.0,False,3817b04f1a2b3d3b0dc37a91a2aeff8f,e4c69279cd304d9b,5,3
/kaggle/input/datasets/jessicamercya/satria-data-2026/BDC2026-20260708T012259Z-3-001 - Copy/BDC2026/train/1_Electronic/IMG-20200329-WA0071.jpg,Electronic,1280,720,JPEG,RGB,1.7777777777777777,False,feaeacbf92061d464164b3fb9f127912,be82c1f0cfd4d249,11,47
/kaggle/input/datasets/jessicamercya/satria-data-2026/BDC2026-20260708T012259Z-3-001 - Copy/BDC2026/train/1_Electronic/Printer_16.jpg,Electronic,150,150,JPEG,RGB,1.0,False,2d6b5f4eec3c7580f09c628909e01645,bf20dd4bc9983236,6,42
/kaggle/input/datasets/jessicamercya/satria-data-2026/BDC2026-20260708T012259Z-3-001 - Copy/BDC2026/train/1_Electronic/Copy of IMG_20200328_134825.jpg,Electronic,4608,3456,JPEG,RGB,1.3333333333333333,False,5985398b66085e67ae1155a0a741f008,df3802e7dc9078cc,1,55
/kaggle/input/datasets/jessicamercya/satria-data-2026/BDC2026-20260708T012259Z-3-001 - Copy/BDC2026/train/1_Electronic/pcb_200.jpg,Electronic,150,150,JPEG,RGB,1.0,False,80e1efb6a784fda910ccda3417ab62c4,d5428045727edb9e,7,7
/kaggle/input/datasets/jessicamercya/satria-data-2026/BDC2026-20260708T012259Z-3-001 - Copy/BDC2026/train/1_Electronic/Copy of IMG_20200328_140117.jpg,Electronic,4608,3456,JPEG,RGB,1.3333333333333333,False,09529ee04c5f76b7c4f0991cd3d6a3cb,a14143e5781f3f0f,1,55
/kaggle/input/datasets/jessicamercya/satria-data-2026/BDC2026-20260708T012259Z-3-001 - Copy/BDC2026/train/1_Electronic/Television_22.jpg,Electronic,150,150,JPEG,RGB,1.0,False,df9978eb5c00c48ca61117b747f37afc,def9a524bc988a98,4,12
/kaggle/input/datasets/jessicamercya/satria-data-2026/BDC2026-20260708T012259Z-3-001 - Copy/BDC2026/train/1_Electronic/IMG_20200329_201113.jpg,Electronic,4000,3000,JPEG,RGB,1.3333333333333333,False,d35fbf03fa631dc3ab482782314ff2fd,9ae664cf9a391932,5,29
/kaggle/input/datasets/jessicamercya/satria-data-2026/BDC2026-20260708T012259Z-3-001 - Copy/BDC2026/train/1_Electronic/16.Sampah-Elektronik-Ancaman-Baru-yang-Memerlukan-Perhatian-Serius.jpg,Electronic,515,350,JPEG,RGB,1.4714285714285715,False,51ee8772ca64c1e7147b2b3190720023,8fbf0a84c0f06d8f,0,22
/kaggle/input/datasets/jessicamercya/satria-data-2026/BDC2026-20260708T012259Z-3-001 - Copy/BDC2026/train/1_Electronic/pcb_192.jpg,Electronic,150,150,JPEG,RGB,1.0,False,24abe5f5e31ef3399b7943fcf6b7a570,ebc0c51e9e3b5829,2,25
/kaggle/input/datasets/jessicamercya/satria-data-2026/BDC2026-20260708T012259Z-3-001 - Copy/BDC2026/train/1_Electronic/Player_176.jpg,Electronic,150,150,JPEG,RGB,1.0,False,b84fc9b3757ebf6f0b6cf8220c2264d2,bfbce04cc1c39368,9,17
/kaggle/input/datasets/jessicamercya/satria-data-2026/BDC2026-20260708T012259Z-3-001 - Copy/BDC2026/train/1_Electronic/Mouse_2.jpg,Electronic,150,150,JPEG,RGB,1.0,False,ecb1e67725c90100468424687fe01ea9,a8e87536b7e1c8c8,5,3
/kaggle/input/datasets/jessicamercya/satria-data-2026/BDC2026-20260708T012259Z-3-001 - Copy/BDC2026/train/1_Electronic/battery_105.jpg,Electronic,150,150,JPEG,RGB,1.0,False,69c5ff40441cd7ede810d336d83f95db,bf25c0d29b2b4f30,13,19
/kaggle/input/datasets/jessicamercya/satria-data-2026/BDC2026-20260708T012259Z-3-001 - Copy/BDC2026/train/1_Electronic/6.led-tv-display-repair-services.jpg,Electronic,1080,1080,JPEG,RGB,1.0,False,c9fa887109ae3ada8b2543d6312ebecd,ac8a979e8794c6b1,4,49
/kaggle/input/datasets/jessicamercya/satria-data-2026/BDC2026-20260708T012259Z-3-001 - Copy/BDC2026/train/1_Electronic/Washing_Machine_6.jpg,Electronic,150,150,JPEG,RGB,1.0,False,8f79f82c2e565039e18744d7380bf83d,ce5a393b646c192d,3,27
/kaggle/input/datasets/jessicamercya/satria-data-2026/BDC2026-20260708T012259Z-3-001 - Copy/BDC2026/train/1_Electronic/14.Riau1_1531191572.jpg,Electronic,604,402,JPEG,RGB,1.5024875621890548,False,c9a590546d12339b4200671c2c72a481,ff38bc1719522a25,0,14
/kaggle/input/datasets/jessicamercya/satria-data-2026/BDC2026-20260708T012259Z-3-001 - Copy/BDC2026/train/1_Electronic/Printer_76.jpg,Electronic,150,150,JPEG,RGB,1.0,False,fdc884f635197302bfbd25acc0fa490d,df80a2829f157c6b,6,42
/kaggle/input/datasets/jessicamercya/satria-data-2026/BDC2026-20260708T012259Z-3-001 - Copy/BDC2026/train/1_Electronic/Mouse_190.jpg,Electronic,150,150,JPEG,RGB,1.0,False,4dfb58a1bf205ef7ecc05431e74d81e0,b4944b6bb5b591d0,5,3
/kaggle/input/datasets/jessicamercya/satria-data-2026/BDC2026-20260708T012259Z-3-001 - Copy/BDC2026/train/1_Electronic/215.jpeg,Electronic,583,1280,JPEG,RGB,0.45546875,False,4f846499794a4dc01afe10eb279b9d7e,ae98c46b63b4aa96,10,2
/kaggle/input/datasets/jessicamercya/satria-data-2026/BDC2026-20260708T012259Z-3-001 - Copy/BDC2026/train/1_Electronic/Player_100.jpg,Electronic,150,150,JPEG,RGB,1.0,False,18aa44eb2f2969d508dd8f0ff87e4f03,f819876d9aa6989a,5,36
/kaggle/input/datasets/jessicamercya/satria-data-2026/BDC2026-20260708T012259Z-3-001 - Copy/BDC2026/train/1_Electronic/IMG_20200329_201009.jpg,Electronic,4000,3000,JPEG,RGB,1.3333333333333333,False,514ba9977ba2560c7a50b99710b8c22c,b4c0ca32c17ceeec,1,4
/kaggle/input/datasets/jessicamercya/satria-data-2026/BDC2026-20260708T012259Z-3-001 - Copy/BDC2026/train/1_Electronic/battery_39.jpg,Electronic,150,150,JPEG,RGB,1.0,False,81b3289dc69b428a49a8f6feccf8ab73,f8c3873465cb9a32,14,24
/kaggle/input/datasets/jessicamercya/satria-data-2026/BDC2026-20260708T012259Z-3-001 - Copy/BDC2026/train/1_Electronic/Copy of IMG_20200328_132149.jpg,Electronic,4608,3456,JPEG,RGB,1.3333333333333333,False,9110663eed189f72f7781aa3a5282715,bdc3c0d095d58f68,10,2
/kaggle/input/datasets/jessicamercya/satria-data-2026/BDC2026-20260708T012259Z-3-001 - Copy/BDC2026/train/1_Electronic/battery_94.jpg,Electronic,150,150,JPEG,RGB,1.0,False,29c5a3e8f865dff0cb128b69cf2d2db2,ea2e95c06a3fb4c8,14,24
/kaggle/input/datasets/jessicamercya/satria-data-2026/BDC2026-20260708T012259Z-3-001 - Copy/BDC2026/train/1_Electronic/Printer_212.jpg,Electronic,150,150,JPEG,RGB,1.0,False,333f674e13f7a770eae03eee3de9ec9f,fed8846a3e302e96,6,6
/kaggle/input/datasets/jessicamercya/satria-data-2026/BDC2026-20260708T012259Z-3-001 - Copy/BDC2026/train/1_Electronic/pcb_99.jpg,Electronic,150,150,JPEG,RGB,1.0,False,1f73a0b7dba9f45842029e2362206874,bf3f85f8c08507e0,7,7
/kaggle/input/datasets/jessicamercya/satria-data-2026/BDC2026-20260708T012259Z-3-001 - Copy/BDC2026/train/1_Electronic/pcb_217.jpg,Electronic,150,150,JPEG,RGB,1.0,False,a068840751b1bd6b1c03ee48a382645f,d4d187be06b84db2,7,18
/kaggle/input/datasets/jessicamercya/satria-data-2026/BDC2026-20260708T012259Z-3-001 - Copy/BDC2026/train/1_Electronic/73.432b58e6-dae9-11e6-bbb7-6a43a6f882fe_1280x720.jpg,Electronic,1020,680,JPEG,RGB,1.5,False,071a60a315bf4b0501c88a631bbe69ab,b6ece80b43b6f540,0,0
/kaggle/input/datasets/jessicamercya/satria-data-2026/BDC2026-20260708T012259Z-3-001 - Copy/BDC2026/train/1_Electronic/Microwave_79.jpg,Electronic,150,150,JPEG,RGB,1.0,False,bc787f5f07b0509cab990f918deb3ae2,ac3d9290d9deccc8,8,1
/kaggle/input/datasets/jessicamercya/satria-data-2026/BDC2026-20260708T012259Z-3-001 - Copy/BDC2026/train/1_Electronic/Television_281.jpg,Electronic,150,150,JPEG,RGB,1.0,False,9b28e5b60f213948c175f5c6f0de89ac,ea9db54ac1624a37,4,10
/kaggle/input/datasets/jessicamercya/satria-data-2026/BDC2026-20260708T012259Z-3-001 - Copy/BDC2026/train/1_Electronic/Mouse_235.jpg,Electronic,150,150,JPEG,RGB,1.0,False,3589ef4817fda9ab88fbe1f5591bb106,f8f06b6a0835a58f,5,3
/kaggle/input/datasets/jessicamercya/satria-data-2026/BDC2026-20260708T012259Z-3-001 - Copy/BDC2026/train/1_Electronic/Mobile_213.jpg,Electronic,150,150,JPEG,RGB,1.0,False,76bbbfed2638719f612146e33ec2cef1,ad31928f789a8d93,1,16
/kaggle/input/datasets/jessicamercya/satria-data-2026/BDC2026-20260708T012259Z-3-001 - Copy/BDC2026/train/1_Electronic/9.ss-scrap-500x500.jpeg,Electronic,375,500,JPEG,RGB,0.75,False,89a4a7bc3c2af661a05826a89be869bd,f22f4992c7381fd0,1,9
/kaggle/input/datasets/jessicamercya/satria-data-2026/BDC2026-20260708T012259Z-3-001 - Copy/BDC2026/train/1_Electronic/67.waste-400x250-1.jpg,Electronic,400,250,JPEG,RGB,1.6,False,fb5a7392665c226d705d87e6a7b3dfa3,83e7dc422393d87c,0,22
/kaggle/input/datasets/jessicamercya/satria-data-2026/BDC2026-20260708T012259Z-3-001 - Copy/BDC2026/train/1_Electronic/pcb_154.jpg,Electronic,150,150,JPEG,RGB,1.0,False,48b02d16d088866b878d1e12a8ec5e95,ab6ae402e66de51a,7,7
/kaggle/input/datasets/jessicamercya/satria-data-2026/BDC2026-20260708T012259Z-3-001 - Copy/BDC2026/train/1_Electronic/Television_242.jpg,Electronic,150,150,JPEG,RGB,1.0,False,997cd900a07129d906d91da3650b00fd,e8c89f9fb424b05a,4,15
/kaggle/input/datasets/jessicamercya/satria-data-2026/BDC2026-20260708T012259Z-3-001 - Copy/BDC2026/train/1_Electronic/68.ec7630ef93b617bea9f7937e4ba5_768_1024.jpeg,Electronic,200,266,JPEG,RGB,0.7518796992481203,False,94800b965b74f49a9af356a63ca1fcee,add9d236c68792e0,0,30
/kaggle/input/datasets/jessicamercya/satria-data-2026/BDC2026-20260708T012259Z-3-001 - Copy/BDC2026/train/1_Electronic/Mobile_186.jpg,Electronic,150,150,JPEG,RGB,1.0,False,821d810c742128a03e33f25c256c80b2,f530ca17caafc483,1,16
/kaggle/input/datasets/jessicamercya/satria-data-2026/BDC2026-20260708T012259Z-3-001 - Copy/BDC2026/train/1_Electronic/Washing_Machine_13.jpg,Electronic,150,150,JPEG,RGB,1.0,False,ee7d95c3662547c2823c0c665b9a466e,bac3639d94b492b2,3,8
/kaggle/input/datasets/jessicamercya/satria-data-2026/BDC2026-20260708T012259Z-3-001 - Copy/BDC2026/train/1_Electronic/Printer_114.jpg,Electronic,150,150,JPEG,RGB,1.0,False,33a4f60e257cee6f474dba86ad3a5b3b,ebc8d42dea3c8998,6,52
/kaggle/input/datasets/jessicamercya/satria-data-2026/BDC2026-20260708T012259Z-3-001 - Copy/BDC2026/train/1_Electronic/pcb_163.jpg,Electronic,150,150,JPEG,RGB,1.0,False,f6ae23db20a064662339d2ed44c4dccd,ea68d08b979696b2,7,23
/kaggle/input/datasets/jessicamercya/satria-data-2026/BDC2026-20260708T012259Z-3-001 - Copy/BDC2026/train/1_Electronic/64.blog-cover---sampah-elektronik-mePxVxZBVqSo795r.png,Electronic,3072,1728,PNG,P,1.7777777777777777,False,429347a8d44dba38d61a4c642398df95,bc4832b66ccc5b8d,0,0
/kaggle/input/datasets/jessicamercya/satria-data-2026/BDC2026-20260708T012259Z-3-001 - Copy/BDC2026/train/1_Electronic/65.AdobeStock_216134815_428fd902f4247199467725e7eccf1673.jpeg,Electronic,735,414,JPEG,RGB,1.7753623188405796,False,53e965208800f375a337eca2463dd040,fa9691cb4c947193,0,0
/kaggle/input/datasets/jessicamercya/satria-data-2026/BDC2026-20260708T012259Z-3-001 - Copy/BDC2026/train/1_Electronic/Mobile_196.jpg,Electronic,150,150,JPEG,RGB,1.0,False,59aabb00181f74998c59ef2f93c576e2,fd11c4369be8d823,1,9
/kaggle/input/datasets/jessicamercya/satria-data-2026/BDC2026-20260708T012259Z-3-001 - Copy/BDC2026/train/1_Electronic/Keyboard_163.jpg,Electronic,150,150,JPEG,RGB,1.0,False,180dc41a323277e0dfb0561af84381c4,bf9780dfc1314970,2,13
/kaggle/input/datasets/jessicamercya/satria-data-2026/BDC2026-20260708T012259Z-3-001 - Copy/BDC2026/train/1_Electronic/Printer_180.jpg,Electronic,150,150,JPEG,RGB,1.0,False,aa50b6f7a1f668076e29c1a90efb4f58,f043963dc31f94b1,6,11
/kaggle/input/datasets/jessicamercya/satria-data-2026/BDC2026-20260708T012259Z-3-001 - Copy/BDC2026/train/1_Electronic/20.elektronik-yang-dibawa-warga-oku-saat-demo-di-kantor-pln-baturaja-karena-sering-padam-listrik_169.jpeg,Electronic,200,113,JPEG,RGB,1.7699115044247788,False,e620b61fe0c4792f9dafca630fa05294,cc338c0d33dbe871,2,40
/kaggle/input/datasets/jessicamercya/satria-data-2026/BDC2026-20260708T012259Z-3-001 - Copy/BDC2026/train/1_Electronic/Microwave_34.jpg,Electronic,150,150,JPEG,RGB,1.0,False,97c0f18ca9985098c304ed1c7f2df4e6,feb4c0e83a32b48d,8,1
/kaggle/input/datasets/jessicamercya/satria-data-2026/BDC2026-20260708T012259Z-3-001 - Copy/BDC2026/train/1_Electronic/24.e03d2a5d-cfb4-4d27-9c0a-32ae7778e7f4.jpg,Electronic,1280,720,JPEG,RGB,1.7777777777777777,False,c157db3b6d50a9299a0e48314505e250,d76160a72694d597,0,0
/kaggle/input/datasets/jessicamercya/satria-data-2026/BDC2026-20260708T012259Z-3-001 - Copy/BDC2026/train/1_Electronic/Mouse_170.jpg,Electronic,150,150,JPEG,RGB,1.0,False,88f92bbdfda2623f03e85139acdef189,ead4c46a8f61b88b,5,26
/kaggle/input/datasets/jessicamercya/satria-data-2026/BDC2026-20260708T012259Z-3-001 - Copy/BDC2026/train/1_Electronic/battery_97.jpg,Electronic,150,150,JPEG,RGB,1.0,False,61e5b5fa88e342c1f3d48c05fa429f29,ea6a9591323e49cb,14,24
/kaggle/input/datasets/jessicamercya/satria-data-2026/BDC2026-20260708T012259Z-3-001 - Copy/BDC2026/train/1_Electronic/Television_222.jpg,Electronic,150,150,JPEG,RGB,1.0,False,f68fa36b1032d8a3fe3662b3eefd3c41,c4331eb43dc6694e,4,10
/kaggle/input/datasets/jessicamercya/satria-data-2026/BDC2026-20260708T012259Z-3-001 - Copy/BDC2026/train/1_Electronic/Washing_Machine_189.jpg,Electronic,150,150,JPEG,RGB,1.0,False,1f10b58edb24b373c5a312f1b591c1dd,fa92b0369699c16d,3,27
/kaggle/input/datasets/jessicamercya/satria-data-2026/BDC2026-20260708T012259Z-3-001 - Copy/BDC2026/train/1_Electronic/Keyboard_9.jpg,Electronic,150,150,JPEG,RGB,1.0,False,adec6a6d84071e6bcc4a62279f067c39,e6e4dc0d9627521b,2,5
/kaggle/input/datasets/jessicamercya/satria-data-2026/BDC2026-20260708T012259Z-3-001 - Copy/BDC2026/train/1_Electronic/Mouse_142.jpg,Electronic,150,150,JPEG,RGB,1.0,False,861c61786e94b59688cff989d24e0b7c,eac8b70fd838c721,5,3
/kaggle/input/datasets/jessicamercya/satria-data-2026/BDC2026-20260708T012259Z-3-001 - Copy/BDC2026/train/1_Electronic/Microwave_84.jpg,Electronic,150,150,JPEG,RGB,1.0,False,f0e96d62b6250c1dbdde46ff45a536b0,eb46b53a4a2f2ac1,8,1
/kaggle/input/datasets/jessicamercya/satria-data-2026/BDC2026-20260708T012259Z-3-001 - Copy/BDC2026/train/1_Electronic/Mouse_269.jpg,Electronic,150,150,JPEG,RGB,1.0,False,57984d9f54e8c07a0a3bdc902cdd4257,c9d724ccf2739944,5,3
/kaggle/input/datasets/jessicamercya/satria-data-2026/BDC2026-20260708T012259Z-3-001 - Copy/BDC2026/train/1_Electronic/Television_178.jpg,Electronic,150,150,JPEG,RGB,1.0,False,332115ceff62ac22e9ae48aecead5d0b,c0a8b801ff85ffc4,4,15
/kaggle/input/datasets/jessicamercya/satria-data-2026/BDC2026-20260708T012259Z-3-001 - Copy/BDC2026/train/1_Electronic/Television_176.jpg,Electronic,150,150,JPEG,RGB,1.0,False,0c934682f0c6664e788d61ef4b573632,ff9f8230389ec168,4,12
/kaggle/input/datasets/jessicamercya/satria-data-2026/BDC2026-20260708T012259Z-3-001 - Copy/BDC2026/train/1_Electronic/Microwave_162.jpg,Electronic,150,150,JPEG,RGB,1.0,False,5eb8db42c37e3349fafcc596840646e0,8b41f468f43c7837,8,1
/kaggle/input/datasets/jessicamercya/satria-data-2026/BDC2026-20260708T012259Z-3-001 - Copy/BDC2026/train/1_Electronic/Television_6.jpg,Electronic,150,150,JPEG,RGB,1.0,False,7b3081c512aa92b731777287df3d59c5,aac09462953f9d1f,4,10
/kaggle/input/datasets/jessicamercya/satria-data-2026/BDC2026-20260708T012259Z-3-001 - Copy/BDC2026/train/1_Electronic/Mouse_71.jpg,Electronic,150,150,JPEG,RGB,1.0,False,b48ae44d8bc39ffd9de679d038700d67,ef96c1681e1f60f0,5,26
/kaggle/input/datasets/jessicamercya/satria-data-2026/BDC2026-20260708T012259Z-3-001 - Copy/BDC2026/train/1_Electronic/Copy of IMG_20200328_221604.jpg,Electronic,8000,6000,JPEG,RGB,1.3333333333333333,False,1d606662df73ecfdc6b6f2d55a1c40f1,ce2190de90b7f499,11,47
/kaggle/input/datasets/jessicamercya/satria-data-2026/BDC2026-20260708T012259Z-3-001 - Copy/BDC2026/train/1_Electronic/758.jpg,Electronic,2340,4160,JPEG,RGB,0.5625,False,fd592b10caf430f57580e472333e1c9c,e2bc0dcb9ed46883,5,29
/kaggle/input/datasets/jessicamercya/satria-data-2026/BDC2026-20260708T012259Z-3-001 - Copy/BDC2026/train/1_Electronic/Microwave_260.jpg,Electronic,150,150,JPEG,RGB,1.0,False,a0b1b2911517c8b1455b34240e678b6d,b69ac985c985699b,8,20
/kaggle/input/datasets/jessicamercya/satria-data-2026/BDC2026-20260708T012259Z-3-001 - Copy/BDC2026/train/1_Electronic/Mobile_185.jpg,Electronic,150,150,JPEG,RGB,1.0,False,65e92456772a39c6149ed3fd544561ba,fd044a3e812f437e,2,25
/kaggle/input/datasets/jessicamercya/satria-data-2026/BDC2026-20260708T012259Z-3-001 - Copy/BDC2026/train/1_Electronic/Television_43.jpg,Electronic,150,150,JPEG,RGB,1.0,False,7bde8538fe8279172d69fde090383127,f3c33c16b61c092f,4,15
/kaggle/input/datasets/jessicamercya/satria-data-2026/BDC2026-20260708T012259Z-3-001 - Copy/BDC2026/train/1_Electronic/Microwave_2.jpg,Electronic,150,150,JPEG,RGB,1.0,False,865484ad5a7cd717513b6cfaa2f287af,9e0cc9c173d3f432,8,20
/kaggle/input/datasets/jessicamercya/satria-data-2026/BDC2026-20260708T012259Z-3-001 - Copy/BDC2026/train/1_Electronic/pcb_155.jpg,Electronic,150,150,JPEG,RGB,1.0,False,9bb4526acea25014d4a706c034811291,e16d9e209e1ea876,7,18
/kaggle/input/datasets/jessicamercya/satria-data-2026/BDC2026-20260708T012259Z-3-001 - Copy/BDC2026/train/1_Electronic/606.jpeg,Electronic,4000,3000,JPEG,RGB,1.3333333333333333,False,3b1d70522c647b669bdfec401baefe9d,f87a97c23e807f80,11,47
/kaggle/input/datasets/jessicamercya/satria-data-2026/BDC2026-20260708T012259Z-3-001 - Copy/BDC2026/train/1_Electronic/Washing_Machine_188.jpg,Electronic,150,150,JPEG,RGB,1.0,False,b8d664b5e216fec5ef3421b1f1aac25d,b6f0cbcb3430c363,3,8
/kaggle/input/datasets/jessicamercya/satria-data-2026/BDC2026-20260708T012259Z-3-001 - Copy/BDC2026/train/1_Electronic/pcb_96.jpg,Electronic,150,150,JPEG,RGB,1.0,False,64bb58f8d053f8ffa22fcc5e46be19a3,ae1a7325cad84765,7,7
/kaggle/input/datasets/jessicamercya/satria-data-2026/BDC2026-20260708T012259Z-3-001 - Copy/BDC2026/train/1_Electronic/Washing_Machine_52.jpg,Electronic,150,150,JPEG,RGB,1.0,False,044b8f7bd2767a36596ad4d6361df15e,b4cf92ce929692c6,2,32
/kaggle/input/datasets/jessicamercya/satria-data-2026/BDC2026-20260708T012259Z-3-001 - Copy/BDC2026/train/1_Electronic/pcb_281.jpg,Electronic,150,150,JPEG,RGB,1.0,False,c6f464439d5a3fd3a9b2c97506c6006f,9a08b569cd3eca33,7,18
/kaggle/input/datasets/jessicamercya/satria-data-2026/BDC2026-20260708T012259Z-3-001 - Copy/BDC2026/train/1_Electronic/8.Lapak-lapak-sekitar-3117968952.jpg,Electronic,1200,613,WEBP,RGB,1.9575856443719413,False,cfef0291f64c21bec2d54a6e81f1d9af,a568c4b0bfa38d27,0,22
/kaggle/input/datasets/jessicamercya/satria-data-2026/BDC2026-20260708T012259Z-3-001 - Copy/BDC2026/train/1_Electronic/Mouse_243.jpg,Electronic,150,150,JPEG,RGB,1.0,False,7c5424f77607f65732c4d6f72c96975d,d5966e7b152d1294,5,36
/kaggle/input/datasets/jessicamercya/satria-data-2026/BDC2026-20260708T012259Z-3-001 - Copy/BDC2026/train/1_Electronic/Player_182.jpg,Electronic,150,150,JPEG,RGB,1.0,False,3fb29ce1fe1cec076bbb0bd06309c615,aaf0d50f4aca3770,9,45
/kaggle/input/datasets/jessicamercya/satria-data-2026/BDC2026-20260708T012259Z-3-001 - Copy/BDC2026/train/1_Electronic/7.discarded-outdated-crt-cathode-ray-tube-tv-sets-to-be-recycled-are-stacked-at-a-yard-in-zhuzhou-city-central-chinas-hunan-province-26-august-2013-W931E7.jpg,Electronic,1300,955,JPEG,RGB,1.361256544502618,False,166d3cb337b0b8db616787459004a7fa,c3ed379308c26e39,0,0
/kaggle/input/datasets/jessicamercya/satria-data-2026/BDC2026-20260708T012259Z-3-001 - Copy/BDC2026/train/1_Electronic/battery_58.jpg,Electronic,150,150,JPEG,RGB,1.0,False,7816f83c8d46a55e9d3147fcb7e07ebc,e93996c693c67039,13,19
/kaggle/input/datasets/jessicamercya/satria-data-2026/BDC2026-20260708T012259Z-3-001 - Copy/BDC2026/train/1_Electronic/pcb_187.jpg,Electronic,150,150,JPEG,RGB,1.0,False,4162cd65de515a319c1d5752a5dccc54,d9f686e2846996a9,7,18
/kaggle/input/datasets/jessicamercya/satria-data-2026/BDC2026-20260708T012259Z-3-001 - Copy/BDC2026/train/1_Electronic/73.motherboard-scrap-1512975832-3511682.jpg,Electronic,300,150,JPEG,RGB,2.0,False,7262257edb86331c589ee93e9ebfc037,faf1e44063536785,7,23
/kaggle/input/datasets/jessicamercya/satria-data-2026/BDC2026-20260708T012259Z-3-001 - Copy/BDC2026/train/1_Electronic/547.jpeg,Electronic,640,1280,JPEG,RGB,0.5,False,13620a3698590686b5235c9ab9c87f9e,c03f71c32cf033cb,1,4
/kaggle/input/datasets/jessicamercya/satria-data-2026/BDC2026-20260708T012259Z-3-001 - Copy/BDC2026/train/1_Electronic/Microwave_102.jpg,Electronic,150,150,JPEG,RGB,1.0,False,a0c61d15785fe3fa1e1a77e02e9be9e0,f42a8b5564ab3b62,8,1
/kaggle/input/datasets/jessicamercya/satria-data-2026/BDC2026-20260708T012259Z-3-001 - Copy/BDC2026/train/1_Electronic/WhatsApp Image 2020-11-01 at 1.20.37 PM.jpeg,Electronic,720,1280,JPEG,RGB,0.5625,False,a118b11897b3fc186f7a1fd421a0c6b1,a38358dc6ea57233,15,46
/kaggle/input/datasets/jessicamercya/satria-data-2026/BDC2026-20260708T012259Z-3-001 - Copy/BDC2026/train/1_Electronic/Television_76.jpg,Electronic,150,150,JPEG,RGB,1.0,False,ca872efb0f23aa675e64ead5a9d101e5,81806ec37ecf704f,4,12
/kaggle/input/datasets/jessicamercya/satria-data-2026/BDC2026-20260708T012259Z-3-001 - Copy/BDC2026/train/1_Electronic/Microwave_67.jpg,Electronic,150,150,JPEG,RGB,1.0,False,094565bcfa9687a5dfb34d4cddc39688,ff8386ad9c9ab028,8,20
/kaggle/input/datasets/jessicamercya/satria-data-2026/BDC2026-20260708T012259Z-3-001 - Copy/BDC2026/train/1_Electronic/battery_131.jpg,Electronic,150,150,JPEG,RGB,1.0,False,f6cc96cb515e9fee098f393429f111cd,e44c93b49d1bb8b1,13,19
/kaggle/input/datasets/jessicamercya/satria-data-2026/BDC2026-20260708T012259Z-3-001 - Copy/BDC2026/train/1_Electronic/Television_55.jpg,Electronic,150,150,JPEG,RGB,1.0,False,2e427836217c2ef21d8367778028bc70,cd0132768379cfa9,4,12
/kaggle/input/datasets/jessicamercya/satria-data-2026/BDC2026-20260708T012259Z-3-001 - Copy/BDC2026/train/1_Electronic/322.jpeg,Electronic,1152,864,JPEG,RGB,1.3333333333333333,False,768487841bc3f1fdf9ca4d35b958b81d,fcea96c38895e318,11,41
/kaggle/input/datasets/jessicamercya/satria-data-2026/BDC2026-20260708T012259Z-3-001 - Copy/BDC2026/train/1_Electronic/Mobile_234.jpg,Electronic,150,150,JPEG,RGB,1.0,False,299721d991792fc8fb24ada1aeebfe12,fa9e9b1b183310b3,1,9
/kaggle/input/datasets/jessicamercya/satria-data-2026/BDC2026-20260708T012259Z-3-001 - Copy/BDC2026/train/1_Electronic/Television_136.jpg,Electronic,150,150,JPEG,RGB,1.0,False,baad4d40c66a533e1f30e4ce54c8c673,f8f887c58287d0c7,4,15
/kaggle/input/datasets/jessicamercya/satria-data-2026/BDC2026-20260708T012259Z-3-001 - Copy/BDC2026/train/1_Electronic/battery_73.jpg,Electronic,150,150,JPEG,RGB,1.0,False,8028ccf6bdb50df98dac58ac9b45b3a0,aa68d1953e68ca97,14,24
/kaggle/input/datasets/jessicamercya/satria-data-2026/BDC2026-20260708T012259Z-3-001 - Copy/BDC2026/train/1_Electronic/Printer_104.jpg,Electronic,150,150,JPEG,RGB,1.0,False,33197e2579730248fa8bcc62b05c211a,9068688b9a9f9797,6,6
/kaggle/input/datasets/jessicamercya/satria-data-2026/BDC2026-20260708T012259Z-3-001 - Copy/BDC2026/train/1_Electronic/Player_32.jpg,Electronic,150,150,JPEG,RGB,1.0,False,d16a97c35d252d64e186f32e0724c801,94c5faea2d9ec411,9,50
/kaggle/input/datasets/jessicamercya/satria-data-2026/BDC2026-20260708T012259Z-3-001 - Copy/BDC2026/train/1_Electronic/246.jpg,Electronic,4160,2340,JPEG,RGB,1.7777777777777777,False,fb316531f921c15e33334b72c56c4f2d,fa28957f95c02327,10,2
/kaggle/input/datasets/jessicamercya/satria-data-2026/BDC2026-20260708T012259Z-3-001 - Copy/BDC2026/train/1_Electronic/Keyboard_53.jpg,Electronic,150,150,JPEG,RGB,1.0,False,7cc1516dd52d48cce6373ac943003c1d,839a34614ecedd3c,2,40
/kaggle/input/datasets/jessicamercya/satria-data-2026/BDC2026-20260708T012259Z-3-001 - Copy/BDC2026/train/1_Electronic/632.jpeg,Electronic,1152,864,JPEG,RGB,1.3333333333333333,False,2aff5d45f366f9c8fe57ff5ab1cd4774,fec180ea9521957b,11,41
/kaggle/input/datasets/jessicamercya/satria-data-2026/BDC2026-20260708T012259Z-3-001 - Copy/BDC2026/train/1_Electronic/18.1-1-17.jpg,Electronic,2000,1333,JPEG,RGB,1.5003750937734435,False,ccbef72d857c00c4f8093ecb6556538d,92a6646753bb99c4,0,22
/kaggle/input/datasets/jessicamercya/satria-data-2026/BDC2026-20260708T012259Z-3-001 - Copy/BDC2026/train/1_Electronic/Television_107.jpg,Electronic,150,150,JPEG,RGB,1.0,False,5191ef172926815f7b11b6d3c25d6a13,ef8ce035e323c3c8,11,41
/kaggle/input/datasets/jessicamercya/satria-data-2026/BDC2026-20260708T012259Z-3-001 - Copy/BDC2026/train/1_Electronic/470.jpeg,Electronic,864,1152,JPEG,RGB,0.75,False,54713c9b65ddfc0880f26dc2094724ec,b636c1c93ccdc934,1,55
/kaggle/input/datasets/jessicamercya/satria-data-2026/BDC2026-20260708T012259Z-3-001 - Copy/BDC2026/train/1_Electronic/Mouse_231.jpg,Electronic,150,150,JPEG,RGB,1.0,False,9c9ebfb1a22cb9c7f602f3612048683d,fe95c0729bc2b10e,5,3
/kaggle/input/datasets/jessicamercya/satria-data-2026/BDC2026-20260708T012259Z-3-001 - Copy/BDC2026/train/1_Electronic/IMG_20200329_142535.jpg,Electronic,4608,3456,JPEG,RGB,1.3333333333333333,False,a5904f45e1c5fc1782e58fbec6a3e36b,957ac0ea752d2297,10,2
/kaggle/input/datasets/jessicamercya/satria-data-2026/BDC2026-20260708T012259Z-3-001 - Copy/BDC2026/train/1_Electronic/Printer_48.jpg,Electronic,150,150,JPEG,RGB,1.0,False,a480b24a34cf3cae108282764bae08d8,ce9b776c2056a11b,6,52
/kaggle/input/datasets/jessicamercya/satria-data-2026/BDC2026-20260708T012259Z-3-001 - Copy/BDC2026/train/1_Electronic/Printer_226.jpg,Electronic,150,150,JPEG,RGB,1.0,False,f579a5522c4807b334be9969ca5767fb,af94da23643bc6c2,6,11
/kaggle/input/datasets/jessicamercya/satria-data-2026/BDC2026-20260708T012259Z-3-001 - Copy/BDC2026/train/1_Electronic/abc.jpg,Electronic,4000,3000,JPEG,RGB,1.3333333333333333,False,bf66571e96a14d6f082e4ca23f017ef3,fd61c0b68d9a165c,10,2
/kaggle/input/datasets/jessicamercya/satria-data-2026/BDC2026-20260708T012259Z-3-001 - Copy/BDC2026/train/1_Electronic/78.pile-of-ewaste.jpg,Electronic,4032,3024,JPEG,RGB,1.3333333333333333,False,51ec230248015b54588dcb36e3cd0277,c53ac69078c3be8d,0,0
/kaggle/input/datasets/jessicamercya/satria-data-2026/BDC2026-20260708T012259Z-3-001 - Copy/BDC2026/train/1_Electronic/Television_51.jpg,Electronic,150,150,JPEG,RGB,1.0,False,2f0bd56cc5e7c355b5921eb0586cae8f,c8e9a3c8de32313b,4,12
/kaggle/input/datasets/jessicamercya/satria-data-2026/BDC2026-20260708T012259Z-3-001 - Copy/BDC2026/train/1_Electronic/Copy of IMG_20200328_132151.jpg,Electronic,4608,3456,JPEG,RGB,1.3333333333333333,False,7b0208177b5a404287482abb7e4da044,bfc4c1dcc7d4c184,10,2
/kaggle/input/datasets/jessicamercya/satria-data-2026/BDC2026-20260708T012259Z-3-001 - Copy/BDC2026/train/1_Electronic/5.scrap-yard-electronic-waste-for-recycling-with-selective-focus-electronic-aluminium-waste-2BWXNJG.jpg,Electronic,1300,956,JPEG,RGB,1.3598326359832635,False,7bd46f926dd27f5969b660ccf8c82245,a6a45dd1639a6ec1,0,14
/kaggle/input/datasets/jessicamercya/satria-data-2026/BDC2026-20260708T012259Z-3-001 - Copy/BDC2026/train/1_Electronic/Player_192.jpg,Electronic,150,150,JPEG,RGB,1.0,False,c11349a1f3d60d5b2b4d4cff4246ce2e,aa0db995957a8535,9,17
/kaggle/input/datasets/jessicamercya/satria-data-2026/BDC2026-20260708T012259Z-3-001 - Copy/BDC2026/train/1_Electronic/810.jpeg,Electronic,864,1152,JPEG,RGB,0.75,False,98a1cd14a8a6b9dae1bf86889ad62ac4,e89c9cc3c3d8871e,5,29
/kaggle/input/datasets/jessicamercya/satria-data-2026/BDC2026-20260708T012259Z-3-001 - Copy/BDC2026/train/1_Electronic/Mobile_210.jpg,Electronic,150,150,JPEG,RGB,1.0,False,3e6a0c82721085c442e4e23dab6fdbb4,e23ac76f19f46031,1,16
/kaggle/input/datasets/jessicamercya/satria-data-2026/BDC2026-20260708T012259Z-3-001 - Copy/BDC2026/train/1_Electronic/Microwave_108.jpg,Electronic,150,150,JPEG,RGB,1.0,False,028de689828cad34c5133586d01cf28c,a6d9bfa1c9c1d085,8,1
/kaggle/input/datasets/jessicamercya/satria-data-2026/BDC2026-20260708T012259Z-3-001 - Copy/BDC2026/train/1_Electronic/Keyboard_135.jpg,Electronic,150,150,JPEG,RGB,1.0,False,4efeffa7de93a8337b427b44e88dfb26,ebf8d40705aa63d8,2,5
/kaggle/input/datasets/jessicamercya/satria-data-2026/BDC2026-20260708T012259Z-3-001 - Copy/BDC2026/train/1_Electronic/Television_261.jpg,Electronic,150,150,JPEG,RGB,1.0,False,fd28c582def4ca4455e41c5fce629095,fd4af2cdf04884d8,4,10
/kaggle/input/datasets/jessicamercya/satria-data-2026/BDC2026-20260708T012259Z-3-001 - Copy/BDC2026/train/1_Electronic/Microwave_74.jpg,Electronic,150,150,JPEG,RGB,1.0,False,87f32759b70b6f678bf9e3d28940bf12,fb61848811fb752b,8,1
/kaggle/input/datasets/jessicamercya/satria-data-2026/BDC2026-20260708T012259Z-3-001 - Copy/BDC2026/train/1_Electronic/Microwave_65.jpg,Electronic,150,150,JPEG,RGB,1.0,False,a0c0a72f940d14699465fc9d32981ab4,b799c896c4f23362,8,1
/kaggle/input/datasets/jessicamercya/satria-data-2026/BDC2026-20260708T012259Z-3-001 - Copy/BDC2026/train/1_Electronic/Printer_89.jpg,Electronic,150,150,JPEG,RGB,1.0,False,760527f5ece2e283016c8c4abe198fca,e820855f97879697,6,6
/kaggle/input/datasets/jessicamercya/satria-data-2026/BDC2026-20260708T012259Z-3-001 - Copy/BDC2026/train/1_Electronic/Keyboard_172.jpg,Electronic,150,150,JPEG,RGB,1.0,False,bf9cd71453513464ecbdf8d3857c2ea7,81407f9f60b5cae5,2,5
/kaggle/input/datasets/jessicamercya/satria-data-2026/BDC2026-20260708T012259Z-3-001 - Copy/BDC2026/train/1_Electronic/pcb_205.jpg,Electronic,150,150,JPEG,RGB,1.0,False,56b69c816b62882dcdb868fda23539ac,adc6c3bd128fc198,7,23
/kaggle/input/datasets/jessicamercya/satria-data-2026/BDC2026-20260708T012259Z-3-001 - Copy/BDC2026/train/1_Electronic/Television_13.jpg,Electronic,150,150,JPEG,RGB,1.0,False,0592fe3f7620d5f00155b6c962a386bc,e2aadf883107fc70,4,15
/kaggle/input/datasets/jessicamercya/satria-data-2026/BDC2026-20260708T012259Z-3-001 - Copy/BDC2026/train/1_Electronic/Keyboard_33.jpg,Electronic,150,150,JPEG,RGB,1.0,False,7413b55c7d440a8c44cf1dd75a6b7cb7,be9dc460a527133d,2,5
/kaggle/input/datasets/jessicamercya/satria-data-2026/BDC2026-20260708T012259Z-3-001 - Copy/BDC2026/train/1_Electronic/Microwave_184.jpg,Electronic,150,150,JPEG,RGB,1.0,False,02b740f23b440e2b6dd71223d61de858,bd81d25e0d3537c8,8,20
/kaggle/input/datasets/jessicamercya/satria-data-2026/BDC2026-20260708T012259Z-3-001 - Copy/BDC2026/train/1_Electronic/Television_116.jpg,Electronic,150,150,JPEG,RGB,1.0,False,16e5408fc526ad37d3071095044c5198,b4a8c87ec820fdb6,11,41
/kaggle/input/datasets/jessicamercya/satria-data-2026/BDC2026-20260708T012259Z-3-001 - Copy/BDC2026/train/1_Electronic/70.vintage-televisions-various-electronic-devices-260nw-2631940469.jpg,Electronic,571,280,JPEG,RGB,2.039285714285714,False,1d5f41243f094d5be39ed2b447d3c26c,d26cf059ef18b44a,0,0
/kaggle/input/datasets/jessicamercya/satria-data-2026/BDC2026-20260708T012259Z-3-001 - Copy/BDC2026/train/1_Electronic/78.2024061916103113960497.jpg,Electronic,859,484,JPEG,RGB,1.774793388429752,False,8c8f649f5e4b0cd28aff55d3644219dd,a541cf4be41359e9,0,30
/kaggle/input/datasets/jessicamercya/satria-data-2026/BDC2026-20260708T012259Z-3-001 - Copy/BDC2026/train/1_Electronic/battery_112.jpg,Electronic,150,150,JPEG,RGB,1.0,False,3bf85080653778a7e9f296032dcb0f69,b7c0920df91ac379,13,19
/kaggle/input/datasets/jessicamercya/satria-data-2026/BDC2026-20260708T012259Z-3-001 - Copy/BDC2026/train/1_Electronic/256.jpeg,Electronic,1152,864,JPEG,RGB,1.3333333333333333,False,696f0506fddb51b76c4ba2be31935fed,ea8715786d545275,10,2
/kaggle/input/datasets/jessicamercya/satria-data-2026/BDC2026-20260708T012259Z-3-001 - Copy/BDC2026/train/1_Electronic/Mouse_203.jpg,Electronic,150,150,JPEG,RGB,1.0,False,99d24bcc80db2cc713816050fce3b445,9d93c0719ec2d965,5,3
/kaggle/input/datasets/jessicamercya/satria-data-2026/BDC2026-20260708T012259Z-3-001 - Copy/BDC2026/train/1_Electronic/Mobile_183.jpg,Electronic,150,150,JPEG,RGB,1.0,False,b3784784e5bc8860c57ea277113a21ba,bdc8ca9292e49367,1,51
/kaggle/input/datasets/jessicamercya/satria-data-2026/BDC2026-20260708T012259Z-3-001 - Copy/BDC2026/train/1_Electronic/Television_270.jpg,Electronic,150,150,JPEG,RGB,1.0,False,976a22f77458a4b5d6a5e3e66d652982,ea4ae42ab53fc1b0,4,10
/kaggle/input/datasets/jessicamercya/satria-data-2026/BDC2026-20260708T012259Z-3-001 - Copy/BDC2026/train/1_Electronic/ewaste.jpg,Electronic,860,516,JPEG,RGB,1.6666666666666667,False,b956643ae74a849968f08d6f2700d851,d987db8cc4d622d8,0,0
/kaggle/input/datasets/jessicamercya/satria-data-2026/BDC2026-20260708T012259Z-3-001 - Copy/BDC2026/train/1_Electronic/Mouse_177.jpg,Electronic,150,150,JPEG,RGB,1.0,False,59b7cfa37eac3b23d8447ae872a868a3,eb9591f0564b9469,5,3
/kaggle/input/datasets/jessicamercya/satria-data-2026/BDC2026-20260708T012259Z-3-001 - Copy/BDC2026/train/1_Electronic/battery_254.jpg,Electronic,150,150,JPEG,RGB,1.0,False,ee5aa8265e31fbb23f8f48787f4fa715,ab4ad0b52d4a7a65,2,32
/kaggle/input/datasets/jessicamercya/satria-data-2026/BDC2026-20260708T012259Z-3-001 - Copy/BDC2026/train/1_Electronic/IMG_20201101_130700.jpg,Electronic,4000,3000,JPEG,RGB,1.3333333333333333,False,8b5df5d26dacab39f7ef626b1267476b,ac239b6b9b289b4a,15,59
/kaggle/input/datasets/jessicamercya/satria-data-2026/BDC2026-20260708T012259Z-3-001 - Copy/BDC2026/train/1_Electronic/15.huge-heap-old-broken-computer-monitors-electronics-recycle-e-waste-recycling-becomes-challenge-toxic-rubbish-dump-huge-367445442.jpg,Electronic,800,623,JPEG,RGB,1.2841091492776886,False,4b7af54e56c0ebca2485a1b17662f152,c1e6c1cc297c7137,0,14
/kaggle/input/datasets/jessicamercya/satria-data-2026/BDC2026-20260708T012259Z-3-001 - Copy/BDC2026/train/1_Electronic/Microwave_178.jpg,Electronic,150,150,JPEG,RGB,1.0,False,f47dae802d2c4a76149aae71f1398bd8,bfc0c23fe9e1e0c0,8,1
/kaggle/input/datasets/jessicamercya/satria-data-2026/BDC2026-20260708T012259Z-3-001 - Copy/BDC2026/train/1_Electronic/Player_4.jpg,Electronic,150,150,JPEG,RGB,1.0,False,fe6d7eaa75790689f23ed435b9115c01,b825c1cac6979778,9,45
/kaggle/input/datasets/jessicamercya/satria-data-2026/BDC2026-20260708T012259Z-3-001 - Copy/BDC2026/train/1_Electronic/Printer_28.jpg,Electronic,150,150,JPEG,RGB,1.0,False,c2e0e4495d192aa90c4e2519edf23054,ef1a80e55f3821c7,6,11
/kaggle/input/datasets/jessicamercya/satria-data-2026/BDC2026-20260708T012259Z-3-001 - Copy/BDC2026/train/1_Electronic/Printer_266.jpg,Electronic,150,150,JPEG,RGB,1.0,False,f55b59170b8cac8906b01fbdb4ff092f,ee4bc09d971c9a70,6,52
/kaggle/input/datasets/jessicamercya/satria-data-2026/BDC2026-20260708T012259Z-3-001 - Copy/BDC2026/train/1_Electronic/2.metrotech_computer_repair_clearwater_old_computer-1.jpg,Electronic,1920,1080,JPEG,RGB,1.7777777777777777,False,c71423b56fde712dc6e5c2f1f94ae6c9,c7890bb5d3227578,0,0
/kaggle/input/datasets/jessicamercya/satria-data-2026/BDC2026-20260708T012259Z-3-001 - Copy/BDC2026/train/1_Electronic/15.Mengidentifikasi-Masalah-Laptop-Melalui-Gambar-Laptop-Rusak-dan-Solusi-Praktis.png,Electronic,1024,683,PNG,RGB,1.499267935578331,False,73c47aa7879e41d08a064cda0cbda4e8,857d68ca97608f99,0,43
/kaggle/input/datasets/jessicamercya/satria-data-2026/BDC2026-20260708T012259Z-3-001 - Copy/BDC2026/train/1_Electronic/629(1).jpeg,Electronic,1152,864,JPEG,RGB,1.3333333333333333,False,09b5d247dc32a36fa837d77ec9710346,f09d8778546b9ca2,11,41
/kaggle/input/datasets/jessicamercya/satria-data-2026/BDC2026-20260708T012259Z-3-001 - Copy/BDC2026/train/1_Electronic/527.jpeg,Electronic,864,1152,JPEG,RGB,0.75,False,8ef0ad56e26f71c3ce67ba17d5b3d292,b6c3c1adc536a236,1,4
/kaggle/input/datasets/jessicamercya/satria-data-2026/BDC2026-20260708T012259Z-3-001 - Copy/BDC2026/train/1_Electronic/Mouse_20.jpg,Electronic,150,150,JPEG,RGB,1.0,False,523f7259cc8bf7bf384d1ce6a00450e5,e5a69e5098a366ae,5,29
/kaggle/input/datasets/jessicamercya/satria-data-2026/BDC2026-20260708T012259Z-3-001 - Copy/BDC2026/train/1_Electronic/Microwave_5.jpg,Electronic,150,150,JPEG,RGB,1.0,False,0e860e49b959d691adefd76dbe250d47,ef8780787f878330,2,32
/kaggle/input/datasets/jessicamercya/satria-data-2026/BDC2026-20260708T012259Z-3-001 - Copy/BDC2026/train/1_Electronic/IMG_20200329_201015.jpg,Electronic,4000,3000,JPEG,RGB,1.3333333333333333,False,c50e44eb8034466f407287837de97662,81c41af2ee61fc65,1,4
/kaggle/input/datasets/jessicamercya/satria-data-2026/BDC2026-20260708T012259Z-3-001 - Copy/BDC2026/train/1_Electronic/Washing_Machine_241.jpg,Electronic,150,150,JPEG,RGB,1.0,False,e93bf0f0c23a6c699a4c3aa5fc2275ea,e5658e9a3938b632,3,8
/kaggle/input/datasets/jessicamercya/satria-data-2026/BDC2026-20260708T012259Z-3-001 - Copy/BDC2026/train/1_Electronic/pcb_62.jpg,Electronic,150,150,JPEG,RGB,1.0,False,f61716c6381851d5c5ae99f786b4a1d8,fb36849f90c0978d,7,23
/kaggle/input/datasets/jessicamercya/satria-data-2026/BDC2026-20260708T012259Z-3-001 - Copy/BDC2026/train/1_Electronic/Mouse_163.jpg,Electronic,150,150,JPEG,RGB,1.0,False,d705b032afa0f2d2a7c2a1a04a28d95c,ba6ac1b72cc93a86,5,3
/kaggle/input/datasets/jessicamercya/satria-data-2026/BDC2026-20260708T012259Z-3-001 - Copy/BDC2026/train/1_Electronic/Television_56.jpg,Electronic,150,150,JPEG,RGB,1.0,False,878fee1d4f56e4e7603baa8b8cf797e0,e6e6ac939359190d,2,40
/kaggle/input/datasets/jessicamercya/satria-data-2026/BDC2026-20260708T012259Z-3-001 - Copy/BDC2026/train/1_Electronic/pcb_116.jpg,Electronic,150,150,JPEG,RGB,1.0,False,c18e5a517e004a993673a508fdb89f38,a63d3b37082ed325,7,7
/kaggle/input/datasets/jessicamercya/satria-data-2026/BDC2026-20260708T012259Z-3-001 - Copy/BDC2026/train/1_Electronic/Keyboard_173.jpg,Electronic,150,150,JPEG,RGB,1.0,False,cb26ba21807246ea83495e817abce93c,af1fc0e1946bd294,2,5
/kaggle/input/datasets/jessicamercya/satria-data-2026/BDC2026-20260708T012259Z-3-001 - Copy/BDC2026/train/1_Electronic/Mobile_221.jpg,Electronic,150,150,JPEG,RGB,1.0,False,bc3cb67d9c96946c9109a7ea224eb425,b298ca63683e67c9,1,9
/kaggle/input/datasets/jessicamercya/satria-data-2026/BDC2026-20260708T012259Z-3-001 - Copy/BDC2026/train/1_Electronic/Player_200.jpg,Electronic,150,150,JPEG,RGB,1.0,False,1cdcc7d22865dec892773ceb3f2e5254,ead0857ad50d7a31,9,17
/kaggle/input/datasets/jessicamercya/satria-data-2026/BDC2026-20260708T012259Z-3-001 - Copy/BDC2026/train/1_Electronic/pcb_128.jpg,Electronic,150,150,JPEG,RGB,1.0,False,f439517c8ccefd0d5068ca3b947c3058,976395436d9a7348,7,7
/kaggle/input/datasets/jessicamercya/satria-data-2026/BDC2026-20260708T012259Z-3-001 - Copy/BDC2026/train/1_Electronic/Washing_Machine_109.jpg,Electronic,150,150,JPEG,RGB,1.0,False,9fe024f0243d35d3ab1fa13ed401a424,aad46bdcd143d642,3,33
/kaggle/input/datasets/jessicamercya/satria-data-2026/BDC2026-20260708T012259Z-3-001 - Copy/BDC2026/train/1_Electronic/Player_113.jpg,Electronic,150,150,JPEG,RGB,1.0,False,539dbbd924a2328de13e208d2e672ff3,eac9c795f40c3235,9,17
/kaggle/input/datasets/jessicamercya/satria-data-2026/BDC2026-20260708T012259Z-3-001 - Copy/BDC2026/train/1_Electronic/Mouse_149.jpg,Electronic,150,150,JPEG,RGB,1.0,False,a6a37aa810d14f67aa0469350976c533,9a9d6f3a4c67212c,5,3
/kaggle/input/datasets/jessicamercya/satria-data-2026/BDC2026-20260708T012259Z-3-001 - Copy/BDC2026/train/1_Electronic/Mobile_141.jpg,Electronic,150,150,JPEG,RGB,1.0,False,13e5cba04be9b91b0beec396fc51f5d0,9d5192da49ed6964,1,9
/kaggle/input/datasets/jessicamercya/satria-data-2026/BDC2026-20260708T012259Z-3-001 - Copy/BDC2026/train/1_Electronic/Microwave_107.jpg,Electronic,150,150,JPEG,RGB,1.0,False,1ccba18629e39fabd8aa4b73c3861d75,ba94956af883895e,8,1
/kaggle/input/datasets/jessicamercya/satria-data-2026/BDC2026-20260708T012259Z-3-001 - Copy/BDC2026/train/1_Electronic/Mobile_226.jpg,Electronic,150,150,JPEG,RGB,1.0,False,169f4c81704a37257eac92e65f36a2e6,aa2fc02bc2c72fcc,1,9
/kaggle/input/datasets/jessicamercya/satria-data-2026/BDC2026-20260708T012259Z-3-001 - Copy/BDC2026/train/1_Electronic/16.computer-motherboard-scrap-1762726979-8425857.jpg,Electronic,1203,818,JPEG,RGB,1.4706601466992666,False,b9f5905e22cbd14809b2b623a37f7c78,b7cc4c873cc9c319,0,30
/kaggle/input/datasets/jessicamercya/satria-data-2026/BDC2026-20260708T012259Z-3-001 - Copy/BDC2026/train/1_Electronic/9.obsolete-computers-and-scrap-electronics-pile-FY84PF.jpg,Electronic,1300,958,JPEG,RGB,1.3569937369519833,False,83f2795d242bf49f0f8c5922691fc2ee,c1a51ed36eac3187,0,0
/kaggle/input/datasets/jessicamercya/satria-data-2026/BDC2026-20260708T012259Z-3-001 - Copy/BDC2026/train/1_Electronic/331.jpeg,Electronic,1152,864,JPEG,RGB,1.3333333333333333,False,3bad12379cde66252996dd49bea60d95,cfcf243465cd9132,11,31
/kaggle/input/datasets/jessicamercya/satria-data-2026/BDC2026-20260708T012259Z-3-001 - Copy/BDC2026/train/1_Electronic/461.jpeg,Electronic,864,1152,JPEG,RGB,0.75,False,fd8ed39cd04a724001cd5de51c1bdd19,e9c7c6d6929e8618,1,4
/kaggle/input/datasets/jessicamercya/satria-data-2026/BDC2026-20260708T012259Z-3-001 - Copy/BDC2026/train/1_Electronic/159.jpg,Electronic,4160,2340,JPEG,RGB,1.7777777777777777,False,ddc8c89a8b597abadee2797074621d46,9d7cc09f21c59ab1,10,2
/kaggle/input/datasets/jessicamercya/satria-data-2026/BDC2026-20260708T012259Z-3-001 - Copy/BDC2026/train/1_Electronic/Mobile_195.jpg,Electronic,150,150,JPEG,RGB,1.0,False,3c6d734d7b2cc33ae35d71558fa44ddd,aaa695e4d52a726a,1,9
/kaggle/input/datasets/jessicamercya/satria-data-2026/BDC2026-20260708T012259Z-3-001 - Copy/BDC2026/train/1_Electronic/pcb_193.jpg,Electronic,150,150,JPEG,RGB,1.0,False,fdb1d94cb9b9284adbb6cf7f4877ba58,d977866ad248e354,7,18
/kaggle/input/datasets/jessicamercya/satria-data-2026/BDC2026-20260708T012259Z-3-001 - Copy/BDC2026/train/1_Electronic/Microwave_153.jpg,Electronic,150,150,JPEG,RGB,1.0,False,1be54029e9dfbeb9adc2b6ff384c9f62,b816c4c93b4c327f,8,1
/kaggle/input/datasets/jessicamercya/satria-data-2026/BDC2026-20260708T012259Z-3-001 - Copy/BDC2026/train/1_Electronic/466.jpeg,Electronic,780,1040,JPEG,RGB,0.75,False,b1dfb9ec3aba3b7de0a934b20d91bb77,f0df4f626b248934,1,4
/kaggle/input/datasets/jessicamercya/satria-data-2026/BDC2026-20260708T012259Z-3-001 - Copy/BDC2026/train/1_Electronic/Copy of IMG_20200328_134906.jpg,Electronic,4608,3456,JPEG,RGB,1.3333333333333333,False,aa513137df8ab14b7dbd9575d310e5fc,899af26ddd3a2924,1,55
/kaggle/input/datasets/jessicamercya/satria-data-2026/BDC2026-20260708T012259Z-3-001 - Copy/BDC2026/train/1_Electronic/Player_35.jpg,Electronic,150,150,JPEG,RGB,1.0,False,a0cc8b4ea3aabdcedbbc1472b5497590,abd5d50f9478d221,9,21
/kaggle/input/datasets/jessicamercya/satria-data-2026/BDC2026-20260708T012259Z-3-001 - Copy/BDC2026/train/1_Electronic/Washing_Machine_262.jpg,Electronic,150,150,JPEG,RGB,1.0,False,cbf7da7b61f433c97c7e00206637786e,fa11cec5701cd917,3,27
/kaggle/input/datasets/jessicamercya/satria-data-2026/BDC2026-20260708T012259Z-3-001 - Copy/BDC2026/train/1_Electronic/Player_213.jpg,Electronic,150,150,JPEG,RGB,1.0,False,eb2549bfd94e5d998a22541d388f91a7,bf9cc0c28463c7cb,9,17
/kaggle/input/datasets/jessicamercya/satria-data-2026/BDC2026-20260708T012259Z-3-001 - Copy/BDC2026/train/1_Electronic/Television_98.jpg,Electronic,150,150,JPEG,RGB,1.0,False,292a2ab3502fe0f0df15946e8a7e746c,842fc8807f8adbb5,11,41
/kaggle/input/datasets/jessicamercya/satria-data-2026/BDC2026-20260708T012259Z-3-001 - Copy/BDC2026/train/1_Electronic/Copy of IMG_20200328_222123.jpg,Electronic,8000,6000,JPEG,RGB,1.3333333333333333,False,1c9baf1d1c9fd867a74a6dd0ce2487d7,bb3c87d0d8d0ccc9,1,4
/kaggle/input/datasets/jessicamercya/satria-data-2026/BDC2026-20260708T012259Z-3-001 - Copy/BDC2026/train/1_Electronic/83.scrap-yard-electronic-waste-recycling-with-selective-focus-electronic-aluminium-waste_641503-141716.jpg,Electronic,626,417,JPEG,RGB,1.501199040767386,False,bcf0859ee35ce8ace29d7e65d515446b,dcd949321037bd93,0,14
/kaggle/input/datasets/jessicamercya/satria-data-2026/BDC2026-20260708T012259Z-3-001 - Copy/BDC2026/train/1_Electronic/63.electronic-waste-awaiting-recycling-pile-260nw-2383099161.jpg,Electronic,390,280,JPEG,RGB,1.3928571428571428,False,c67d5a80d940aa4b09231f9b09ff263d,d043e27cc54dde16,0,0
/kaggle/input/datasets/jessicamercya/satria-data-2026/BDC2026-20260708T012259Z-3-001 - Copy/BDC2026/train/1_Electronic/pcb_162.jpg,Electronic,150,150,JPEG,RGB,1.0,False,3e2f73dc2d99f57dca61256f1b7a8d0d,f5f5d07b6ac28025,7,23
/kaggle/input/datasets/jessicamercya/satria-data-2026/BDC2026-20260708T012259Z-3-001 - Copy/BDC2026/train/1_Electronic/Mobile_259.jpg,Electronic,150,150,JPEG,RGB,1.0,False,d73bdfdb8a0650bed65068dcecba9437,f8cf9f00ae2f2838,1,16
/kaggle/input/datasets/jessicamercya/satria-data-2026/BDC2026-20260708T012259Z-3-001 - Copy/BDC2026/train/1_Electronic/pcb_286.jpg,Electronic,150,150,JPEG,RGB,1.0,False,428503f74700239a1d8ebb56d8d7d2bc,bf94dadb94c2c2c0,7,18
/kaggle/input/datasets/jessicamercya/satria-data-2026/BDC2026-20260708T012259Z-3-001 - Copy/BDC2026/train/1_Electronic/Television_147.jpg,Electronic,150,150,JPEG,RGB,1.0,False,c7bfacc4da4fd3de99660c18e4197042,edc71618dbe92c24,4,15
/kaggle/input/datasets/jessicamercya/satria-data-2026/BDC2026-20260708T012259Z-3-001 - Copy/BDC2026/train/1_Electronic/Washing_Machine_216.jpg,Electronic,150,150,JPEG,RGB,1.0,False,ce3e47beef80442591d2e00aab4ee2dc,e4968ecc2993b399,3,8
/kaggle/input/datasets/jessicamercya/satria-data-2026/BDC2026-20260708T012259Z-3-001 - Copy/BDC2026/train/1_Electronic/17.tv-1024x732.jpg,Electronic,1024,732,JPEG,RGB,1.3989071038251366,False,8317629a13ba158822f5aee3e26cc1b1,fe7d6041e6c29705,0,22
/kaggle/input/datasets/jessicamercya/satria-data-2026/BDC2026-20260708T012259Z-3-001 - Copy/BDC2026/train/1_Electronic/Keyboard_267.jpg,Electronic,150,150,JPEG,RGB,1.0,False,94149a669472145de88844671c3d1051,af68cb90adb9d304,2,5
/kaggle/input/datasets/jessicamercya/satria-data-2026/BDC2026-20260708T012259Z-3-001 - Copy/BDC2026/train/1_Electronic/Keyboard_159.jpg,Electronic,150,150,JPEG,RGB,1.0,False,acfc965a9682a3cc7d5e86bd525f4af4,e562616ab1f48baa,2,13
/kaggle/input/datasets/jessicamercya/satria-data-2026/BDC2026-20260708T012259Z-3-001 - Copy/BDC2026/train/1_Electronic/780.jpeg,Electronic,1280,720,JPEG,RGB,1.7777777777777777,False,5096bcbb58cdcf9218f5eb16f3b6b138,91263631cecd2b3b,5,29
/kaggle/input/datasets/jessicamercya/satria-data-2026/BDC2026-20260708T012259Z-3-001 - Copy/BDC2026/train/1_Electronic/Washing_Machine_141.jpg,Electronic,150,150,JPEG,RGB,1.0,False,6ae1f4278e9fa5fdd5a586bb7f8b8115,aaf18fcb3434d0d2,3,27
/kaggle/input/datasets/jessicamercya/satria-data-2026/BDC2026-20260708T012259Z-3-001 - Copy/BDC2026/train/1_Electronic/Microwave_272.jpg,Electronic,150,150,JPEG,RGB,1.0,False,efdc2045984a969583ad9be8566530c9,9588c031afcebeb1,8,20
/kaggle/input/datasets/jessicamercya/satria-data-2026/BDC2026-20260708T012259Z-3-001 - Copy/BDC2026/train/1_Electronic/Washing_Machine_273.jpg,Electronic,150,150,JPEG,RGB,1.0,False,f2e7d0db3fffbc1d23b1ddd2114afd9b,b231cece313ac5e1,3,8
/kaggle/input/datasets/jessicamercya/satria-data-2026/BDC2026-20260708T012259Z-3-001 - Copy/BDC2026/train/1_Electronic/Television_273.jpg,Electronic,150,150,JPEG,RGB,1.0,False,fc2040d9400561f6468c182298a28e4d,bf2bc0d4b4b3c0d4,4,12
/kaggle/input/datasets/jessicamercya/satria-data-2026/BDC2026-20260708T012259Z-3-001 - Copy/BDC2026/train/1_Electronic/pcb_78.jpg,Electronic,150,150,JPEG,RGB,1.0,False,b5e7892182625591635f3ab4b3f4ac38,af3e86789172816e,7,18
/kaggle/input/datasets/jessicamercya/satria-data-2026/BDC2026-20260708T012259Z-3-001 - Copy/BDC2026/train/1_Electronic/Microwave_176.jpg,Electronic,150,150,JPEG,RGB,1.0,False,0ef1778ee867581c0b2d9379fbc4a337,b4c2c9a5ad7a3ec0,8,1
/kaggle/input/datasets/jessicamercya/satria-data-2026/BDC2026-20260708T012259Z-3-001 - Copy/BDC2026/train/1_Electronic/241.jpeg,Electronic,1280,640,JPEG,RGB,2.0,False,5d32acb941fa29f14d2aaa0710bb115e,c86ed6402bfb391a,10,2
/kaggle/input/datasets/jessicamercya/satria-data-2026/BDC2026-20260708T012259Z-3-001 - Copy/BDC2026/train/1_Electronic/Washing_Machine_149.jpg,Electronic,150,150,JPEG,RGB,1.0,False,62a198f935ad870e73b693fc05f87b98,b1ea0f6730c94b6c,3,28
/kaggle/input/datasets/jessicamercya/satria-data-2026/BDC2026-20260708T012259Z-3-001 - Copy/BDC2026/train/1_Electronic/WhatsApp Image 2020-11-01 at 1.23.14 PM.jpeg,Electronic,1280,720,JPEG,RGB,1.7777777777777777,False,7fbbaa86c41d7f96d6a6fabaccae9fd1,b3988c7626cbd19c,15,46
/kaggle/input/datasets/jessicamercya/satria-data-2026/BDC2026-20260708T012259Z-3-001 - Copy/BDC2026/train/1_Electronic/battery_96.jpg,Electronic,150,150,JPEG,RGB,1.0,False,b79b61771d519a0a8f35057d0ad03654,b332cc27dc25cc9a,13,19
/kaggle/input/datasets/jessicamercya/satria-data-2026/BDC2026-20260708T012259Z-3-001 - Copy/BDC2026/train/1_Electronic/Washing_Machine_180.jpg,Electronic,150,150,JPEG,RGB,1.0,False,94c4ed7a1abfc6fdbb2dfbf2893e92aa,e465cfcd2c9892b2,3,27
/kaggle/input/datasets/jessicamercya/satria-data-2026/BDC2026-20260708T012259Z-3-001 - Copy/BDC2026/train/1_Electronic/Keyboard_248.jpg,Electronic,150,150,JPEG,RGB,1.0,False,2296b5455859555696b35e29538915c7,c6d1add6658a9649,2,13
/kaggle/input/datasets/jessicamercya/satria-data-2026/BDC2026-20260708T012259Z-3-001 - Copy/BDC2026/train/1_Electronic/Mobile_209.jpg,Electronic,150,150,JPEG,RGB,1.0,False,5d1bd2497726a7484267475d379952ec,e5259a9a23641eee,1,16
/kaggle/input/datasets/jessicamercya/satria-data-2026/BDC2026-20260708T012259Z-3-001 - Copy/BDC2026/train/1_Electronic/2.P_SR10-0419-June-Blog-Header_Why-Do-I-Pay.jpg,Electronic,1000,667,JPEG,RGB,1.4992503748125936,False,a6f4c2d78660e26a82d7ce17aa2a7ec6,89bcf1ce83966c31,0,14
/kaggle/input/datasets/jessicamercya/satria-data-2026/BDC2026-20260708T012259Z-3-001 - Copy/BDC2026/train/1_Electronic/14.04_amid-the_junk.jpg,Electronic,1000,667,JPEG,RGB,1.4992503748125936,False,77a081ef9e26a23a361e04eb30f815c6,d6faef9981846892,0,22
/kaggle/input/datasets/jessicamercya/satria-data-2026/BDC2026-20260708T012259Z-3-001 - Copy/BDC2026/train/1_Electronic/Television_269.jpg,Electronic,150,150,JPEG,RGB,1.0,False,51cbcb14c187d34e5b13505e24ed2b72,a996d3c206683cfb,4,12
/kaggle/input/datasets/jessicamercya/satria-data-2026/BDC2026-20260708T012259Z-3-001 - Copy/BDC2026/train/1_Electronic/Mouse_191.jpg,Electronic,150,150,JPEG,RGB,1.0,False,244f688fbbc8ea8a5c7972e35961ead7,fe60b8cee1319196,5,3
/kaggle/input/datasets/jessicamercya/satria-data-2026/BDC2026-20260708T012259Z-3-001 - Copy/BDC2026/train/1_Electronic/Printer_237.jpg,Electronic,150,150,JPEG,RGB,1.0,False,2efa9b73a2af5342d1ef8eece4699fb4,f5d75b88684d62c2,6,42
/kaggle/input/datasets/jessicamercya/satria-data-2026/BDC2026-20260708T012259Z-3-001 - Copy/BDC2026/train/1_Electronic/17.pandangan-sudut-tinggi-tumpukan-sirkuit-komputer-yang-rusak_1620918-146.jpg,Electronic,626,352,JPEG,RGB,1.7784090909090908,False,0326f730051df4e01ea2da972e4ce156,da0c524d592d3d6e,0,34
/kaggle/input/datasets/jessicamercya/satria-data-2026/BDC2026-20260708T012259Z-3-001 - Copy/BDC2026/train/1_Electronic/Microwave_125.jpg,Electronic,150,150,JPEG,RGB,1.0,False,fe95161bc2a32d924c2ea6d0bb032592,cad62cb1a44ed15e,8,1
/kaggle/input/datasets/jessicamercya/satria-data-2026/BDC2026-20260708T012259Z-3-001 - Copy/BDC2026/train/1_Electronic/Player_211.jpg,Electronic,150,150,JPEG,RGB,1.0,False,4d3627fd2895f283381e7bc3d69f8af6,da91c53d687ac239,9,17
/kaggle/input/datasets/jessicamercya/satria-data-2026/BDC2026-20260708T012259Z-3-001 - Copy/BDC2026/train/1_Electronic/17.Fines-Zorba-product-after-STEINERT-EddyC.jpg,Electronic,900,600,JPEG,RGB,1.5,False,57f33e88fd5cce7e2e2c5c8e79a02907,d1ae709b2ad59a54,0,22
/kaggle/input/datasets/jessicamercya/satria-data-2026/BDC2026-20260708T012259Z-3-001 - Copy/BDC2026/train/1_Electronic/173.jpg,Electronic,4160,2340,JPEG,RGB,1.7777777777777777,False,45644487e4dbf5b636f611322545ee1a,bc508fdc4225d47b,10,2
/kaggle/input/datasets/jessicamercya/satria-data-2026/BDC2026-20260708T012259Z-3-001 - Copy/BDC2026/train/1_Electronic/uytr.jpeg,Electronic,249,160,JPEG,RGB,1.55625,False,a842b41960a55ae260840a05ed6f619e,953d4790a8b5837e,0,30
/kaggle/input/datasets/jessicamercya/satria-data-2026/BDC2026-20260708T012259Z-3-001 - Copy/BDC2026/train/1_Electronic/Microwave_96.jpg,Electronic,150,150,JPEG,RGB,1.0,False,3b8b5385235ddaa676da3416de1ae626,bcc7c13c27713c91,8,1
/kaggle/input/datasets/jessicamercya/satria-data-2026/BDC2026-20260708T012259Z-3-001 - Copy/BDC2026/train/1_Electronic/Keyboard_77.jpg,Electronic,150,150,JPEG,RGB,1.0,False,06f2ffeb7b92300ef0972ae223f9a73a,c5f03a27c55a2ea5,2,13
/kaggle/input/datasets/jessicamercya/satria-data-2026/BDC2026-20260708T012259Z-3-001 - Copy/BDC2026/train/1_Electronic/Keyboard_25.jpg,Electronic,150,150,JPEG,RGB,1.0,False,64b128fc5cc0cbbec913de45667af870,bfe0c197604a70e7,2,5
/kaggle/input/datasets/jessicamercya/satria-data-2026/BDC2026-20260708T012259Z-3-001 - Copy/BDC2026/train/1_Electronic/battery_79.jpg,Electronic,150,150,JPEG,RGB,1.0,False,2dcb81660436d61444bcee009be2634c,fac29835e54c53c6,14,24
/kaggle/input/datasets/jessicamercya/satria-data-2026/BDC2026-20260708T012259Z-3-001 - Copy/BDC2026/train/1_Electronic/Microwave_98.jpg,Electronic,150,150,JPEG,RGB,1.0,False,a6c70694c71a56321e17b2a6a00ca469,86f6f8c1815b9b83,2,40
/kaggle/input/datasets/jessicamercya/satria-data-2026/BDC2026-20260708T012259Z-3-001 - Copy/BDC2026/train/1_Electronic/battery_132.jpg,Electronic,150,150,JPEG,RGB,1.0,False,65150bf7e20f799269de374dde8d395d,b461cb868b9ace99,12,37
/kaggle/input/datasets/jessicamercya/satria-data-2026/BDC2026-20260708T012259Z-3-001 - Copy/BDC2026/train/1_Electronic/5.13fb751d92cfb92b3bdb837f7058dc99_t.jpeg,Electronic,454,340,JPEG,RGB,1.3352941176470587,False,c04fd2622fe020adcfb2a1dd1fd00a27,967ec9c2adc2e40d,11,47
/kaggle/input/datasets/jessicamercya/satria-data-2026/BDC2026-20260708T012259Z-3-001 - Copy/BDC2026/train/1_Electronic/battery_122.jpg,Electronic,150,150,JPEG,RGB,1.0,False,01446f6b25256634e78b4233054cf3f5,af0f851f0f12170f,13,19
/kaggle/input/datasets/jessicamercya/satria-data-2026/BDC2026-20260708T012259Z-3-001 - Copy/BDC2026/train/1_Electronic/Washing_Machine_82.jpg,Electronic,150,150,JPEG,RGB,1.0,False,d604a521f2e913433ce07f32c6f99abf,ef61909c436a9ce5,3,8
/kaggle/input/datasets/jessicamercya/satria-data-2026/BDC2026-20260708T012259Z-3-001 - Copy/BDC2026/train/1_Electronic/pcb_197.jpg,Electronic,150,150,JPEG,RGB,1.0,False,13fc00f27ae9d4ebd403bd5db3e2e7c6,c59c3bd190cb682f,7,23
/kaggle/input/datasets/jessicamercya/satria-data-2026/BDC2026-20260708T012259Z-3-001 - Copy/BDC2026/train/1_Electronic/12.e-waste-dump.jpg,Electronic,584,382,JPEG,RGB,1.5287958115183247,False,4ff41d523009ce6c22f474bb0cfb11a8,d02df23ac5542b5d,0,22
/kaggle/input/datasets/jessicamercya/satria-data-2026/BDC2026-20260708T012259Z-3-001 - Copy/BDC2026/train/1_Electronic/Printer_103.jpg,Electronic,150,150,JPEG,RGB,1.0,False,a3cd2f62c759542ce32b4493c5cd41d9,faa5855acb2d1a83,6,11
/kaggle/input/datasets/jessicamercya/satria-data-2026/BDC2026-20260708T012259Z-3-001 - Copy/BDC2026/train/1_Electronic/Microwave_14.jpg,Electronic,150,150,JPEG,RGB,1.0,False,891120861743ab73ab66372297b0c132,ff958042353f4ae2,8,1
/kaggle/input/datasets/jessicamercya/satria-data-2026/BDC2026-20260708T012259Z-3-001 - Copy/BDC2026/train/1_Electronic/Copy of IMG_20200328_221706.jpg,Electronic,8000,6000,JPEG,RGB,1.3333333333333333,False,7a72763359ec85d345932b2f5d542be9,aa7adf806f99c228,11,47
/kaggle/input/datasets/jessicamercya/satria-data-2026/BDC2026-20260708T012259Z-3-001 - Copy/BDC2026/train/1_Electronic/5.shutterstock_2521558043.jpg,Electronic,1000,667,JPEG,RGB,1.4992503748125936,False,f621440341f2a0394c22e66e9636e55f,e19197eed4c4aa8a,0,0
/kaggle/input/datasets/jessicamercya/satria-data-2026/BDC2026-20260708T012259Z-3-001 - Copy/BDC2026/train/1_Electronic/Washing_Machine_103.jpg,Electronic,150,150,JPEG,RGB,1.0,False,9c904b27b0e2de0830a5e1104d167c01,e936cec8303393d9,3,8
/kaggle/input/datasets/jessicamercya/satria-data-2026/BDC2026-20260708T012259Z-3-001 - Copy/BDC2026/train/1_Electronic/Mobile_95.jpg,Electronic,150,150,JPEG,RGB,1.0,False,41558424cdd9f7b8bc220be1ccef86c3,f820c6bb4fa53193,2,40
/kaggle/input/datasets/jessicamercya/satria-data-2026/BDC2026-20260708T012259Z-3-001 - Copy/BDC2026/train/1_Electronic/Washing_Machine_255.jpg,Electronic,150,150,JPEG,RGB,1.0,False,0c6ed3b1394a44f8381d211ea104dff1,ebc2cc6e3039c137,3,27
/kaggle/input/datasets/jessicamercya/satria-data-2026/BDC2026-20260708T012259Z-3-001 - Copy/BDC2026/train/1_Electronic/Printer_245.jpg,Electronic,150,150,JPEG,RGB,1.0,False,edf4a5533fefc93c10871b3d0290f0b2,fa20e07e1f85903f,6,52
/kaggle/input/datasets/jessicamercya/satria-data-2026/BDC2026-20260708T012259Z-3-001 - Copy/BDC2026/train/1_Electronic/battery_277.jpg,Electronic,150,150,JPEG,RGB,1.0,False,c1f14c734f3d9b10c73e9dec5b8c841b,ea35d4eb85427b03,12,37
/kaggle/input/datasets/jessicamercya/satria-data-2026/BDC2026-20260708T012259Z-3-001 - Copy/BDC2026/train/1_Electronic/Player_278.jpg,Electronic,150,150,JPEG,RGB,1.0,False,44e67f2293a017c456ba187fc6ae81cd,fa9ac16d852396d4,9,21
/kaggle/input/datasets/jessicamercya/satria-data-2026/BDC2026-20260708T012259Z-3-001 - Copy/BDC2026/train/1_Electronic/Printer_17.jpg,Electronic,150,150,JPEG,RGB,1.0,False,591446d3b833184d33954e1fe3bf7a7a,e9698fcb257030d3,6,53
/kaggle/input/datasets/jessicamercya/satria-data-2026/BDC2026-20260708T012259Z-3-001 - Copy/BDC2026/train/1_Electronic/472.jpeg,Electronic,864,1152,JPEG,RGB,0.75,False,38729823f26634f0c8aa40868c8d1f53,a8d5aa558a75aa55,1,4
/kaggle/input/datasets/jessicamercya/satria-data-2026/BDC2026-20260708T012259Z-3-001 - Copy/BDC2026/train/1_Electronic/531.jpeg,Electronic,1152,864,JPEG,RGB,1.3333333333333333,False,413748060cb74ee976066ad6f7f33abe,aa95957a857a8571,1,4
/kaggle/input/datasets/jessicamercya/satria-data-2026/BDC2026-20260708T012259Z-3-001 - Copy/BDC2026/train/1_Electronic/Player_233.jpg,Electronic,150,150,JPEG,RGB,1.0,False,adf46b83839ff7a05617d3036a9e9c5c,fe85805ac36a9769,9,21
/kaggle/input/datasets/jessicamercya/satria-data-2026/BDC2026-20260708T012259Z-3-001 - Copy/BDC2026/train/1_Electronic/Mobile_188.jpg,Electronic,150,150,JPEG,RGB,1.0,False,13e76ae88a8d700cc3856faef7a70b8e,f6b1489d2723ce89,2,25
/kaggle/input/datasets/jessicamercya/satria-data-2026/BDC2026-20260708T012259Z-3-001 - Copy/BDC2026/train/1_Electronic/Washing_Machine_107.jpg,Electronic,150,150,JPEG,RGB,1.0,False,84077851a27048059be0ed12d93774f8,c6b419db27641e63,3,8
/kaggle/input/datasets/jessicamercya/satria-data-2026/BDC2026-20260708T012259Z-3-001 - Copy/BDC2026/train/1_Electronic/Television_19.jpg,Electronic,150,150,JPEG,RGB,1.0,False,2c04496db5d8dcf351b134a454320927,ef0fd63151b62898,4,12
/kaggle/input/datasets/jessicamercya/satria-data-2026/BDC2026-20260708T012259Z-3-001 - Copy/BDC2026/train/1_Electronic/Printer_134.jpg,Electronic,150,150,JPEG,RGB,1.0,False,16ac63be7c732f43645ef529fd348c54,d4116a3a6d366d36,6,6
/kaggle/input/datasets/jessicamercya/satria-data-2026/BDC2026-20260708T012259Z-3-001 - Copy/BDC2026/train/1_Electronic/Washing_Machine_163.jpg,Electronic,150,150,JPEG,RGB,1.0,False,17f258b6c0784a50d0357eb442eab5af,e0fa95056af48f43,3,8
/kaggle/input/datasets/jessicamercya/satria-data-2026/BDC2026-20260708T012259Z-3-001 - Copy/BDC2026/train/1_Electronic/Washing_Machine_293.jpg,Electronic,150,150,JPEG,RGB,1.0,False,9418103a8f8f4646be3e0682a82d6110,ae686f2dad85c0d2,3,35
/kaggle/input/datasets/jessicamercya/satria-data-2026/BDC2026-20260708T012259Z-3-001 - Copy/BDC2026/train/1_Electronic/pcb_126.jpg,Electronic,150,150,JPEG,RGB,1.0,False,867c09f86d5a3b9427753508114dcb5c,950d7256e469d963,7,18
/kaggle/input/datasets/jessicamercya/satria-data-2026/BDC2026-20260708T012259Z-3-001 - Copy/BDC2026/train/1_Electronic/Printer_250.jpg,Electronic,150,150,JPEG,RGB,1.0,False,f0ef277a0511cd114bea5c63dcdea5eb,fad0852fc4689b27,6,6
/kaggle/input/datasets/jessicamercya/satria-data-2026/BDC2026-20260708T012259Z-3-001 - Copy/BDC2026/train/1_Electronic/Keyboard_81.jpg,Electronic,150,150,JPEG,RGB,1.0,False,00cc03f82ecae546641dc7af68181656,c01ff036c13d0f76,2,13
/kaggle/input/datasets/jessicamercya/satria-data-2026/BDC2026-20260708T012259Z-3-001 - Copy/BDC2026/train/1_Electronic/IMG_20200328_131615.jpg,Electronic,4000,2250,JPEG,RGB,1.7777777777777777,False,e4bc92121257828898826e53ef84b4ae,e3ea989a2b9f6428,1,4
/kaggle/input/datasets/jessicamercya/satria-data-2026/BDC2026-20260708T012259Z-3-001 - Copy/BDC2026/train/1_Electronic/Copy of IMG_20200328_134903.jpg,Electronic,4608,3456,JPEG,RGB,1.3333333333333333,False,923ffe3a5d08f3cf9f1b7fbd3caa9b00,92999aad959d3585,1,55
/kaggle/input/datasets/jessicamercya/satria-data-2026/BDC2026-20260708T012259Z-3-001 - Copy/BDC2026/train/1_Electronic/IMG-20200329-WA0075.jpg,Electronic,1280,720,JPEG,RGB,1.7777777777777777,False,9995d8dfedbc433b0baecb640d813f2b,adfac5a5c0727603,5,29
/kaggle/input/datasets/jessicamercya/satria-data-2026/BDC2026-20260708T012259Z-3-001 - Copy/BDC2026/train/1_Electronic/Microwave_257.jpg,Electronic,150,150,JPEG,RGB,1.0,False,30fad963a2091f054365a5552486052d,da52edeca4a53512,8,1
/kaggle/input/datasets/jessicamercya/satria-data-2026/BDC2026-20260708T012259Z-3-001 - Copy/BDC2026/train/1_Electronic/Washing_Machine_291.jpg,Electronic,150,150,JPEG,RGB,1.0,False,8e693211efafe3c118327c83d897032a,e1717089cf9686b6,3,35
/kaggle/input/datasets/jessicamercya/satria-data-2026/BDC2026-20260708T012259Z-3-001 - Copy/BDC2026/train/1_Electronic/Keyboard_251.jpg,Electronic,150,150,JPEG,RGB,1.0,False,66554c421e02825ba95a21f15ee0b962,ea1d8dc4f05ed229,2,5
/kaggle/input/datasets/jessicamercya/satria-data-2026/BDC2026-20260708T012259Z-3-001 - Copy/BDC2026/train/1_Electronic/Washing_Machine_195.jpg,Electronic,150,150,JPEG,RGB,1.0,False,76f4c9badfd45528802dc438b2dfd1e5,e360cdc93a64c793,3,8
/kaggle/input/datasets/jessicamercya/satria-data-2026/BDC2026-20260708T012259Z-3-001 - Copy/BDC2026/train/1_Electronic/Television_175.jpg,Electronic,150,150,JPEG,RGB,1.0,False,8fd4462f831dff464e22894fcdd8e532,e2618e94679cb527,4,10
/kaggle/input/datasets/jessicamercya/satria-data-2026/BDC2026-20260708T012259Z-3-001 - Copy/BDC2026/train/1_Electronic/Washing_Machine_132.jpg,Electronic,150,150,JPEG,RGB,1.0,False,1a8e8c9d1631ceaeddccc837d5bcd14b,b83c86a68ec36dc9,3,8
/kaggle/input/datasets/jessicamercya/satria-data-2026/BDC2026-20260708T012259Z-3-001 - Copy/BDC2026/train/1_Electronic/Washing_Machine_156.jpg,Electronic,150,150,JPEG,RGB,1.0,False,77a0c4c518b714dcd0fbe8d6c78b2137,e4989b6566cf6530,3,27
/kaggle/input/datasets/jessicamercya/satria-data-2026/BDC2026-20260708T012259Z-3-001 - Copy/BDC2026/train/1_Electronic/Player_112.jpg,Electronic,150,150,JPEG,RGB,1.0,False,efa736e15bd85dffacc49f4dedbd379b,bbd0a50eda61f087,9,17
/kaggle/input/datasets/jessicamercya/satria-data-2026/BDC2026-20260708T012259Z-3-001 - Copy/BDC2026/train/1_Electronic/Mouse_248.jpg,Electronic,150,150,JPEG,RGB,1.0,False,2148d14a3b7839b9db776bb369b6e7f4,ffe0840f930f1c39,5,36
/kaggle/input/datasets/jessicamercya/satria-data-2026/BDC2026-20260708T012259Z-3-001 - Copy/BDC2026/train/1_Electronic/Microwave_83.jpg,Electronic,150,150,JPEG,RGB,1.0,False,b1480cf4658628787912681d43289640,fd3e83358a4b3630,8,20
/kaggle/input/datasets/jessicamercya/satria-data-2026/BDC2026-20260708T012259Z-3-001 - Copy/BDC2026/train/1_Electronic/Television_29.jpg,Electronic,150,150,JPEG,RGB,1.0,False,28b0ac8e6e5121148cb394941ebb1128,fcdc2221c8cec3cd,4,15
/kaggle/input/datasets/jessicamercya/satria-data-2026/BDC2026-20260708T012259Z-3-001 - Copy/BDC2026/train/1_Electronic/battery_7.jpg,Electronic,150,150,JPEG,RGB,1.0,False,21dccb6050fbd4cbf88652dcaf977b14,e93096cf67b2984a,14,24
/kaggle/input/datasets/jessicamercya/satria-data-2026/BDC2026-20260708T012259Z-3-001 - Copy/BDC2026/train/1_Electronic/323.jpeg,Electronic,1152,864,JPEG,RGB,1.3333333333333333,False,d1684083567888ce88348b55dd883901,b42dcdd35cc681cc,11,41
/kaggle/input/datasets/jessicamercya/satria-data-2026/BDC2026-20260708T012259Z-3-001 - Copy/BDC2026/train/1_Electronic/13.destruction-smartphones-ilustrated_23-2151500024.jpg,Electronic,358,626,JPEG,RGB,0.5718849840255591,False,e15819c09df6f49c7221727dc2eea715,ba9994b6c15ac366,1,9
/kaggle/input/datasets/jessicamercya/satria-data-2026/BDC2026-20260708T012259Z-3-001 - Copy/BDC2026/train/1_Electronic/Television_142.jpg,Electronic,150,150,JPEG,RGB,1.0,False,64be5a3a764b60e2c57f5ad4623f911f,c0ad1fd21b9f41d2,4,12
/kaggle/input/datasets/jessicamercya/satria-data-2026/BDC2026-20260708T012259Z-3-001 - Copy/BDC2026/train/1_Electronic/460.jpeg,Electronic,1040,780,JPEG,RGB,1.3333333333333333,False,f4279fe21d0662231d3f033ab776371d,e957967080f025df,1,4
/kaggle/input/datasets/jessicamercya/satria-data-2026/BDC2026-20260708T012259Z-3-001 - Copy/BDC2026/train/1_Electronic/1.P_SR09-0319-March-2019_Truth-About-Waste_Final.jpg,Electronic,1000,667,JPEG,RGB,1.4992503748125936,False,a9d160c65cb8769751549e18c3335edf,a9a8a5ed14f4d1d4,0,22
/kaggle/input/datasets/jessicamercya/satria-data-2026/BDC2026-20260708T012259Z-3-001 - Copy/BDC2026/train/1_Electronic/battery_99.jpg,Electronic,150,150,JPEG,RGB,1.0,False,af7849065e110bf5505800827ffef041,b637c3d9ac51a4c8,13,19
/kaggle/input/datasets/jessicamercya/satria-data-2026/BDC2026-20260708T012259Z-3-001 - Copy/BDC2026/train/1_Electronic/24.abandoned-broken-1970s-television-in-junkyard-in-arizona-junkyard-2GG2N9T.jpg,Electronic,1300,956,JPEG,RGB,1.3598326359832635,False,22a0cd9ca164bd07ea9611c6ce60173d,fab541da45e348e1,0,39
/kaggle/input/datasets/jessicamercya/satria-data-2026/BDC2026-20260708T012259Z-3-001 - Copy/BDC2026/train/1_Electronic/Mouse_205.jpg,Electronic,150,150,JPEG,RGB,1.0,False,1698bc3081f48672def7f449f56ee496,ea95c966b94c9269,5,3
/kaggle/input/datasets/jessicamercya/satria-data-2026/BDC2026-20260708T012259Z-3-001 - Copy/BDC2026/train/1_Electronic/190.jpeg,Electronic,1280,960,JPEG,RGB,1.3333333333333333,False,385a08fe7f28e53f7c36e6d3a74392b0,ea02950fc58fd595,10,2
/kaggle/input/datasets/jessicamercya/satria-data-2026/BDC2026-20260708T012259Z-3-001 - Copy/BDC2026/train/1_Electronic/Keyboard_288.jpg,Electronic,150,150,JPEG,RGB,1.0,False,51e2f29c5debf9f8e1bfdfed790ce694,bb4ed0b00f33384f,2,5
/kaggle/input/datasets/jessicamercya/satria-data-2026/BDC2026-20260708T012259Z-3-001 - Copy/BDC2026/train/1_Electronic/Television_65.jpg,Electronic,150,150,JPEG,RGB,1.0,False,b15e2ea9db02c133173ced47c073abab,837e04d13f928cdb,4,15
/kaggle/input/datasets/jessicamercya/satria-data-2026/BDC2026-20260708T012259Z-3-001 - Copy/BDC2026/train/1_Electronic/pcb_132.jpg,Electronic,150,150,JPEG,RGB,1.0,False,9347e27e736676514956aa0895710b52,c0da3fc551c7522b,7,18
/kaggle/input/datasets/jessicamercya/satria-data-2026/BDC2026-20260708T012259Z-3-001 - Copy/BDC2026/train/1_Electronic/WhatsApp Image 2020-11-01 at 1.22.22 PM.jpeg,Electronic,1280,720,JPEG,RGB,1.7777777777777777,False,fbd2089b753647bf2c62c953a43305a3,d5b5696822971d1d,15,46
/kaggle/input/datasets/jessicamercya/satria-data-2026/BDC2026-20260708T012259Z-3-001 - Copy/BDC2026/train/1_Electronic/Television_77.jpg,Electronic,150,150,JPEG,RGB,1.0,False,057a0a6048dedb0555c7e47340d4d1fa,bb9f90ba8de0c584,4,15
/kaggle/input/datasets/jessicamercya/satria-data-2026/BDC2026-20260708T012259Z-3-001 - Copy/BDC2026/train/1_Electronic/Mouse_32.jpg,Electronic,150,150,JPEG,RGB,1.0,False,867bd54d653bd8dfcf47de220b061c10,cc44ee3f07b11ab4,5,3
/kaggle/input/datasets/jessicamercya/satria-data-2026/BDC2026-20260708T012259Z-3-001 - Copy/BDC2026/train/1_Electronic/Washing_Machine_281.jpg,Electronic,150,150,JPEG,RGB,1.0,False,19fcc56882c3527c6602820a75da15fc,950a787878d56ac7,3,33
/kaggle/input/datasets/jessicamercya/satria-data-2026/BDC2026-20260708T012259Z-3-001 - Copy/BDC2026/train/1_Electronic/70.secreen-repair.jpg,Electronic,1024,768,JPEG,RGB,1.3333333333333333,False,d95ba17cbc5e7285cfb5a319e33a2247,bd3c946cd23c3c23,0,58
/kaggle/input/datasets/jessicamercya/satria-data-2026/BDC2026-20260708T012259Z-3-001 - Copy/BDC2026/train/1_Electronic/Microwave_20.jpg,Electronic,150,150,JPEG,RGB,1.0,False,466e9b306e0ecca268d7374c137576d2,fa81853ec24b3eb4,8,1
/kaggle/input/datasets/jessicamercya/satria-data-2026/BDC2026-20260708T012259Z-3-001 - Copy/BDC2026/train/1_Electronic/360_F_293956024_kBwWKtf43tkvJKQgaJWSkqmmH9ZuLY3v.jpg,Electronic,540,360,JPEG,RGB,1.5,False,1f998d565b6198816a9f10ab02fb60a3,f898876687b17839,4,49
/kaggle/input/datasets/jessicamercya/satria-data-2026/BDC2026-20260708T012259Z-3-001 - Copy/BDC2026/train/1_Electronic/Mouse_200.jpg,Electronic,150,150,JPEG,RGB,1.0,False,490b4982fbe3e0acdd00a7d83b2e0a4e,ec3ed349cf60308e,5,36
/kaggle/input/datasets/jessicamercya/satria-data-2026/BDC2026-20260708T012259Z-3-001 - Copy/BDC2026/train/1_Electronic/635.jpeg,Electronic,1152,864,JPEG,RGB,1.3333333333333333,False,486b9c1e6e781777707e21fb1d83fabc,efcfc0c881a399b2,11,41
/kaggle/input/datasets/jessicamercya/satria-data-2026/BDC2026-20260708T012259Z-3-001 - Copy/BDC2026/train/1_Electronic/Microwave_38.jpg,Electronic,150,150,JPEG,RGB,1.0,False,f98fb248312970b651e410fefa6d5808,87a9780269a6dbb3,8,20
/kaggle/input/datasets/jessicamercya/satria-data-2026/BDC2026-20260708T012259Z-3-001 - Copy/BDC2026/train/1_Electronic/Keyboard_86.jpg,Electronic,150,150,JPEG,RGB,1.0,False,fb4599ba1ab871d9c66a280f1673cbc4,ff6f801216892fd4,2,40
/kaggle/input/datasets/jessicamercya/satria-data-2026/BDC2026-20260708T012259Z-3-001 - Copy/BDC2026/train/1_Electronic/18.television-and-radio-scrap-buyers.jpg,Electronic,450,380,JPEG,RGB,1.1842105263157894,False,d55df21dfccf54d8d7d44555397ec192,b31b1c54591ce2ee,0,0
/kaggle/input/datasets/jessicamercya/satria-data-2026/BDC2026-20260708T012259Z-3-001 - Copy/BDC2026/train/1_Electronic/Player_24.jpg,Electronic,150,150,JPEG,RGB,1.0,False,baccad4f2c747eb08cd5a54f3e4a1838,edb2934ccec94926,9,21
/kaggle/input/datasets/jessicamercya/satria-data-2026/BDC2026-20260708T012259Z-3-001 - Copy/BDC2026/train/1_Electronic/6.552958fa6ea8343c718b4567.jpeg,Electronic,275,183,JPEG,RGB,1.5027322404371584,False,d7f1c911a654dbb074b6e167dc9043ae,8669b69c4bb70f12,0,22
/kaggle/input/datasets/jessicamercya/satria-data-2026/BDC2026-20260708T012259Z-3-001 - Copy/BDC2026/train/1_Electronic/171.jpg,Electronic,4160,2340,JPEG,RGB,1.7777777777777777,False,ff41c75bab2fc47985f74bfd6b54f6bf,b442cba8874bd58f,10,56
/kaggle/input/datasets/jessicamercya/satria-data-2026/BDC2026-20260708T012259Z-3-001 - Copy/BDC2026/train/1_Electronic/Washing_Machine_64.jpg,Electronic,150,150,JPEG,RGB,1.0,False,110bba1c71c07824e4e3f752fc0bd01f,bf943fc585c8c06a,3,33
/kaggle/input/datasets/jessicamercya/satria-data-2026/BDC2026-20260708T012259Z-3-001 - Copy/BDC2026/train/1_Electronic/Keyboard_43.jpg,Electronic,150,150,JPEG,RGB,1.0,False,58f9ca5288afdd73268b36fc0922cc4f,ff40913f7f10644a,11,57
/kaggle/input/datasets/jessicamercya/satria-data-2026/BDC2026-20260708T012259Z-3-001 - Copy/BDC2026/train/1_Electronic/Mobile_191.jpg,Electronic,150,150,JPEG,RGB,1.0,False,444cdfc3b611aa0afb8b94b669e1f817,bd166a31c96c65d8,1,9
/kaggle/input/datasets/jessicamercya/satria-data-2026/BDC2026-20260708T012259Z-3-001 - Copy/BDC2026/train/1_Electronic/battery_103.jpg,Electronic,150,150,JPEG,RGB,1.0,False,8aee148a98052c6ce0173c5d0d2cdfee,b34ccc94ce52cb33,13,19
/kaggle/input/datasets/jessicamercya/satria-data-2026/BDC2026-20260708T012259Z-3-001 - Copy/BDC2026/train/1_Electronic/Mobile_277.jpg,Electronic,150,150,JPEG,RGB,1.0,False,db591e0d2ddc935b55057a8bf6ae9f23,f93491c966370733,1,16
/kaggle/input/datasets/jessicamercya/satria-data-2026/BDC2026-20260708T012259Z-3-001 - Copy/BDC2026/train/1_Electronic/Washing_Machine_56.jpg,Electronic,150,150,JPEG,RGB,1.0,False,aa085039f55051682aebe44bbc991cce,f235cf8d7030c762,3,8
/kaggle/input/datasets/jessicamercya/satria-data-2026/BDC2026-20260708T012259Z-3-001 - Copy/BDC2026/train/1_Electronic/Microwave_151.jpg,Electronic,150,150,JPEG,RGB,1.0,False,c27a822da4713f7a4bd1f1e70f388095,e1ed98cb9c84c8b3,8,20
/kaggle/input/datasets/jessicamercya/satria-data-2026/BDC2026-20260708T012259Z-3-001 - Copy/BDC2026/train/1_Electronic/Copy of IMG_20200328_214955.jpg,Electronic,8000,6000,JPEG,RGB,1.3333333333333333,False,3b47a016b55540b74377ab429325d52c,956ad1c52382df69,11,31
/kaggle/input/datasets/jessicamercya/satria-data-2026/BDC2026-20260708T012259Z-3-001 - Copy/BDC2026/train/1_Electronic/Mobile_123.jpg,Electronic,150,150,JPEG,RGB,1.0,False,27992c704365a0366dfd22f72d080f3c,828f9c603a9b6dcd,1,16
/kaggle/input/datasets/jessicamercya/satria-data-2026/BDC2026-20260708T012259Z-3-001 - Copy/BDC2026/train/1_Electronic/183.jpeg,Electronic,720,1280,JPEG,RGB,0.5625,False,332e637c472fc8a55f019c62498789a9,fb3e8384c1626d2e,10,2
/kaggle/input/datasets/jessicamercya/satria-data-2026/BDC2026-20260708T012259Z-3-001 - Copy/BDC2026/train/1_Electronic/Copy of IMG_20200328_135435.jpg,Electronic,3456,4608,JPEG,RGB,0.75,False,267286de64df9cccb6468021bcfcd4aa,ffce4426c4806f2b,1,4
/kaggle/input/datasets/jessicamercya/satria-data-2026/BDC2026-20260708T012259Z-3-001 - Copy/BDC2026/train/1_Electronic/pcb_112.jpg,Electronic,150,150,JPEG,RGB,1.0,False,c548b862ee3360e56cb99722c3b3b88d,aa6d94204eb36eb3,7,7
/kaggle/input/datasets/jessicamercya/satria-data-2026/BDC2026-20260708T012259Z-3-001 - Copy/BDC2026/train/1_Electronic/Keyboard_181.jpg,Electronic,150,150,JPEG,RGB,1.0,False,805d9573284e6160b316773e8ba818c9,bdc8d8974c727605,2,13
/kaggle/input/datasets/jessicamercya/satria-data-2026/BDC2026-20260708T012259Z-3-001 - Copy/BDC2026/train/1_Electronic/ded708777c311eecc141cc1809ad9be7.jpg,Electronic,800,800,JPEG,RGB,1.0,False,bbc720ba21310ed762cc351c2ee7bdf8,fa0fdddc096270e0,0,0
/kaggle/input/datasets/jessicamercya/satria-data-2026/BDC2026-20260708T012259Z-3-001 - Copy/BDC2026/train/1_Electronic/Washing_Machine_270.jpg,Electronic,150,150,JPEG,RGB,1.0,False,f944a3d9de5a7b551242e7f93f5cbb5c,e992389cf161794e,3,8
/kaggle/input/datasets/jessicamercya/satria-data-2026/BDC2026-20260708T012259Z-3-001 - Copy/BDC2026/train/1_Electronic/battery_297.jpg,Electronic,150,150,JPEG,RGB,1.0,False,7b01ebd78d4834f3b1a45b69f337d669,bc4eda1225e509fa,14,24
/kaggle/input/datasets/jessicamercya/satria-data-2026/BDC2026-20260708T012259Z-3-001 - Copy/BDC2026/train/1_Electronic/1.integrated-circuit-scrap-2219721128-57t7mgfu.jpg,Electronic,768,1024,JPEG,RGB,0.75,False,ff0566b5dbe4b01accb3fccd75222e43,e290aa7fa71bc42a,0,14
/kaggle/input/datasets/jessicamercya/satria-data-2026/BDC2026-20260708T012259Z-3-001 - Copy/BDC2026/train/1_Electronic/Printer_27.jpg,Electronic,150,150,JPEG,RGB,1.0,False,3037e35d3987a44b24904d759d276410,f211b462c98c9d7b,6,42
/kaggle/input/datasets/jessicamercya/satria-data-2026/BDC2026-20260708T012259Z-3-001 - Copy/BDC2026/train/1_Electronic/Mobile_159.jpg,Electronic,150,150,JPEG,RGB,1.0,False,e074dd1fe447517c6b0c066eb5848362,ec78d1800eb37d6c,1,16
/kaggle/input/datasets/jessicamercya/satria-data-2026/BDC2026-20260708T012259Z-3-001 - Copy/BDC2026/train/1_Electronic/Printer_213.jpg,Electronic,150,150,JPEG,RGB,1.0,False,e3ab17e498dc228115b60441d718446b,ad2b92900f2f0f6d,6,6
/kaggle/input/datasets/jessicamercya/satria-data-2026/BDC2026-20260708T012259Z-3-001 - Copy/BDC2026/train/1_Electronic/Mouse_72.jpg,Electronic,150,150,JPEG,RGB,1.0,False,e18db49b3b48fd070b39208c7ff08ea1,e461c39c9c33cdc9,5,3
/kaggle/input/datasets/jessicamercya/satria-data-2026/BDC2026-20260708T012259Z-3-001 - Copy/BDC2026/train/1_Electronic/Player_118.jpg,Electronic,150,150,JPEG,RGB,1.0,False,b75bf42d06676c4ee1529d9521e3035d,bb3bc4d484c66e86,9,50
/kaggle/input/datasets/jessicamercya/satria-data-2026/BDC2026-20260708T012259Z-3-001 - Copy/BDC2026/train/1_Electronic/uiop.jpg,Electronic,1433,806,JPEG,RGB,1.7779156327543424,False,1662fa4c3bd91b1118cad6a5b5ecebe7,d22c47dbe6920d17,0,0
/kaggle/input/datasets/jessicamercya/satria-data-2026/BDC2026-20260708T012259Z-3-001 - Copy/BDC2026/train/1_Electronic/616.jpeg,Electronic,864,1152,JPEG,RGB,0.75,False,a4bcb9025d92c72c9cad64ff6719191a,eb19d2bd9af12902,11,41
/kaggle/input/datasets/jessicamercya/satria-data-2026/BDC2026-20260708T012259Z-3-001 - Copy/BDC2026/train/1_Electronic/Mobile_45.jpg,Electronic,150,150,JPEG,RGB,1.0,False,a3fe89f3bf500bde7fc03428d1c800ca,e8e185de26a97865,1,9
/kaggle/input/datasets/jessicamercya/satria-data-2026/BDC2026-20260708T012259Z-3-001 - Copy/BDC2026/train/1_Electronic/48.broken.jpg,Electronic,540,490,JPEG,RGB,1.1020408163265305,False,3c2778887bee380c5057191d2741a114,fe3c80cb8f85309e,0,54
/kaggle/input/datasets/jessicamercya/satria-data-2026/BDC2026-20260708T012259Z-3-001 - Copy/BDC2026/train/1_Electronic/15.electronicwaste.jpg,Electronic,800,400,JPEG,RGB,2.0,False,1a03873ad896c5e3713d45e124af45d6,e1fc878d86386b13,0,22
/kaggle/input/datasets/jessicamercya/satria-data-2026/BDC2026-20260708T012259Z-3-001 - Copy/BDC2026/train/1_Electronic/IMG_20200329_152752.jpg,Electronic,4608,3456,JPEG,RGB,1.3333333333333333,False,0b05beb5e90cc2833e26bce749da49a9,f5cb4b2bc3c6842c,10,2
/kaggle/input/datasets/jessicamercya/satria-data-2026/BDC2026-20260708T012259Z-3-001 - Copy/BDC2026/train/1_Electronic/WhatsApp Image 2020-11-01 at 1.25.36 PM.jpeg,Electronic,1280,720,JPEG,RGB,1.7777777777777777,False,c4674173e3fbf3d0a90a18ce3787b530,ab87d42e2f2f01c5,15,46
/kaggle/input/datasets/jessicamercya/satria-data-2026/BDC2026-20260708T012259Z-3-001 - Copy/BDC2026/train/1_Electronic/15.ewaste-blog-1.jpg,Electronic,2121,1414,JPEG,RGB,1.5,False,94cf3a62b75f753e212311d7b6e83b5f,8c4d6b1e72d154e6,0,22
/kaggle/input/datasets/jessicamercya/satria-data-2026/BDC2026-20260708T012259Z-3-001 - Copy/BDC2026/train/1_Electronic/Printer_137.jpg,Electronic,150,150,JPEG,RGB,1.0,False,437c40fc5ec3061ec8a8d6d42e432cc8,b88fa5298e34cf32,6,6
/kaggle/input/datasets/jessicamercya/satria-data-2026/BDC2026-20260708T012259Z-3-001 - Copy/BDC2026/train/1_Electronic/Keyboard_268.jpg,Electronic,150,150,JPEG,RGB,1.0,False,26e05c89d72f549deafdecb0c9db68e3,fa4d85b08d373847,2,32
/kaggle/input/datasets/jessicamercya/satria-data-2026/BDC2026-20260708T012259Z-3-001 - Copy/BDC2026/train/1_Electronic/40._90883751_gettyimages-108037884.jpg,Electronic,976,549,JPEG,RGB,1.7777777777777777,False,306c4ed1cfd9ed1b23500439c71ac9d9,c2c31378be385c5b,0,34
/kaggle/input/datasets/jessicamercya/satria-data-2026/BDC2026-20260708T012259Z-3-001 - Copy/BDC2026/train/1_Electronic/68.Untitled-design-2024-07-11T112427.392.png,Electronic,1100,733,PNG,RGBA,1.500682128240109,False,da4c73d5acc0f28506f786b18c74433f,c339d29ee7422c8e,0,0
/kaggle/input/datasets/jessicamercya/satria-data-2026/BDC2026-20260708T012259Z-3-001 - Copy/BDC2026/train/1_Electronic/battery_150.jpg,Electronic,150,150,JPEG,RGB,1.0,False,8ea964d99a55a4089d8bb362de1fe50a,ea62959c6a63959c,14,24
/kaggle/input/datasets/jessicamercya/satria-data-2026/BDC2026-20260708T012259Z-3-001 - Copy/BDC2026/train/1_Electronic/Microwave_110.jpg,Electronic,150,150,JPEG,RGB,1.0,False,644b3001f67b99ad05f44021ed7591c1,fad4850a6ab47dc1,8,1
/kaggle/input/datasets/jessicamercya/satria-data-2026/BDC2026-20260708T012259Z-3-001 - Copy/BDC2026/train/1_Electronic/Television_240.jpg,Electronic,150,150,JPEG,RGB,1.0,False,c1e90be8f34a74ecbbe9b2436545de94,eacdf04df04e905a,4,10
/kaggle/input/datasets/jessicamercya/satria-data-2026/BDC2026-20260708T012259Z-3-001 - Copy/BDC2026/train/1_Electronic/battery_6.jpg,Electronic,150,150,JPEG,RGB,1.0,False,ba757ce2ef253d4a0dc1c5fc3faef453,bb66d0940f5abc89,13,19
/kaggle/input/datasets/jessicamercya/satria-data-2026/BDC2026-20260708T012259Z-3-001 - Copy/BDC2026/train/1_Electronic/Printer_110.jpg,Electronic,150,150,JPEG,RGB,1.0,False,ee3065c39ab468cb835d7cc5103e4c22,83816b37cfcd7830,6,6
/kaggle/input/datasets/jessicamercya/satria-data-2026/BDC2026-20260708T012259Z-3-001 - Copy/BDC2026/train/1_Electronic/Microwave_174.jpg,Electronic,150,150,JPEG,RGB,1.0,False,4340c95a4218de55e80dd8e592b72dee,bf69e069e0e9c0f0,8,1
/kaggle/input/datasets/jessicamercya/satria-data-2026/BDC2026-20260708T012259Z-3-001 - Copy/BDC2026/train/1_Electronic/Mouse_251.jpg,Electronic,150,150,JPEG,RGB,1.0,False,ca28f2f40b28e9911928a28453097a6e,e40639e99366d933,5,3
/kaggle/input/datasets/jessicamercya/satria-data-2026/BDC2026-20260708T012259Z-3-001 - Copy/BDC2026/train/1_Electronic/Player_29.jpg,Electronic,150,150,JPEG,RGB,1.0,False,64ec7e4f77a136c7712b44c5b0e58874,facae02505cba6e5,9,21
/kaggle/input/datasets/jessicamercya/satria-data-2026/BDC2026-20260708T012259Z-3-001 - Copy/BDC2026/train/1_Electronic/Keyboard_204.jpg,Electronic,150,150,JPEG,RGB,1.0,False,b67523a815d4be262d81d142287cd375,926d453a496f34ab,2,32
/kaggle/input/datasets/jessicamercya/satria-data-2026/BDC2026-20260708T012259Z-3-001 - Copy/BDC2026/train/1_Electronic/Mobile_275.jpg,Electronic,150,150,JPEG,RGB,1.0,False,3ffc0277c3319afe97754f77e00df444,fcc3c13c32c1cc67,1,16
/kaggle/input/datasets/jessicamercya/satria-data-2026/BDC2026-20260708T012259Z-3-001 - Copy/BDC2026/train/1_Electronic/pcb_77.jpg,Electronic,150,150,JPEG,RGB,1.0,False,49676c1a95de28a58de27e7af4bc85b7,fa8e913d34724b49,2,25
/kaggle/input/datasets/jessicamercya/satria-data-2026/BDC2026-20260708T012259Z-3-001 - Copy/BDC2026/train/1_Electronic/Keyboard_250.jpg,Electronic,150,150,JPEG,RGB,1.0,False,d1cb13955db2e21b1601cd9814e09c7f,a25fa74a926ad325,2,13
/kaggle/input/datasets/jessicamercya/satria-data-2026/BDC2026-20260708T012259Z-3-001 - Copy/BDC2026/train/1_Electronic/Printer_181.jpg,Electronic,150,150,JPEG,RGB,1.0,False,796b947d5d790e9c22eec5944566ebd0,ee116ccb8d276472,6,11
/kaggle/input/datasets/jessicamercya/satria-data-2026/BDC2026-20260708T012259Z-3-001 - Copy/BDC2026/train/1_Electronic/Washing_Machine_190.jpg,Electronic,150,150,JPEG,RGB,1.0,False,09443e3dfe85111863870cf8d3a78955,edc59494c4c7c3c6,3,35
/kaggle/input/datasets/jessicamercya/satria-data-2026/BDC2026-20260708T012259Z-3-001 - Copy/BDC2026/train/1_Electronic/14.electronic_waste_02.jpg,Electronic,2000,1333,JPEG,RGB,1.5003750937734435,False,753adf76b54efe5527113534fa22e5a6,cfb11d9fc0796086,0,14
/kaggle/input/datasets/jessicamercya/satria-data-2026/BDC2026-20260708T012259Z-3-001 - Copy/BDC2026/train/1_Electronic/20.computer-motherboard-scrap.jpg,Electronic,727,700,JPEG,RGB,1.0385714285714285,False,9b52b83a9a943a2105941e6bb689491b,afc1d4ca856ecc31,0,30
/kaggle/input/datasets/jessicamercya/satria-data-2026/BDC2026-20260708T012259Z-3-001 - Copy/BDC2026/train/1_Electronic/battery_43.jpg,Electronic,150,150,JPEG,RGB,1.0,False,afb489f0e356e15bdee6e3700cb73e4b,b73990e8c9e5cd42,12,37
/kaggle/input/datasets/jessicamercya/satria-data-2026/BDC2026-20260708T012259Z-3-001 - Copy/BDC2026/train/1_Electronic/12.20170119155743-intip-pusat-pemusnahan-limbah-elektronik-di-jepang-002-dru.jpg,Electronic,540,348,JPEG,RGB,1.5517241379310345,False,ebcc5c28d071ecb7397330e6fff473a8,daeee590890e925b,0,34
/kaggle/input/datasets/jessicamercya/satria-data-2026/BDC2026-20260708T012259Z-3-001 - Copy/BDC2026/train/1_Electronic/Washing_Machine_204.jpg,Electronic,150,150,JPEG,RGB,1.0,False,871e3d2ec600923fb67982e3e07b17fd,b53bda60e0ca6e31,3,27
/kaggle/input/datasets/jessicamercya/satria-data-2026/BDC2026-20260708T012259Z-3-001 - Copy/BDC2026/train/1_Electronic/Printer_277.jpg,Electronic,150,150,JPEG,RGB,1.0,False,139e5700b3899b336177dae933e6b832,e4cb48a54b91dd9a,6,6
/kaggle/input/datasets/jessicamercya/satria-data-2026/BDC2026-20260708T012259Z-3-001 - Copy/BDC2026/train/1_Electronic/battery_129.jpg,Electronic,150,150,JPEG,RGB,1.0,False,4d269c6ef3fd3363b8425eff2447ffc9,be6ac1953e60c18f,14,24
/kaggle/input/datasets/jessicamercya/satria-data-2026/BDC2026-20260708T012259Z-3-001 - Copy/BDC2026/train/1_Electronic/13.recovered-computer-processors-discarded-computers-accra-ghana-440nw-12831279c.jpg,Electronic,440,294,JPEG,RGB,1.4965986394557824,False,fe6fd0f9ae06a7cbf671f0323a848ea7,d5f11c147d35350e,7,18
/kaggle/input/datasets/jessicamercya/satria-data-2026/BDC2026-20260708T012259Z-3-001 - Copy/BDC2026/train/1_Electronic/Printer_282.jpg,Electronic,150,150,JPEG,RGB,1.0,False,360c1dffd2b7beaf47de841618445513,bf97c040966ec9b1,6,11
/kaggle/input/datasets/jessicamercya/satria-data-2026/BDC2026-20260708T012259Z-3-001 - Copy/BDC2026/train/1_Electronic/Mobile_263.jpg,Electronic,150,150,JPEG,RGB,1.0,False,1423384daaeab3e55ba4b9dabe0265a3,e37ddec3688c0730,1,16
/kaggle/input/datasets/jessicamercya/satria-data-2026/BDC2026-20260708T012259Z-3-001 - Copy/BDC2026/train/1_Electronic/Player_162.jpg,Electronic,150,150,JPEG,RGB,1.0,False,9478ef4608709b67953c118a3ea7ccfb,ecc6f02e923c31e6,9,17
/kaggle/input/datasets/jessicamercya/satria-data-2026/BDC2026-20260708T012259Z-3-001 - Copy/BDC2026/train/1_Electronic/Mobile_168.jpg,Electronic,150,150,JPEG,RGB,1.0,False,42aa0695b75b4d0bb1fb1396d19460b2,c89b966692cd9969,1,9
/kaggle/input/datasets/jessicamercya/satria-data-2026/BDC2026-20260708T012259Z-3-001 - Copy/BDC2026/train/1_Electronic/Player_12.jpg,Electronic,150,150,JPEG,RGB,1.0,False,1f71648abad4fb0b0f47251d3b96b500,eac0950f877e9e30,9,21
/kaggle/input/datasets/jessicamercya/satria-data-2026/BDC2026-20260708T012259Z-3-001 - Copy/BDC2026/train/1_Electronic/72.24102021-singapore-republic-of-singapore-asia-electronic-waste-e-waste-pile-from-discarded-laptop-computer-components-with-circuit-board-2H32PRD.jpg,Electronic,1300,955,JPEG,RGB,1.361256544502618,False,f4c96380c1b0103c364f8dec8884312c,9ccc5989199b2eb5,0,0
/kaggle/input/datasets/jessicamercya/satria-data-2026/BDC2026-20260708T012259Z-3-001 - Copy/BDC2026/train/1_Electronic/Printer_18.jpg,Electronic,150,150,JPEG,RGB,1.0,False,d7fcb7a3c373473f0048507aff6a5d76,dfc0c07d843fcf80,6,11
/kaggle/input/datasets/jessicamercya/satria-data-2026/BDC2026-20260708T012259Z-3-001 - Copy/BDC2026/train/1_Electronic/Printer_242.jpg,Electronic,150,150,JPEG,RGB,1.0,False,686e55b7113a7915e1862a561a5c04a8,947491767391d9b4,6,42
/kaggle/input/datasets/jessicamercya/satria-data-2026/BDC2026-20260708T012259Z-3-001 - Copy/BDC2026/train/1_Electronic/IMG-20200328-WA0027.jpg,Electronic,1280,960,JPEG,RGB,1.3333333333333333,False,b478b5c194f41a00a9d16d80b41a9084,c0c062e758edf2e3,10,2
/kaggle/input/datasets/jessicamercya/satria-data-2026/BDC2026-20260708T012259Z-3-001 - Copy/BDC2026/train/1_Electronic/battery_20.jpg,Electronic,150,150,JPEG,RGB,1.0,False,42ee2ffcddaef1802bd0a0da0f6c9fee,bd85d239cb382f11,12,38
/kaggle/input/datasets/jessicamercya/satria-data-2026/BDC2026-20260708T012259Z-3-001 - Copy/BDC2026/train/1_Electronic/589.jpeg,Electronic,1152,864,JPEG,RGB,1.3333333333333333,False,53d31c4d56c606303890a6e13f28acfe,fa3885c730977878,1,4
/kaggle/input/datasets/jessicamercya/satria-data-2026/BDC2026-20260708T012259Z-3-001 - Copy/BDC2026/train/1_Electronic/18.20240216210005blog.jpg,Electronic,2448,1288,JPEG,RGB,1.9006211180124224,False,460f8000f90303cceb8c2848a64d41a9,8b32c83e7844f9c7,0,22
/kaggle/input/datasets/jessicamercya/satria-data-2026/BDC2026-20260708T012259Z-3-001 - Copy/BDC2026/train/1_Electronic/21.jpeg,Electronic,1152,864,JPEG,RGB,1.3333333333333333,False,c39b253e34dbd828e808f58bc4ea040a,a12cf0211e7b5a5f,11,31
/kaggle/input/datasets/jessicamercya/satria-data-2026/BDC2026-20260708T012259Z-3-001 - Copy/BDC2026/train/1_Electronic/Player_279.jpg,Electronic,150,150,JPEG,RGB,1.0,False,c038f9c84ae10ad5492a2d7d76f46ba4,ea7a85a5d2979069,9,48
/kaggle/input/datasets/jessicamercya/satria-data-2026/BDC2026-20260708T012259Z-3-001 - Copy/BDC2026/train/1_Electronic/Keyboard_82.jpg,Electronic,150,150,JPEG,RGB,1.0,False,0e41da4bfd2816b836d2d3fcd00831e9,afc0953f6ac895c1,2,5
/kaggle/input/datasets/jessicamercya/satria-data-2026/BDC2026-20260708T012259Z-3-001 - Copy/BDC2026/train/1_Electronic/17.avoid-the-trash-heap-15-great-uses-for-an-old-pc_sjb3.jpg,Electronic,1280,720,JPEG,RGB,1.7777777777777777,False,b30ce479cdc16ca1a4586d0ad1832165,eb96d9633648f032,0,39
/kaggle/input/datasets/jessicamercya/satria-data-2026/BDC2026-20260708T012259Z-3-001 - Copy/BDC2026/train/1_Electronic/17.old-damaged-laptop-isolated-on-white-KPWDJ1.jpg,Electronic,1300,1310,JPEG,RGB,0.9923664122137404,False,2c4da02813685ab74de621a18dbb4fa8,ebe394bd98b01992,0,43
/kaggle/input/datasets/jessicamercya/satria-data-2026/BDC2026-20260708T012259Z-3-001 - Copy/BDC2026/train/1_Electronic/Keyboard_210.jpg,Electronic,150,150,JPEG,RGB,1.0,False,d1f91d7122428174fdd486478630c695,c742c5b751b369c8,2,13
/kaggle/input/datasets/jessicamercya/satria-data-2026/BDC2026-20260708T012259Z-3-001 - Copy/BDC2026/train/1_Electronic/Keyboard_211.jpg,Electronic,150,150,JPEG,RGB,1.0,False,2dcb42597b9d87606d581383006ca471,fef5c000953f3d60,2,5
/kaggle/input/datasets/jessicamercya/satria-data-2026/BDC2026-20260708T012259Z-3-001 - Copy/BDC2026/train/1_Electronic/Player_209.jpg,Electronic,150,150,JPEG,RGB,1.0,False,ae9bacbc018afaa3273d273b3f6bd392,afd0c12fd0e50eb1,9,17
/kaggle/input/datasets/jessicamercya/satria-data-2026/BDC2026-20260708T012259Z-3-001 - Copy/BDC2026/train/1_Electronic/pcb_136.jpg,Electronic,150,150,JPEG,RGB,1.0,False,5de8fa0fd8ade3474c59a10768de621f,811dbc9cc7c33c5c,7,18
/kaggle/input/datasets/jessicamercya/satria-data-2026/BDC2026-20260708T012259Z-3-001 - Copy/BDC2026/train/1_Electronic/554.jpg,Electronic,2340,4160,JPEG,RGB,0.5625,False,fa4cd181812c538e321d778af1685d9f,be6fe514d04ad48a,1,4
/kaggle/input/datasets/jessicamercya/satria-data-2026/BDC2026-20260708T012259Z-3-001 - Copy/BDC2026/train/1_Electronic/45.cpu-ram-scrap.jpg,Electronic,640,640,JPEG,RGB,1.0,False,b51eab3ce13d7bcd3949b1bbca30bd20,846e4ca1cacfe4b6,0,34
/kaggle/input/datasets/jessicamercya/satria-data-2026/BDC2026-20260708T012259Z-3-001 - Copy/BDC2026/train/1_Electronic/pcb_214.jpg,Electronic,150,150,JPEG,RGB,1.0,False,86d492c4e8edd651af5f98ae45e36d5c,ab7266069e2d9a4b,7,18
/kaggle/input/datasets/jessicamercya/satria-data-2026/BDC2026-20260708T012259Z-3-001 - Copy/BDC2026/train/1_Electronic/Washing_Machine_153.jpg,Electronic,150,150,JPEG,RGB,1.0,False,1907689095066f3e803d83abce4e5ef5,e56dc3751c963093,3,27
/kaggle/input/datasets/jessicamercya/satria-data-2026/BDC2026-20260708T012259Z-3-001 - Copy/BDC2026/train/1_Electronic/pcb_174.jpg,Electronic,150,150,JPEG,RGB,1.0,False,b9b44362c95ea10de06595e2e80542e2,d0086b3f6a346e37,7,23
/kaggle/input/datasets/jessicamercya/satria-data-2026/BDC2026-20260708T012259Z-3-001 - Copy/BDC2026/train/1_Electronic/Washing_Machine_288.jpg,Electronic,150,150,JPEG,RGB,1.0,False,17639ddb418b8c865fc302932fd562d8,af91c4b5c4b3c43a,3,33
/kaggle/input/datasets/jessicamercya/satria-data-2026/BDC2026-20260708T012259Z-3-001 - Copy/BDC2026/train/1_Electronic/battery_196.jpg,Electronic,150,150,JPEG,RGB,1.0,False,482232ddfa474df702075eddd8d84d59,e1c99e66969a6163,12,38
/kaggle/input/datasets/jessicamercya/satria-data-2026/BDC2026-20260708T012259Z-3-001 - Copy/BDC2026/train/1_Electronic/Keyboard_111.jpg,Electronic,150,150,JPEG,RGB,1.0,False,715916325af76e812a9e9cda77f908f6,af0bef3bcb0850c4,2,32
/kaggle/input/datasets/jessicamercya/satria-data-2026/BDC2026-20260708T012259Z-3-001 - Copy/BDC2026/train/1_Electronic/Player_268.jpg,Electronic,150,150,JPEG,RGB,1.0,False,7289ccea05221dd65afcf5af078fa871,e86dd3a04acb969c,9,21
/kaggle/input/datasets/jessicamercya/satria-data-2026/BDC2026-20260708T012259Z-3-001 - Copy/BDC2026/train/1_Electronic/Microwave_100.jpg,Electronic,150,150,JPEG,RGB,1.0,False,44bf8f366f100c47438470f69e33a522,f025cbcf2470b5ca,8,1
/kaggle/input/datasets/jessicamercya/satria-data-2026/BDC2026-20260708T012259Z-3-001 - Copy/BDC2026/train/1_Electronic/Mobile_171.jpg,Electronic,150,150,JPEG,RGB,1.0,False,04bd60e01cf214259798b44afcb4b3ff,ed9b932696249a69,1,16
/kaggle/input/datasets/jessicamercya/satria-data-2026/BDC2026-20260708T012259Z-3-001 - Copy/BDC2026/train/1_Electronic/maxresdefault.jpg,Electronic,1280,720,JPEG,RGB,1.7777777777777777,False,78393e92cc552407c6ccfeac914dd7e9,be96c16cc0696dc3,4,49
/kaggle/input/datasets/jessicamercya/satria-data-2026/BDC2026-20260708T012259Z-3-001 - Copy/BDC2026/train/1_Electronic/186.jpeg,Electronic,1040,780,JPEG,RGB,1.3333333333333333,False,7beb60aa406e812f3d206008a8d79f7f,ea8187cfddf0c181,10,2
/kaggle/input/datasets/jessicamercya/satria-data-2026/BDC2026-20260708T012259Z-3-001 - Copy/BDC2026/train/1_Electronic/pcb_191.jpg,Electronic,150,150,JPEG,RGB,1.0,False,14d47138232917e3604f511ba0e4212e,ba6df0e5c9868d12,7,23
/kaggle/input/datasets/jessicamercya/satria-data-2026/BDC2026-20260708T012259Z-3-001 - Copy/BDC2026/train/1_Electronic/Washing_Machine_50.jpg,Electronic,150,150,JPEG,RGB,1.0,False,876773efaf4f9bc1f423fb5ead3f1904,e430928bcbcfcb38,3,35
/kaggle/input/datasets/jessicamercya/satria-data-2026/BDC2026-20260708T012259Z-3-001 - Copy/BDC2026/train/1_Electronic/Keyboard_19.jpg,Electronic,150,150,JPEG,RGB,1.0,False,5a18a4baa6b6263fbe9ffbe1bcf72bbc,f4cc1bc117e13396,11,57
/kaggle/input/datasets/jessicamercya/satria-data-2026/BDC2026-20260708T012259Z-3-001 - Copy/BDC2026/train/1_Electronic/Player_28.jpg,Electronic,150,150,JPEG,RGB,1.0,False,7ca703818f9798f73aa8e88ea833b8a9,bf91e06a953f81e0,2,32
/kaggle/input/datasets/jessicamercya/satria-data-2026/BDC2026-20260708T012259Z-3-001 - Copy/BDC2026/train/1_Electronic/pcb_108.jpg,Electronic,150,150,JPEG,RGB,1.0,False,58a0f16a0fc03d48d60d1be3c022069f,a66a9b16ca0b9e69,7,18
/kaggle/input/datasets/jessicamercya/satria-data-2026/BDC2026-20260708T012259Z-3-001 - Copy/BDC2026/train/1_Electronic/WhatsApp Image 2020-11-01 at 1.25.56 PM.jpeg,Electronic,1280,720,JPEG,RGB,1.7777777777777777,False,061b961278c83465179b1f5955da91de,f8c78738688297cd,15,46
/kaggle/input/datasets/jessicamercya/satria-data-2026/BDC2026-20260708T012259Z-3-001 - Copy/BDC2026/train/1_Electronic/battery_290.jpg,Electronic,150,150,JPEG,RGB,1.0,False,bae15c4c7d8e4fd4435e9b81208f19e6,e331b2d29acbc925,13,19
/kaggle/input/datasets/jessicamercya/satria-data-2026/BDC2026-20260708T012259Z-3-001 - Copy/BDC2026/train/1_Electronic/Mobile_174.jpg,Electronic,150,150,JPEG,RGB,1.0,False,c77e7ad2fe4bcfd17c47d97a9ed45c15,b03263c6cc9b93d3,1,51
/kaggle/input/datasets/jessicamercya/satria-data-2026/BDC2026-20260708T012259Z-3-001 - Copy/BDC2026/train/1_Electronic/Television_27.jpg,Electronic,150,150,JPEG,RGB,1.0,False,1ecec549fe8d833a872c3ae1701505e2,84c5c8690f3f4f4e,4,15
/kaggle/input/datasets/jessicamercya/satria-data-2026/BDC2026-20260708T012259Z-3-001 - Copy/BDC2026/train/1_Electronic/Printer_41.jpg,Electronic,150,150,JPEG,RGB,1.0,False,6280043aaced82cf99d2a4d99a1c0544,8e57d2b62ef480ca,6,6
/kaggle/input/datasets/jessicamercya/satria-data-2026/BDC2026-20260708T012259Z-3-001 - Copy/BDC2026/train/1_Electronic/Microwave_258.jpg,Electronic,150,150,JPEG,RGB,1.0,False,975ed7343ba1300454b55952cfb809ed,88abf3b612b60c6d,8,1
/kaggle/input/datasets/jessicamercya/satria-data-2026/BDC2026-20260708T012259Z-3-001 - Copy/BDC2026/train/1_Electronic/14.05_above_and_beyond.jpg,Electronic,1000,667,JPEG,RGB,1.4992503748125936,False,8b58a8da3930d0099c32d058602aa588,f904c1ecb96b2635,0,22
/kaggle/input/datasets/jessicamercya/satria-data-2026/BDC2026-20260708T012259Z-3-001 - Copy/BDC2026/train/1_Electronic/4.a-pile-of-old-computers-and-monitors-sitting-on-top-of-a-pile-of-junk-free-photo.jpeg,Electronic,625,350,JPEG,RGB,1.7857142857142858,False,baea844f429fc09654c14e487e4bbce2,b5c1cf3c241c5967,0,0
/kaggle/input/datasets/jessicamercya/satria-data-2026/BDC2026-20260708T012259Z-3-001 - Copy/BDC2026/train/1_Electronic/Television_72.jpg,Electronic,150,150,JPEG,RGB,1.0,False,b05ebef94caa1adb50f8f4809aa47c40,ea4ab54ab50ab50f,4,10
/kaggle/input/datasets/jessicamercya/satria-data-2026/BDC2026-20260708T012259Z-3-001 - Copy/BDC2026/train/1_Electronic/Television_239.jpg,Electronic,150,150,JPEG,RGB,1.0,False,6e0afd8d18877bb34c85d0d38b3659ff,bfb3a14cc344b14e,4,10
/kaggle/input/datasets/jessicamercya/satria-data-2026/BDC2026-20260708T012259Z-3-001 - Copy/BDC2026/train/1_Electronic/Player_256.jpg,Electronic,150,150,JPEG,RGB,1.0,False,0cdb1f1f143e14f21b21db92107c40bd,bf60c09f0340bcbf,9,50
/kaggle/input/datasets/jessicamercya/satria-data-2026/BDC2026-20260708T012259Z-3-001 - Copy/BDC2026/train/1_Electronic/Mobile_154.jpg,Electronic,150,150,JPEG,RGB,1.0,False,866b898b7d4060db31eb596b7b80eeca,a5e9c396df958089,1,16
/kaggle/input/datasets/jessicamercya/satria-data-2026/BDC2026-20260708T012259Z-3-001 - Copy/BDC2026/train/1_Electronic/75.LAPTOP-GRADE-A.jpg,Electronic,280,280,JPEG,RGB,1.0,False,3fb2d19d06b5ffcbecf292864a266df4,81abfb43cc70c49e,0,0
/kaggle/input/datasets/jessicamercya/satria-data-2026/BDC2026-20260708T012259Z-3-001 - Copy/BDC2026/train/1_Electronic/Television_255.jpg,Electronic,150,150,JPEG,RGB,1.0,False,100ab6bc4cafcd933018e6fca32f8c30,eb6b953c9c94c095,4,10
/kaggle/input/datasets/jessicamercya/satria-data-2026/BDC2026-20260708T012259Z-3-001 - Copy/BDC2026/train/1_Electronic/Washing_Machine_294.jpg,Electronic,150,150,JPEG,RGB,1.0,False,fcc722b153a38dcbfe325efcc4c159cd,e169cbcd4d693234,3,8
/kaggle/input/datasets/jessicamercya/satria-data-2026/BDC2026-20260708T012259Z-3-001 - Copy/BDC2026/train/1_Electronic/battery_95.jpg,Electronic,150,150,JPEG,RGB,1.0,False,22e261d37b281975e50899dab8d21dcc,f40a83f4ca4f954b,7,7
/kaggle/input/datasets/jessicamercya/satria-data-2026/BDC2026-20260708T012259Z-3-001 - Copy/BDC2026/train/1_Electronic/Television_280.jpg,Electronic,150,150,JPEG,RGB,1.0,False,39810e3990feec5997b1aaecbc6b83f4,8b85b91f9547d04b,4,10
/kaggle/input/datasets/jessicamercya/satria-data-2026/BDC2026-20260708T012259Z-3-001 - Copy/BDC2026/train/1_Electronic/Keyboard_207.jpg,Electronic,150,150,JPEG,RGB,1.0,False,a0df0dc92943ada955e4bb63bb8ac315,eb22830fbffc18c0,2,13
/kaggle/input/datasets/jessicamercya/satria-data-2026/BDC2026-20260708T012259Z-3-001 - Copy/BDC2026/train/1_Electronic/Keyboard_15.jpg,Electronic,150,150,JPEG,RGB,1.0,False,224d15ae78b432e8e90a1850bd0ad09e,a1e89e599f50915d,11,57
/kaggle/input/datasets/jessicamercya/satria-data-2026/BDC2026-20260708T012259Z-3-001 - Copy/BDC2026/train/1_Electronic/Television_167.jpg,Electronic,150,150,JPEG,RGB,1.0,False,a255a908b7979ba921954de4a3060b3e,9dbf6fc0c0691a92,4,15
/kaggle/input/datasets/jessicamercya/satria-data-2026/BDC2026-20260708T012259Z-3-001 - Copy/BDC2026/train/1_Electronic/624.jpeg,Electronic,1152,864,JPEG,RGB,1.3333333333333333,False,8dd82611e9a357bf49bf7a0e76f287bc,be40c4a8c6b59f27,11,41
/kaggle/input/datasets/jessicamercya/satria-data-2026/BDC2026-20260708T012259Z-3-001 - Copy/BDC2026/train/1_Electronic/Television_34.jpg,Electronic,150,150,JPEG,RGB,1.0,False,804670c0389c9b606f5716469bc9a4de,c22a3dd6e448e0df,4,10
/kaggle/input/datasets/jessicamercya/satria-data-2026/BDC2026-20260708T012259Z-3-001 - Copy/BDC2026/train/1_Electronic/pcb_115.jpg,Electronic,150,150,JPEG,RGB,1.0,False,31d61d3f5350af2457bbf12a7ddb1054,eac81a662f85fac4,7,7
/kaggle/input/datasets/jessicamercya/satria-data-2026/BDC2026-20260708T012259Z-3-001 - Copy/BDC2026/train/1_Electronic/Mobile_198.jpg,Electronic,150,150,JPEG,RGB,1.0,False,e52bfcfc5e742ce5bfaf19101a3a9c82,e533138c53f10ee5,1,16
/kaggle/input/datasets/jessicamercya/satria-data-2026/BDC2026-20260708T012259Z-3-001 - Copy/BDC2026/train/1_Electronic/Television_256.jpg,Electronic,150,150,JPEG,RGB,1.0,False,322356bbbf22cd2343d6b210c1649753,ee59e44a816e99a6,4,10
/kaggle/input/datasets/jessicamercya/satria-data-2026/BDC2026-20260708T012259Z-3-001 - Copy/BDC2026/train/1_Electronic/Keyboard_189.jpg,Electronic,150,150,JPEG,RGB,1.0,False,08756a813c6c341c7ddca37be0f6933b,bf81c05a6ba53fc0,2,5
/kaggle/input/datasets/jessicamercya/satria-data-2026/BDC2026-20260708T012259Z-3-001 - Copy/BDC2026/train/1_Electronic/Television_126.jpg,Electronic,150,150,JPEG,RGB,1.0,False,9d1641ee0dbdc1a5d87e45c5a599dd1b,8595783a9eb58595,11,41
/kaggle/input/datasets/jessicamercya/satria-data-2026/BDC2026-20260708T012259Z-3-001 - Copy/BDC2026/train/1_Electronic/Player_163.jpg,Electronic,150,150,JPEG,RGB,1.0,False,0a46a7b703028f7a11669d92f2ef1355,ae1fd1e04e0f683c,9,50
/kaggle/input/datasets/jessicamercya/satria-data-2026/BDC2026-20260708T012259Z-3-001 - Copy/BDC2026/train/1_Electronic/Washing_Machine_106.jpg,Electronic,150,150,JPEG,RGB,1.0,False,a8bc48762426a653aa6eb95781067b9f,e664cc8c31939b9b,3,8
/kaggle/input/datasets/jessicamercya/satria-data-2026/BDC2026-20260708T012259Z-3-001 - Copy/BDC2026/train/1_Electronic/Television_289.jpg,Electronic,150,150,JPEG,RGB,1.0,False,371e197649c374284f6bdb51776d8f2b,be0ec5319207cccf,4,10
/kaggle/input/datasets/jessicamercya/satria-data-2026/BDC2026-20260708T012259Z-3-001 - Copy/BDC2026/train/1_Electronic/2.69464a39ed134.jpg,Electronic,640,427,JPEG,RGB,1.4988290398126465,False,78a0e9e73ff4171ba40266507fae56ff,e9d2d213162d617d,0,0
/kaggle/input/datasets/jessicamercya/satria-data-2026/BDC2026-20260708T012259Z-3-001 - Copy/BDC2026/train/1_Electronic/Mobile_5.jpg,Electronic,150,150,JPEG,RGB,1.0,False,56158854eac1412ff3f4c1d1f601b675,adc0c31fd21bd81b,1,9
/kaggle/input/datasets/jessicamercya/satria-data-2026/BDC2026-20260708T012259Z-3-001 - Copy/BDC2026/train/1_Electronic/Mobile_254.jpg,Electronic,150,150,JPEG,RGB,1.0,False,604ec4051852115a624d6e54daa67613,f88587d787cac2c2,2,25
/kaggle/input/datasets/jessicamercya/satria-data-2026/BDC2026-20260708T012259Z-3-001 - Copy/BDC2026/train/1_Electronic/pcb_157.jpg,Electronic,150,150,JPEG,RGB,1.0,False,d760a9394a6c448302467c1645121bd6,c070a747955acb7c,7,18
/kaggle/input/datasets/jessicamercya/satria-data-2026/BDC2026-20260708T012259Z-3-001 - Copy/BDC2026/train/1_Electronic/85.57638074-old-damaged-laptop-isolated-on-white-background.jpg,Electronic,1300,1220,JPEG,RGB,1.0655737704918034,False,e40c7bb1c20def95d03f410774b9eb9b,eac3853d90b19ef0,0,43
/kaggle/input/datasets/jessicamercya/satria-data-2026/BDC2026-20260708T012259Z-3-001 - Copy/BDC2026/train/1_Electronic/Player_98.jpg,Electronic,150,150,JPEG,RGB,1.0,False,40fbc0402db50a096f3c491f46eef3c2,af9ef0c8952d9a24,9,48
/kaggle/input/datasets/jessicamercya/satria-data-2026/BDC2026-20260708T012259Z-3-001 - Copy/BDC2026/train/1_Electronic/Washing_Machine_173.jpg,Electronic,150,150,JPEG,RGB,1.0,False,6a98ac08a096815c254867c8e1bb66e5,e7ce98303333cc39,3,8
/kaggle/input/datasets/jessicamercya/satria-data-2026/BDC2026-20260708T012259Z-3-001 - Copy/BDC2026/train/1_Electronic/Mobile_105.jpg,Electronic,150,150,JPEG,RGB,1.0,False,e56923351a86e6093e6d8d34a758ac0f,aa6fbdd49415d0d0,1,9
/kaggle/input/datasets/jessicamercya/satria-data-2026/BDC2026-20260708T012259Z-3-001 - Copy/BDC2026/train/1_Electronic/Washing_Machine_248.jpg,Electronic,150,150,JPEG,RGB,1.0,False,5f8076fa362f76f94fffdf4454da9b93,b3b4cb8c6930e366,3,8
/kaggle/input/datasets/jessicamercya/satria-data-2026/BDC2026-20260708T012259Z-3-001 - Copy/BDC2026/train/1_Electronic/Microwave_120.jpg,Electronic,150,150,JPEG,RGB,1.0,False,c615b438393704b1c1bf58dcebc79973,be34c38fe0cb3470,8,1
/kaggle/input/datasets/jessicamercya/satria-data-2026/BDC2026-20260708T012259Z-3-001 - Copy/BDC2026/train/1_Electronic/Mouse_208.jpg,Electronic,150,150,JPEG,RGB,1.0,False,f621acbc0a917318861d46a7b414c053,c01f3b60cd636e3c,5,3
/kaggle/input/datasets/jessicamercya/satria-data-2026/BDC2026-20260708T012259Z-3-001 - Copy/BDC2026/train/1_Electronic/Keyboard_134.jpg,Electronic,150,150,JPEG,RGB,1.0,False,2dee453f727ef59386b0e72a783fe8de,ba91ef90fac1c194,2,32
/kaggle/input/datasets/jessicamercya/satria-data-2026/BDC2026-20260708T012259Z-3-001 - Copy/BDC2026/train/1_Electronic/Mouse_39.jpg,Electronic,150,150,JPEG,RGB,1.0,False,75a0ecf35bef2e1aca548656533cacdd,b383489ccd5ab46d,5,3
/kaggle/input/datasets/jessicamercya/satria-data-2026/BDC2026-20260708T012259Z-3-001 - Copy/BDC2026/train/1_Electronic/IMG_20200329_152857.jpg,Electronic,4608,3456,JPEG,RGB,1.3333333333333333,False,0eb1e4ba94953aa0c58deb6129f5481d,ed569481caac336d,10,2
/kaggle/input/datasets/jessicamercya/satria-data-2026/BDC2026-20260708T012259Z-3-001 - Copy/BDC2026/train/1_Electronic/Printer_59.jpg,Electronic,150,150,JPEG,RGB,1.0,False,b59567fe3c7f0443a1e823477bd5a140,acab74358ac8c771,6,6
/kaggle/input/datasets/jessicamercya/satria-data-2026/BDC2026-20260708T012259Z-3-001 - Copy/BDC2026/train/1_Electronic/Mobile_126.jpg,Electronic,150,150,JPEG,RGB,1.0,False,0a96cff4fff42bb24cea8ed5d1db2519,f8d5858595878697,1,9
/kaggle/input/datasets/jessicamercya/satria-data-2026/BDC2026-20260708T012259Z-3-001 - Copy/BDC2026/train/1_Electronic/73.1-s2.0-S0921344916300519-gr4.jpg,Electronic,678,500,JPEG,RGB,1.356,False,6d12d6e57345b4f90477b933ee18b2d5,b7271e48c8ddc178,0,30
/kaggle/input/datasets/jessicamercya/satria-data-2026/BDC2026-20260708T012259Z-3-001 - Copy/BDC2026/train/1_Electronic/Television_171.jpg,Electronic,150,150,JPEG,RGB,1.0,False,bb1c80414d6bfed41be038d4cbe07fce,fa7ae41a850ba58d,4,10
/kaggle/input/datasets/jessicamercya/satria-data-2026/BDC2026-20260708T012259Z-3-001 - Copy/BDC2026/train/1_Electronic/Player_36.jpg,Electronic,150,150,JPEG,RGB,1.0,False,647df247c20e48a81f56a8828f0b5538,f1e88f14d526606f,9,21
/kaggle/input/datasets/jessicamercya/satria-data-2026/BDC2026-20260708T012259Z-3-001 - Copy/BDC2026/train/1_Electronic/Keyboard_187.jpg,Electronic,150,150,JPEG,RGB,1.0,False,64e7c27d7aa953e1d2591128e15fe7fc,ea359ec4f86ca650,2,5
/kaggle/input/datasets/jessicamercya/satria-data-2026/BDC2026-20260708T012259Z-3-001 - Copy/BDC2026/train/1_Electronic/Mobile_270.jpg,Electronic,150,150,JPEG,RGB,1.0,False,dc4862bb0061f298f169f8bcdf3593e5,9ccee661e071ec62,1,9
/kaggle/input/datasets/jessicamercya/satria-data-2026/BDC2026-20260708T012259Z-3-001 - Copy/BDC2026/train/1_Electronic/Mouse_133.jpg,Electronic,150,150,JPEG,RGB,1.0,False,3981ef2c7218999ff9aeed2c83ca8235,ba378570d2eb89c1,5,26
/kaggle/input/datasets/jessicamercya/satria-data-2026/BDC2026-20260708T012259Z-3-001 - Copy/BDC2026/train/1_Electronic/815.jpeg,Electronic,1152,864,JPEG,RGB,1.3333333333333333,False,3a3dfd67838e4ab2395ec8c458c84e5f,b40c8f183c6f16fc,5,29
/kaggle/input/datasets/jessicamercya/satria-data-2026/BDC2026-20260708T012259Z-3-001 - Copy/BDC2026/train/1_Electronic/11.Copy-of-IRD-R2R-PR-16-Sept-Blog-visual-640x426.jpg,Electronic,640,426,JPEG,RGB,1.5023474178403755,False,4a7401b2730ea6743d78128bb64d84e7,b57492a5049a3dd7,0,0
/kaggle/input/datasets/jessicamercya/satria-data-2026/BDC2026-20260708T012259Z-3-001 - Copy/BDC2026/train/1_Electronic/10.High-Grade-CPU-Ceramic-Processor-Scrap-High-Quality-IC-Chip-Ceramic-Waste-for-Gold-Recovery-Accessory-Type.png,Electronic,625,627,PNG,RGB,0.9968102073365231,False,602af16b17229b331a1c18d75f2d8d97,ce6671d0bca1c6c3,0,30
/kaggle/input/datasets/jessicamercya/satria-data-2026/BDC2026-20260708T012259Z-3-001 - Copy/BDC2026/train/1_Electronic/572.jpg,Electronic,4160,2340,JPEG,RGB,1.7777777777777777,False,e7eec522d736cdead9ebb33590684688,ab2fd5d5d04202d7,1,4
/kaggle/input/datasets/jessicamercya/satria-data-2026/BDC2026-20260708T012259Z-3-001 - Copy/BDC2026/train/1_Electronic/20.a_pile_of_electronic_trash.jpg,Electronic,700,467,JPEG,RGB,1.4989293361884368,False,159eb2834fa499749983087ed77cef88,f4351a942ae6c6cb,0,34
/kaggle/input/datasets/jessicamercya/satria-data-2026/BDC2026-20260708T012259Z-3-001 - Copy/BDC2026/train/1_Electronic/pcb_188.jpg,Electronic,150,150,JPEG,RGB,1.0,False,923c200d02583b33511639d6871b7575,bbd895458227e27a,7,23
/kaggle/input/datasets/jessicamercya/satria-data-2026/BDC2026-20260708T012259Z-3-001 - Copy/BDC2026/train/1_Electronic/Washing_Machine_100.jpg,Electronic,150,150,JPEG,RGB,1.0,False,7038ce85651a0ece68a93fa0bf34473a,e63b1b3b369090b6,3,35
/kaggle/input/datasets/jessicamercya/satria-data-2026/BDC2026-20260708T012259Z-3-001 - Copy/BDC2026/train/1_Electronic/Washing_Machine_32.jpg,Electronic,150,150,JPEG,RGB,1.0,False,a0471c01db412481be5c15f0106b349f,e96996969a96649a,2,32
/kaggle/input/datasets/jessicamercya/satria-data-2026/BDC2026-20260708T012259Z-3-001 - Copy/BDC2026/train/1_Electronic/169.jpg,Electronic,4608,2176,JPEG,RGB,2.1176470588235294,False,d8fb5048ea972aca0b0c8eef26a3a84b,9c63439cdd9a2a63,10,2
/kaggle/input/datasets/jessicamercya/satria-data-2026/BDC2026-20260708T012259Z-3-001 - Copy/BDC2026/train/1_Electronic/Printer_102.jpg,Electronic,150,150,JPEG,RGB,1.0,False,3e187c03a775e444838016956b56aee5,917e7e7ab033058c,6,6
/kaggle/input/datasets/jessicamercya/satria-data-2026/BDC2026-20260708T012259Z-3-001 - Copy/BDC2026/train/1_Electronic/540.jpeg,Electronic,2250,3390,JPEG,RGB,0.6637168141592921,False,8b8f328635c5455ab56d659662cfc21d,e1259e9eca9a3893,1,4
/kaggle/input/datasets/jessicamercya/satria-data-2026/BDC2026-20260708T012259Z-3-001 - Copy/BDC2026/train/1_Electronic/Television_24.jpg,Electronic,150,150,JPEG,RGB,1.0,False,3b64b80d2f6f1f63b80d5ec41f00e498,eb684c9794934cb3,4,15
/kaggle/input/datasets/jessicamercya/satria-data-2026/BDC2026-20260708T012259Z-3-001 - Copy/BDC2026/train/1_Electronic/Microwave_117.jpg,Electronic,150,150,JPEG,RGB,1.0,False,2d574bee4ab3487fd43c4d011d577ab4,ee69912dc5d2c3d0,8,1
/kaggle/input/datasets/jessicamercya/satria-data-2026/BDC2026-20260708T012259Z-3-001 - Copy/BDC2026/train/1_Electronic/pcb_189.jpg,Electronic,150,150,JPEG,RGB,1.0,False,5ebf645430099807f18f30c2fb6c15fa,ab2bd5956ed0d450,7,7
/kaggle/input/datasets/jessicamercya/satria-data-2026/BDC2026-20260708T012259Z-3-001 - Copy/BDC2026/train/1_Electronic/Television_170.jpg,Electronic,150,150,JPEG,RGB,1.0,False,c7d3b6419ce7ad0bf3f4de98cc1c48af,ba5eb14ed02dd825,4,10
/kaggle/input/datasets/jessicamercya/satria-data-2026/BDC2026-20260708T012259Z-3-001 - Copy/BDC2026/train/1_Electronic/battery_106.jpg,Electronic,150,150,JPEG,RGB,1.0,False,8ee3c7ce310af197f5eae1dbec7e8e50,f8969661c668ce3c,12,38
/kaggle/input/datasets/jessicamercya/satria-data-2026/BDC2026-20260708T012259Z-3-001 - Copy/BDC2026/train/1_Electronic/Washing_Machine_4.jpg,Electronic,150,150,JPEG,RGB,1.0,False,6be31e11ec2a170283a0ba630da388f2,b333cccccc313333,3,35
/kaggle/input/datasets/jessicamercya/satria-data-2026/BDC2026-20260708T012259Z-3-001 - Copy/BDC2026/train/1_Electronic/IMG_20200328_131300.jpg,Electronic,4000,2250,JPEG,RGB,1.7777777777777777,False,1ff2266402bedab92a54bdb3106cc29a,bfb0c43c847ce46a,10,2
/kaggle/input/datasets/jessicamercya/satria-data-2026/BDC2026-20260708T012259Z-3-001 - Copy/BDC2026/train/1_Electronic/front-view-of-old-damaged-laptop-picture_csp37103711.jpg,Electronic,416,470,JPEG,RGB,0.8851063829787233,False,f7b220553c088dd2e7e02eb57a7408b3,bfbdd05a8542e4c4,0,43
/kaggle/input/datasets/jessicamercya/satria-data-2026/BDC2026-20260708T012259Z-3-001 - Copy/BDC2026/train/1_Electronic/65.tv-plastic-scrap-250x250.jpg,Electronic,250,250,JPEG,RGB,1.0,False,cdffcf01f4b6df01992747dcf2680f32,c49afb2695690ad6,0,0
/kaggle/input/datasets/jessicamercya/satria-data-2026/BDC2026-20260708T012259Z-3-001 - Copy/BDC2026/train/1_Electronic/Microwave_29.jpg,Electronic,150,150,JPEG,RGB,1.0,False,3544abbb9722f4e3257fa7cd681b1189,b204cd5b9f7ab064,8,1
/kaggle/input/datasets/jessicamercya/satria-data-2026/BDC2026-20260708T012259Z-3-001 - Copy/BDC2026/train/1_Electronic/Mobile_117.jpg,Electronic,150,150,JPEG,RGB,1.0,False,9fcdaccba94c7cfb2070e892ddb10567,ba6dd097d2d29740,1,51
/kaggle/input/datasets/jessicamercya/satria-data-2026/BDC2026-20260708T012259Z-3-001 - Copy/BDC2026/train/1_Electronic/75.high-angle-view-abandoned-television-set-road_650503-5611.jpg,Electronic,626,626,JPEG,RGB,1.0,False,ed729d4702c3ad900a401c01e0ca5dba,8d8b72245edb18e6,0,39
/kaggle/input/datasets/jessicamercya/satria-data-2026/BDC2026-20260708T012259Z-3-001 - Copy/BDC2026/train/1_Electronic/battery_116.jpg,Electronic,150,150,JPEG,RGB,1.0,False,621b584355c00728a3712cafaea5d7c4,eb1694cdc4611b67,12,38
/kaggle/input/datasets/jessicamercya/satria-data-2026/BDC2026-20260708T012259Z-3-001 - Copy/BDC2026/train/1_Electronic/Mouse_229.jpg,Electronic,150,150,JPEG,RGB,1.0,False,71c1a016d71426a57c420f1446eb20d6,c81cf3f28d11e1f8,5,36
/kaggle/input/datasets/jessicamercya/satria-data-2026/BDC2026-20260708T012259Z-3-001 - Copy/BDC2026/train/1_Electronic/Mobile_13.jpg,Electronic,150,150,JPEG,RGB,1.0,False,5c795df5863d774fa051f7fcfc9c3858,f4cdcca4d435d116,1,9
/kaggle/input/datasets/jessicamercya/satria-data-2026/BDC2026-20260708T012259Z-3-001 - Copy/BDC2026/train/1_Electronic/17.men-ghana-sort-through-electronic-waste-agbogbloshi-440nw-9818412b.jpg,Electronic,460,319,JPEG,RGB,1.4420062695924765,False,3dd5ddd5d7afc9502c390204276b322a,adbcf2ba89c4c584,0,22
/kaggle/input/datasets/jessicamercya/satria-data-2026/BDC2026-20260708T012259Z-3-001 - Copy/BDC2026/train/1_Electronic/85.tech-wood-ewaste-superJumbo.jpg,Electronic,1920,1080,JPEG,RGB,1.7777777777777777,False,757e2936cdd653ec753e2fff49b3a715,f622287db416e359,0,0
/kaggle/input/datasets/jessicamercya/satria-data-2026/BDC2026-20260708T012259Z-3-001 - Copy/BDC2026/train/1_Electronic/Microwave_170.jpg,Electronic,150,150,JPEG,RGB,1.0,False,4e0ca782d88ba9b9e79e883413e31658,ebe38e2e8a3e812c,8,1
/kaggle/input/datasets/jessicamercya/satria-data-2026/BDC2026-20260708T012259Z-3-001 - Copy/BDC2026/train/1_Electronic/Washing_Machine_115.jpg,Electronic,150,150,JPEG,RGB,1.0,False,8659a2d9c977f37c63d0c2fd54fc8ab4,e3e48c6963c98b33,3,8
/kaggle/input/datasets/jessicamercya/satria-data-2026/BDC2026-20260708T012259Z-3-001 - Copy/BDC2026/train/1_Electronic/Keyboard_205.jpg,Electronic,150,150,JPEG,RGB,1.0,False,4d489a741047fac7294ca571dddee65b,febec07098273338,2,13
/kaggle/input/datasets/jessicamercya/satria-data-2026/BDC2026-20260708T012259Z-3-001 - Copy/BDC2026/train/1_Electronic/Washing_Machine_199.jpg,Electronic,150,150,JPEG,RGB,1.0,False,9c82967b8f4634e5515928aae1bf0fe7,ea68254f87879595,3,33
/kaggle/input/datasets/jessicamercya/satria-data-2026/BDC2026-20260708T012259Z-3-001 - Copy/BDC2026/train/1_Electronic/battery_83.jpg,Electronic,150,150,JPEG,RGB,1.0,False,1d207c753282b01854e4aa0b6a853659,95f0c2eeb4807e6c,14,24
/kaggle/input/datasets/jessicamercya/satria-data-2026/BDC2026-20260708T012259Z-3-001 - Copy/BDC2026/train/1_Electronic/Microwave_268.jpg,Electronic,150,150,JPEG,RGB,1.0,False,bbf73dcd301103439dee7b554be98f9e,fec1813ebd28d581,8,20
/kaggle/input/datasets/jessicamercya/satria-data-2026/BDC2026-20260708T012259Z-3-001 - Copy/BDC2026/train/1_Electronic/180.jpg,Electronic,4160,2340,JPEG,RGB,1.7777777777777777,False,ea5c1b230888b7f90a3cdf6b39af7f94,af3dd590c2cac41b,10,56
/kaggle/input/datasets/jessicamercya/satria-data-2026/BDC2026-20260708T012259Z-3-001 - Copy/BDC2026/train/1_Electronic/Washing_Machine_58.jpg,Electronic,150,150,JPEG,RGB,1.0,False,663941b647ff45d5613e4f78765fbd50,b333cdc624cc3399,3,27
/kaggle/input/datasets/jessicamercya/satria-data-2026/BDC2026-20260708T012259Z-3-001 - Copy/BDC2026/train/1_Electronic/Player_221.jpg,Electronic,150,150,JPEG,RGB,1.0,False,0c6f5f2f4d4e392f5b046891f9386c20,f98da056957a7268,9,21
/kaggle/input/datasets/jessicamercya/satria-data-2026/BDC2026-20260708T012259Z-3-001 - Copy/BDC2026/train/1_Electronic/13.45d20285-44fc-4e90-bd53-79bb998deb17_169.jpeg,Electronic,200,113,JPEG,RGB,1.7699115044247788,False,eb534ccc4b2cb0637b6a49fd191650f4,85d6c3c1c7a0db9a,0,22
/kaggle/input/datasets/jessicamercya/satria-data-2026/BDC2026-20260708T012259Z-3-001 - Copy/BDC2026/train/1_Electronic/battery_281.jpg,Electronic,150,150,JPEG,RGB,1.0,False,e10f8d997276f963ba27e2b9722c73f1,aaca9b15ec33a60d,14,24
/kaggle/input/datasets/jessicamercya/satria-data-2026/BDC2026-20260708T012259Z-3-001 - Copy/BDC2026/train/1_Electronic/Player_214.jpg,Electronic,150,150,JPEG,RGB,1.0,False,20e82b58a891dcc622b4dbf22f4b22be,ab99d60d607395ca,9,45
/kaggle/input/datasets/jessicamercya/satria-data-2026/BDC2026-20260708T012259Z-3-001 - Copy/BDC2026/train/1_Electronic/14.laptop-death-560x372.jpg,Electronic,560,372,JPEG,RGB,1.5053763440860215,False,adb3c68fa8f5e8a237f571414a41ae2b,bec035d2352ac93b,0,58
/kaggle/input/datasets/jessicamercya/satria-data-2026/BDC2026-20260708T012259Z-3-001 - Copy/BDC2026/train/1_Electronic/Mobile_8.jpg,Electronic,150,150,JPEG,RGB,1.0,False,f681606da64a7ab9002b8e573361dfc5,bdc37038c4c7c33c,1,4
/kaggle/input/datasets/jessicamercya/satria-data-2026/BDC2026-20260708T012259Z-3-001 - Copy/BDC2026/train/1_Electronic/Printer_230.jpg,Electronic,150,150,JPEG,RGB,1.0,False,8184b1f0a19a62eb7daf58d16cf7f39c,87617897e5191a5e,6,6
/kaggle/input/datasets/jessicamercya/satria-data-2026/BDC2026-20260708T012259Z-3-001 - Copy/BDC2026/train/1_Electronic/Television_233.jpg,Electronic,150,150,JPEG,RGB,1.0,False,3a54f0eaac03c2ac267c5b352a205e81,b94a00f8c2dee5f8,4,10
/kaggle/input/datasets/jessicamercya/satria-data-2026/BDC2026-20260708T012259Z-3-001 - Copy/BDC2026/train/1_Electronic/68.how-to-dispose-of-old-laptop-1024x682.jpg,Electronic,1024,682,JPEG,RGB,1.501466275659824,False,b9308cf73bb1e31811db0f65ecf95859,bf91cc6cc07cc0dc,0,58
/kaggle/input/datasets/jessicamercya/satria-data-2026/BDC2026-20260708T012259Z-3-001 - Copy/BDC2026/train/1_Electronic/Washing_Machine_73.jpg,Electronic,150,150,JPEG,RGB,1.0,False,3f30b33dc3a6c0a4921e71053e3241f8,ea30b59e9487c6c5,3,33
/kaggle/input/datasets/jessicamercya/satria-data-2026/BDC2026-20260708T012259Z-3-001 - Copy/BDC2026/train/1_Electronic/69.revitalisasi-tempat-pembuangan-akhir-sampah-ti6u-dom.jpg,Electronic,1200,799,JPEG,RGB,1.5018773466833542,False,72932cb1e5061c1851431ded4e497bfc,9aa5a4ebd0e9d01e,0,22
/kaggle/input/datasets/jessicamercya/satria-data-2026/BDC2026-20260708T012259Z-3-001 - Copy/BDC2026/train/1_Electronic/IMG-20200329-WA0076.jpg,Electronic,720,1280,JPEG,RGB,0.5625,False,36b557468f372ecd735560dfa2d4a113,e5e3cf083c08bf34,11,31
/kaggle/input/datasets/jessicamercya/satria-data-2026/BDC2026-20260708T012259Z-3-001 - Copy/BDC2026/train/1_Electronic/Printer_294.jpg,Electronic,150,150,JPEG,RGB,1.0,False,4b0d7b2c8f8a885ba5ab8a120e252180,b7c0373ec037c827,6,6
/kaggle/input/datasets/jessicamercya/satria-data-2026/BDC2026-20260708T012259Z-3-001 - Copy/BDC2026/train/1_Electronic/Washing_Machine_222.jpg,Electronic,150,150,JPEG,RGB,1.0,False,6b87d7d5efa534a15ee6e5d8e71d468b,ea3e3cb1e1e0e831,3,33
/kaggle/input/datasets/jessicamercya/satria-data-2026/BDC2026-20260708T012259Z-3-001 - Copy/BDC2026/train/1_Electronic/Mouse_125.jpg,Electronic,150,150,JPEG,RGB,1.0,False,e9fd79b559651937f78a61bdc22f8405,ea35854792ce9ad8,5,26
/kaggle/input/datasets/jessicamercya/satria-data-2026/BDC2026-20260708T012259Z-3-001 - Copy/BDC2026/train/1_Electronic/Mouse_130.jpg,Electronic,150,150,JPEG,RGB,1.0,False,bb3b29694f78f1961c317080c4159907,afc2f81fe16c842c,5,26
/kaggle/input/datasets/jessicamercya/satria-data-2026/BDC2026-20260708T012259Z-3-001 - Copy/BDC2026/train/1_Electronic/Player_270.jpg,Electronic,150,150,JPEG,RGB,1.0,False,e804c2db0d95e4e19834ffcc27c64060,fab0e407817a1ef8,9,21
/kaggle/input/datasets/jessicamercya/satria-data-2026/BDC2026-20260708T012259Z-3-001 - Copy/BDC2026/train/1_Electronic/Keyboard_206.jpg,Electronic,150,150,JPEG,RGB,1.0,False,ae305a593ec8cb368a95410c3f374896,dc20689fbf685495,2,13
/kaggle/input/datasets/jessicamercya/satria-data-2026/BDC2026-20260708T012259Z-3-001 - Copy/BDC2026/train/1_Electronic/Keyboard_130.jpg,Electronic,150,150,JPEG,RGB,1.0,False,0787df3eab3a21fe6149c9b29844ae64,f98fdc4063b7901c,2,5
/kaggle/input/datasets/jessicamercya/satria-data-2026/BDC2026-20260708T012259Z-3-001 - Copy/BDC2026/train/1_Electronic/IMG_20200328_131236.jpg,Electronic,4000,2250,JPEG,RGB,1.7777777777777777,False,0007c0827e1ed6b1755f4373030e3848,aa4ed495b70f3530,10,2
/kaggle/input/datasets/jessicamercya/satria-data-2026/BDC2026-20260708T012259Z-3-001 - Copy/BDC2026/train/1_Electronic/Mouse_137.jpg,Electronic,150,150,JPEG,RGB,1.0,False,58b3fe5407ef6fcc04e0a4ec20b0a862,84c67b3b7b949146,5,3
/kaggle/input/datasets/jessicamercya/satria-data-2026/BDC2026-20260708T012259Z-3-001 - Copy/BDC2026/train/1_Electronic/567.jpg,Electronic,4160,2340,JPEG,RGB,1.7777777777777777,False,f4d22afb15e4079f7484b19fe11949a3,b92df0d4c28ac3d5,1,4
/kaggle/input/datasets/jessicamercya/satria-data-2026/BDC2026-20260708T012259Z-3-001 - Copy/BDC2026/train/1_Electronic/Television_258.jpg,Electronic,150,150,JPEG,RGB,1.0,False,32377371f0fe32fdd3c2983188600e99,bb6ee4c394bc9181,4,10
/kaggle/input/datasets/jessicamercya/satria-data-2026/BDC2026-20260708T012259Z-3-001 - Copy/BDC2026/train/1_Electronic/Mouse_265.jpg,Electronic,150,150,JPEG,RGB,1.0,False,0944f9526d41b51fdc8d385aafe7923f,9e61329e6d26388f,5,3
/kaggle/input/datasets/jessicamercya/satria-data-2026/BDC2026-20260708T012259Z-3-001 - Copy/BDC2026/train/1_Electronic/332.jpeg,Electronic,1152,864,JPEG,RGB,1.3333333333333333,False,8218a4cace21b0688b1eeb7705925270,8267c7874f78985a,11,31
/kaggle/input/datasets/jessicamercya/satria-data-2026/BDC2026-20260708T012259Z-3-001 - Copy/BDC2026/train/1_Electronic/Keyboard_255.jpg,Electronic,150,150,JPEG,RGB,1.0,False,6ed29cf3c475f1702cd7c7430a6baa30,fbd8d01cbd3db020,2,13
/kaggle/input/datasets/jessicamercya/satria-data-2026/BDC2026-20260708T012259Z-3-001 - Copy/BDC2026/train/1_Electronic/38.4-3.jpg,Electronic,1920,1080,JPEG,RGB,1.7777777777777777,False,b469957db872cca675dc2451bb8a975b,e01f3cc11748f1b7,0,0
/kaggle/input/datasets/jessicamercya/satria-data-2026/BDC2026-20260708T012259Z-3-001 - Copy/BDC2026/train/1_Electronic/Printer_142.jpg,Electronic,150,150,JPEG,RGB,1.0,False,de513c1a3542d5e271c2cc6f35d32b9e,ea1581ea2e15ebb4,6,11
/kaggle/input/datasets/jessicamercya/satria-data-2026/BDC2026-20260708T012259Z-3-001 - Copy/BDC2026/train/1_Electronic/Television_45.jpg,Electronic,150,150,JPEG,RGB,1.0,False,c82f83b5564550deca73acbc29d24bcd,be95e197815ad06a,4,12
/kaggle/input/datasets/jessicamercya/satria-data-2026/BDC2026-20260708T012259Z-3-001 - Copy/BDC2026/train/1_Electronic/155.jpg,Electronic,4160,2340,JPEG,RGB,1.7777777777777777,False,661e90732c9dcfe12e66e6d201d69ffd,e840973bf0013ffc,10,2
/kaggle/input/datasets/jessicamercya/satria-data-2026/BDC2026-20260708T012259Z-3-001 - Copy/BDC2026/train/1_Electronic/61.1_Circuit-board-e-waste-1200x900.jpg,Electronic,1200,900,JPEG,RGB,1.3333333333333333,False,c1ba43fb75fd88354d98b3fd9b20c36b,8b7e29f0908d563b,0,30
/kaggle/input/datasets/jessicamercya/satria-data-2026/BDC2026-20260708T012259Z-3-001 - Copy/BDC2026/train/1_Electronic/Keyboard_142.jpg,Electronic,150,150,JPEG,RGB,1.0,False,e4252566bef47be962d6f791a24bc86d,ff3e80c0693e94e1,2,32
/kaggle/input/datasets/jessicamercya/satria-data-2026/BDC2026-20260708T012259Z-3-001 - Copy/BDC2026/train/1_Electronic/610.jpeg,Electronic,1032,581,JPEG,RGB,1.7762478485370052,False,d64c9467983421b26697091ef37f132b,ea9da69996c992c1,11,44
/kaggle/input/datasets/jessicamercya/satria-data-2026/BDC2026-20260708T012259Z-3-001 - Copy/BDC2026/train/1_Electronic/pcb_46.jpg,Electronic,150,150,JPEG,RGB,1.0,False,70aec63bb801da6c70a6cba140cdba29,ad0d8d1d9d54d23a,7,7
/kaggle/input/datasets/jessicamercya/satria-data-2026/BDC2026-20260708T012259Z-3-001 - Copy/BDC2026/train/1_Electronic/Washing_Machine_1.jpg,Electronic,150,150,JPEG,RGB,1.0,False,a1ccae6a3b1958c19999b19a5625ab72,e664cc6423939b9b,3,27
/kaggle/input/datasets/jessicamercya/satria-data-2026/BDC2026-20260708T012259Z-3-001 - Copy/BDC2026/train/1_Electronic/Printer_23.jpg,Electronic,150,150,JPEG,RGB,1.0,False,d8cddb48a2c1b15da573371b9f3519cf,bf9fc060686d1b92,6,42
/kaggle/input/datasets/jessicamercya/satria-data-2026/BDC2026-20260708T012259Z-3-001 - Copy/BDC2026/train/1_Electronic/188.jpeg,Electronic,1280,721,JPEG,RGB,1.7753120665742026,False,0979787172a66b85dce5f56135a8d71f,b4308f8bdd551c8b,10,2
/kaggle/input/datasets/jessicamercya/satria-data-2026/BDC2026-20260708T012259Z-3-001 - Copy/BDC2026/train/1_Electronic/Mouse_84.jpg,Electronic,150,150,JPEG,RGB,1.0,False,a60434e1d8ddfb719276616eb4588c68,99a6e699d8c4d364,5,3
/kaggle/input/datasets/jessicamercya/satria-data-2026/BDC2026-20260708T012259Z-3-001 - Copy/BDC2026/train/1_Electronic/pcb_94.jpg,Electronic,150,150,JPEG,RGB,1.0,False,e1c0927668fce3f0279e624e9afde8b3,8055856ad2957abf,7,18
/kaggle/input/datasets/jessicamercya/satria-data-2026/BDC2026-20260708T012259Z-3-001 - Copy/BDC2026/train/1_Electronic/Mobile_81.jpg,Electronic,150,150,JPEG,RGB,1.0,False,04aef8caa244166bc4654db1cafdab6d,b0dfcf613016648f,1,9
/kaggle/input/datasets/jessicamercya/satria-data-2026/BDC2026-20260708T012259Z-3-001 - Copy/BDC2026/train/1_Electronic/Mobile_285.jpg,Electronic,150,150,JPEG,RGB,1.0,False,a01086d231d4085f231bcb58991a6103,a0ff17c07a3f61a0,1,51
/kaggle/input/datasets/jessicamercya/satria-data-2026/BDC2026-20260708T012259Z-3-001 - Copy/BDC2026/train/1_Electronic/Player_299.jpg,Electronic,150,150,JPEG,RGB,1.0,False,53b3ff1f8cef2cd8a12690ecc1741f8f,afd4c22fb4b481e1,9,17
/kaggle/input/datasets/jessicamercya/satria-data-2026/BDC2026-20260708T012259Z-3-001 - Copy/BDC2026/train/1_Electronic/Microwave_131.jpg,Electronic,150,150,JPEG,RGB,1.0,False,f23239b8c83f5d99b42d473463e2f1ca,bceb8b2c3cc56512,8,20
/kaggle/input/datasets/jessicamercya/satria-data-2026/BDC2026-20260708T012259Z-3-001 - Copy/BDC2026/train/1_Electronic/Printer_223.jpg,Electronic,150,150,JPEG,RGB,1.0,False,4b2343ae0be81a09e2c5228005b79137,ba6ac0859f98d837,6,52
/kaggle/input/datasets/jessicamercya/satria-data-2026/BDC2026-20260708T012259Z-3-001 - Copy/BDC2026/train/1_Electronic/Keyboard_80.jpg,Electronic,150,150,JPEG,RGB,1.0,False,85e83707ef3829e01a5390873fa0f1fa,dec2c188d6b652ba,2,13
/kaggle/input/datasets/jessicamercya/satria-data-2026/BDC2026-20260708T012259Z-3-001 - Copy/BDC2026/train/1_Electronic/69.discarded-electronics-pile-up-county-recycling-event-lawrenceville-ga-usa-november-volunteers-assist-people-cars-dropping-37003481.jpg,Electronic,1600,1157,JPEG,RGB,1.382886776145203,False,7dc7e8637a5ab78bbbbd1278a49f464e,c4bbb1c956f60e84,0,0
/kaggle/input/datasets/jessicamercya/satria-data-2026/BDC2026-20260708T012259Z-3-001 - Copy/BDC2026/train/1_Electronic/pcb_206.jpg,Electronic,150,150,JPEG,RGB,1.0,False,0f6d78f7e64ae4a0604d7037020d3682,b3a3c32ff2203c39,7,23
/kaggle/input/datasets/jessicamercya/satria-data-2026/BDC2026-20260708T012259Z-3-001 - Copy/BDC2026/train/1_Electronic/Television_105.jpg,Electronic,150,150,JPEG,RGB,1.0,False,8ee8444ac3cd910f4c922bb758498d9c,af0fa51fc0934c93,4,10
/kaggle/input/datasets/jessicamercya/satria-data-2026/BDC2026-20260708T012259Z-3-001 - Copy/BDC2026/train/1_Electronic/16.694898-electronic-waste-thinkstock.jpg,Electronic,1280,720,JPEG,RGB,1.7777777777777777,False,262b54ec82c3bc06fb5837f3505df70a,b4c7968cc9cd9839,0,0
/kaggle/input/datasets/jessicamercya/satria-data-2026/BDC2026-20260708T012259Z-3-001 - Copy/BDC2026/train/1_Electronic/Keyboard_292.jpg,Electronic,150,150,JPEG,RGB,1.0,False,4e60b4c7b6eaafe876dc79603b478b9d,add2b58241170f6f,2,5
/kaggle/input/datasets/jessicamercya/satria-data-2026/BDC2026-20260708T012259Z-3-001 - Copy/BDC2026/train/1_Electronic/Washing_Machine_71.jpg,Electronic,150,150,JPEG,RGB,1.0,False,50e5379cad805e3153ae9a1922aa921b,eb17d0e7222c3dc2,3,28
/kaggle/input/datasets/jessicamercya/satria-data-2026/BDC2026-20260708T012259Z-3-001 - Copy/BDC2026/train/1_Electronic/IMG_20201101_130503.jpg,Electronic,4000,3000,JPEG,RGB,1.3333333333333333,False,e633b515f3f53e700f5e9cc4212e6c01,ded0e318cf609c0f,15,59
/kaggle/input/datasets/jessicamercya/satria-data-2026/BDC2026-20260708T012259Z-3-001 - Copy/BDC2026/train/1_Electronic/pcb_207.jpg,Electronic,150,150,JPEG,RGB,1.0,False,35c74d13fcaa0dd0863f39ff5535900e,d43ed07cf0f078d0,7,18
/kaggle/input/datasets/jessicamercya/satria-data-2026/BDC2026-20260708T012259Z-3-001 - Copy/BDC2026/train/1_Electronic/Player_181.jpg,Electronic,150,150,JPEG,RGB,1.0,False,a20630b2dfebd5f24d95ffb962158cd1,e9d19ece9312c692,9,17
/kaggle/input/datasets/jessicamercya/satria-data-2026/BDC2026-20260708T012259Z-3-001 - Copy/BDC2026/train/1_Electronic/Mouse_79.jpg,Electronic,150,150,JPEG,RGB,1.0,False,7489c7c60b3368f6a39f53620b6a97b9,a5929ecb996c9a2c,5,3
/kaggle/input/datasets/jessicamercya/satria-data-2026/BDC2026-20260708T012259Z-3-001 - Copy/BDC2026/train/1_Electronic/Mobile_187.jpg,Electronic,150,150,JPEG,RGB,1.0,False,7b28e2e4c01fd664bfaa2df6d18baf3b,c2e41893674f7b26,2,25
/kaggle/input/datasets/jessicamercya/satria-data-2026/BDC2026-20260708T012259Z-3-001 - Copy/BDC2026/train/1_Electronic/346.jpeg,Electronic,366,1280,JPEG,RGB,0.2859375,False,c40324ee3cb3aa39de7cfc5ba9504ef0,aa0abdd45f55503c,11,31
/kaggle/input/datasets/jessicamercya/satria-data-2026/BDC2026-20260708T012259Z-3-001 - Copy/BDC2026/train/1_Electronic/Printer_252.jpg,Electronic,150,150,JPEG,RGB,1.0,False,13b17d2a7e2b2d3f1959c86bb0f09984,af92b1cfc26812ec,6,11
/kaggle/input/datasets/jessicamercya/satria-data-2026/BDC2026-20260708T012259Z-3-001 - Copy/BDC2026/train/1_Electronic/467.jpeg,Electronic,721,1280,JPEG,RGB,0.56328125,False,9a84616cb5c3109f8d85a0905c9371e9,bce182c2d2cb299f,1,4
/kaggle/input/datasets/jessicamercya/satria-data-2026/BDC2026-20260708T012259Z-3-001 - Copy/BDC2026/train/1_Electronic/5.recovered-computer-processor-discarded-accra-ghana-they-440nw-12831279e.jpg,Electronic,440,294,JPEG,RGB,1.4965986394557824,False,8a57d089006a68e8f143257a7b8cf2c3,ca4b885eb3c46bb4,7,18
/kaggle/input/datasets/jessicamercya/satria-data-2026/BDC2026-20260708T012259Z-3-001 - Copy/BDC2026/train/1_Electronic/Mouse_209.jpg,Electronic,150,150,JPEG,RGB,1.0,False,b49c8015a3ad417dbb29c85031d8c858,ea3d87d198c2994e,5,26
/kaggle/input/datasets/jessicamercya/satria-data-2026/BDC2026-20260708T012259Z-3-001 - Copy/BDC2026/train/1_Electronic/Television_71.jpg,Electronic,150,150,JPEG,RGB,1.0,False,141f7f55892ef90fde70331adcfd7416,f125939286d99e8e,4,15
/kaggle/input/datasets/jessicamercya/satria-data-2026/BDC2026-20260708T012259Z-3-001 - Copy/BDC2026/train/1_Electronic/60.who_20210315_uy_1501-min.jpg,Electronic,1600,1067,JPEG,RGB,1.499531396438613,False,a7955bb9ea1c9c3738c69b1a5fa9a642,ea34e187e750951e,0,34
/kaggle/input/datasets/jessicamercya/satria-data-2026/BDC2026-20260708T012259Z-3-001 - Copy/BDC2026/train/1_Electronic/599.jpeg,Electronic,768,1024,JPEG,RGB,0.75,False,f550967a0f8e72a022d8911ea229c58f,a4e9d207e714e13e,1,4
/kaggle/input/datasets/jessicamercya/satria-data-2026/BDC2026-20260708T012259Z-3-001 - Copy/BDC2026/train/1_Electronic/Player_287.jpg,Electronic,150,150,JPEG,RGB,1.0,False,1a27710f41335a2c5c0fe5697bccbf30,a4c7748dcccc9c9a,9,17
/kaggle/input/datasets/jessicamercya/satria-data-2026/BDC2026-20260708T012259Z-3-001 - Copy/BDC2026/train/1_Electronic/Keyboard_50.jpg,Electronic,150,150,JPEG,RGB,1.0,False,0db0674f52a443b38123d6a7a58521c3,b4a2ca0b83c9dd5d,11,57
/kaggle/input/datasets/jessicamercya/satria-data-2026/BDC2026-20260708T012259Z-3-001 - Copy/BDC2026/train/1_Electronic/pcb_275.jpg,Electronic,150,150,JPEG,RGB,1.0,False,cf048b0fc074b091dcb88dc670b8e276,fff08042b91fe298,7,23
/kaggle/input/datasets/jessicamercya/satria-data-2026/BDC2026-20260708T012259Z-3-001 - Copy/BDC2026/train/1_Electronic/38.P_20190321_145443.jpg,Electronic,700,394,JPEG,RGB,1.7766497461928934,False,8aa1d59c2055c09a5255432958f580bc,81537e18b1bdc8e9,0,22
/kaggle/input/datasets/jessicamercya/satria-data-2026/BDC2026-20260708T012259Z-3-001 - Copy/BDC2026/train/1_Electronic/Mobile_163.jpg,Electronic,150,150,JPEG,RGB,1.0,False,e98917da6e7292df23d97d96cf944f4f,db459e608d321fb1,1,16
/kaggle/input/datasets/jessicamercya/satria-data-2026/BDC2026-20260708T012259Z-3-001 - Copy/BDC2026/train/1_Electronic/Mouse_98.jpg,Electronic,150,150,JPEG,RGB,1.0,False,3b2fd6893d6138a2724449de3b47b34d,c9e6e74162262bae,5,3
/kaggle/input/datasets/jessicamercya/satria-data-2026/BDC2026-20260708T012259Z-3-001 - Copy/BDC2026/train/1_Electronic/Microwave_192.jpg,Electronic,150,150,JPEG,RGB,1.0,False,83e8687abc575ed85b91ac6a6d24c9c3,bf0aca3dc92e36c0,8,1
/kaggle/input/datasets/jessicamercya/satria-data-2026/BDC2026-20260708T012259Z-3-001 - Copy/BDC2026/train/1_Electronic/Player_50.jpg,Electronic,150,150,JPEG,RGB,1.0,False,7da06061e17595f1ab028e7f1fd08709,ee3ad1e4291ad42d,9,48
/kaggle/input/datasets/jessicamercya/satria-data-2026/BDC2026-20260708T012259Z-3-001 - Copy/BDC2026/train/1_Electronic/Television_293.jpg,Electronic,150,150,JPEG,RGB,1.0,False,4f14a454df640121637926f2b4b022f3,b1c4cfb03ce11ec6,4,12
/kaggle/input/datasets/jessicamercya/satria-data-2026/BDC2026-20260708T012259Z-3-001 - Copy/BDC2026/train/1_Electronic/25.depositphotos_329197440-stock-photo-pile-motherboard-computer-electronic-equipment.jpg,Electronic,1600,1167,JPEG,RGB,1.3710368466152527,False,ad01f9e9467f98b638fda08effcd0b0c,b5b0c38b0ebc3cc6,0,34
/kaggle/input/datasets/jessicamercya/satria-data-2026/BDC2026-20260708T012259Z-3-001 - Copy/BDC2026/train/1_Electronic/485.jpg,Electronic,2340,4160,JPEG,RGB,0.5625,False,391be908d4856dda94f2f10a89020e81,955e6aa16ba9816e,1,4
/kaggle/input/datasets/jessicamercya/satria-data-2026/BDC2026-20260708T012259Z-3-001 - Copy/BDC2026/train/1_Electronic/Mobile_281.jpg,Electronic,150,150,JPEG,RGB,1.0,False,ef3f4ce8162d696b0a8355e92221a9c9,f0d8d668c34bcacc,1,16
/kaggle/input/datasets/jessicamercya/satria-data-2026/BDC2026-20260708T012259Z-3-001 - Copy/BDC2026/train/1_Electronic/battery_139.jpg,Electronic,150,150,JPEG,RGB,1.0,False,30104456a320e15e08b39f1eca125ca0,be9dd2608c63b0da,14,24
/kaggle/input/datasets/jessicamercya/satria-data-2026/BDC2026-20260708T012259Z-3-001 - Copy/BDC2026/train/1_Electronic/Microwave_206.jpg,Electronic,150,150,JPEG,RGB,1.0,False,a27dcf9ba0dbcb4be2f1408f2e0c8fc9,ab3ed0c02e2a6b3e,2,32
/kaggle/input/datasets/jessicamercya/satria-data-2026/BDC2026-20260708T012259Z-3-001 - Copy/BDC2026/train/1_Electronic/Television_21.jpg,Electronic,150,150,JPEG,RGB,1.0,False,a6fd98d61e61456441eaea96920f87e4,a5b4482117f91bde,4,12
/kaggle/input/datasets/jessicamercya/satria-data-2026/BDC2026-20260708T012259Z-3-001 - Copy/BDC2026/train/1_Electronic/86.blog-08-600x293.jpg,Electronic,600,293,JPEG,RGB,2.04778156996587,False,a6a79cdb8bd0365e9a14d0d5a2084f34,b7a980f23367ae88,0,14
/kaggle/input/datasets/jessicamercya/satria-data-2026/BDC2026-20260708T012259Z-3-001 - Copy/BDC2026/train/1_Electronic/Keyboard_35.jpg,Electronic,150,150,JPEG,RGB,1.0,False,291c02bb865ab304ae128fd2d9ad1ffc,c1e89f96c246d627,2,13
/kaggle/input/datasets/jessicamercya/satria-data-2026/BDC2026-20260708T012259Z-3-001 - Copy/BDC2026/train/1_Electronic/Television_284.jpg,Electronic,150,150,JPEG,RGB,1.0,False,0913ab1dd22cad666c4529b629577284,eac83f138cc187dc,4,12
/kaggle/input/datasets/jessicamercya/satria-data-2026/BDC2026-20260708T012259Z-3-001 - Copy/BDC2026/train/1_Electronic/23.Motherboard-Scrap-571.jpg,Electronic,1434,1080,JPEG,RGB,1.3277777777777777,False,208e1956bc4e82d1c79103cf28a3a76b,d7ffa9d0ac403681,0,30
/kaggle/input/datasets/jessicamercya/satria-data-2026/BDC2026-20260708T012259Z-3-001 - Copy/BDC2026/train/1_Electronic/IMG_20200328_131720.jpg,Electronic,4000,2250,JPEG,RGB,1.7777777777777777,False,1f934730a31802e0046aa0f8d767bc2e,f66ebc9b62498886,1,4
/kaggle/input/datasets/jessicamercya/satria-data-2026/BDC2026-20260708T012259Z-3-001 - Copy/BDC2026/train/1_Electronic/battery_35.jpg,Electronic,150,150,JPEG,RGB,1.0,False,6f30f3d64bce3c5e948457d37a101226,eae09537958c1de1,12,37
/kaggle/input/datasets/jessicamercya/satria-data-2026/BDC2026-20260708T012259Z-3-001 - Copy/BDC2026/train/1_Electronic/158.jpg,Electronic,4160,2340,JPEG,RGB,1.7777777777777777,False,ef6177e091ad41d0425ef445387a7038,ae7cd50b02f57d20,10,2
/kaggle/input/datasets/jessicamercya/satria-data-2026/BDC2026-20260708T012259Z-3-001 - Copy/BDC2026/train/1_Electronic/321.jpeg,Electronic,1152,864,JPEG,RGB,1.3333333333333333,False,ddcc72deaead88c574701157ed5bff13,fa6a9ec78194c28d,11,41
/kaggle/input/datasets/jessicamercya/satria-data-2026/BDC2026-20260708T012259Z-3-001 - Copy/BDC2026/train/1_Electronic/Television_31.jpg,Electronic,150,150,JPEG,RGB,1.0,False,bfb7c9096a18a029c672cb3efa336e03,df80a9fd5080f5d2,4,15
/kaggle/input/datasets/jessicamercya/satria-data-2026/BDC2026-20260708T012259Z-3-001 - Copy/BDC2026/train/1_Electronic/IMG_20201101_130017.jpg,Electronic,4000,3000,JPEG,RGB,1.3333333333333333,False,abde48a4a8d13a51ad0b88542a791cce,c53872876916c9cf,15,59
/kaggle/input/datasets/jessicamercya/satria-data-2026/BDC2026-20260708T012259Z-3-001 - Copy/BDC2026/train/1_Electronic/Player_257.jpg,Electronic,150,150,JPEG,RGB,1.0,False,116fd0896943c6ad9001d32df058c456,eb91a54e937a9261,9,21
/kaggle/input/datasets/jessicamercya/satria-data-2026/BDC2026-20260708T012259Z-3-001 - Copy/BDC2026/train/1_Electronic/Mobile_199.jpg,Electronic,150,150,JPEG,RGB,1.0,False,947555070b5bd071e6496915eee423f2,e99596697998648e,2,25
/kaggle/input/datasets/jessicamercya/satria-data-2026/BDC2026-20260708T012259Z-3-001 - Copy/BDC2026/train/1_Electronic/Keyboard_244.jpg,Electronic,150,150,JPEG,RGB,1.0,False,cc2cfdebf2ab14401a8501fa4ae25f6d,fe3d9ac0d94aa170,2,32
/kaggle/input/datasets/jessicamercya/satria-data-2026/BDC2026-20260708T012259Z-3-001 - Copy/BDC2026/train/1_Electronic/Television_223.jpg,Electronic,150,150,JPEG,RGB,1.0,False,0568afea4b38d8f5350c3ec0df283069,c4b16c936969b36c,4,10
/kaggle/input/datasets/jessicamercya/satria-data-2026/BDC2026-20260708T012259Z-3-001 - Copy/BDC2026/train/1_Electronic/76.bgr-access-e1574737234300.jpg,Electronic,638,425,JPEG,RGB,1.5011764705882353,False,a4223353dbd4d83d72a9a105be4b4881,d1a9b99387bc2827,0,0
/kaggle/input/datasets/jessicamercya/satria-data-2026/BDC2026-20260708T012259Z-3-001 - Copy/BDC2026/train/1_Electronic/8.photo-old-broken-computer-monitor-260nw-1318304534.jpg,Electronic,347,280,JPEG,RGB,1.2392857142857143,False,0ec48a039bc70013c994ff9bddf75e92,800e9756b3c3bf19,0,0
/kaggle/input/datasets/jessicamercya/satria-data-2026/BDC2026-20260708T012259Z-3-001 - Copy/BDC2026/train/1_Electronic/pcb_218.jpg,Electronic,150,150,JPEG,RGB,1.0,False,71ee2c76e17319f180cc862943b7d9fa,efd67881068cf532,7,18
/kaggle/input/datasets/jessicamercya/satria-data-2026/BDC2026-20260708T012259Z-3-001 - Copy/BDC2026/train/1_Electronic/506.jpeg,Electronic,746,1280,JPEG,RGB,0.5828125,False,c011e4143fa04ab99fae2dc2f4ca8e55,bfd5d48aeb2a4540,1,4
/kaggle/input/datasets/jessicamercya/satria-data-2026/BDC2026-20260708T012259Z-3-001 - Copy/BDC2026/train/1_Electronic/Television_237.jpg,Electronic,150,150,JPEG,RGB,1.0,False,dde8afae5214d3080596b4e48ccd8542,ea98859fd0a5dae0,4,10
/kaggle/input/datasets/jessicamercya/satria-data-2026/BDC2026-20260708T012259Z-3-001 - Copy/BDC2026/train/1_Electronic/pcb_297.jpg,Electronic,150,150,JPEG,RGB,1.0,False,5de91a5673098c5e26b43636aa530ffc,ffd2814f853b8036,7,23
/kaggle/input/datasets/jessicamercya/satria-data-2026/BDC2026-20260708T012259Z-3-001 - Copy/BDC2026/train/1_Electronic/Mouse_295.jpg,Electronic,150,150,JPEG,RGB,1.0,False,0a6c45c3ed8c83995756cda4a4ed058b,a38ec3413c3b3e78,5,36
/kaggle/input/datasets/jessicamercya/satria-data-2026/BDC2026-20260708T012259Z-3-001 - Copy/BDC2026/train/1_Electronic/Mobile_74.jpg,Electronic,150,150,JPEG,RGB,1.0,False,d3959e0fd6dacdc9135dc6f84171e544,9d3867901e7547e2,1,16
/kaggle/input/datasets/jessicamercya/satria-data-2026/BDC2026-20260708T012259Z-3-001 - Copy/BDC2026/train/1_Electronic/Mobile_237.jpg,Electronic,150,150,JPEG,RGB,1.0,False,86caf07bbc19c5ec2ab9596eb7ff99ae,f44ecbb0dac1c3a1,1,9
/kaggle/input/datasets/jessicamercya/satria-data-2026/BDC2026-20260708T012259Z-3-001 - Copy/BDC2026/train/1_Electronic/Keyboard_151.jpg,Electronic,150,150,JPEG,RGB,1.0,False,07911809dbf7ee0a44855764e49b067a,bfe5c01042bf3fc0,2,5
/kaggle/input/datasets/jessicamercya/satria-data-2026/BDC2026-20260708T012259Z-3-001 - Copy/BDC2026/train/1_Electronic/Player_231.jpg,Electronic,150,150,JPEG,RGB,1.0,False,1046cd858191840c753e9ad265481962,ec9b9b64c4932c2e,2,32
/kaggle/input/datasets/jessicamercya/satria-data-2026/BDC2026-20260708T012259Z-3-001 - Copy/BDC2026/train/1_Electronic/Player_216.jpg,Electronic,150,150,JPEG,RGB,1.0,False,8b376548752dab88629b916895d5fcad,bec4c125e12b971e,9,21
/kaggle/input/datasets/jessicamercya/satria-data-2026/BDC2026-20260708T012259Z-3-001 - Copy/BDC2026/train/1_Electronic/Copy of IMG_20200328_135222.jpg,Electronic,3456,4608,JPEG,RGB,0.75,False,4f1ef19dcc164d795199120e38e8a116,a556da29da097f12,1,4
/kaggle/input/datasets/jessicamercya/satria-data-2026/BDC2026-20260708T012259Z-3-001 - Copy/BDC2026/train/1_Electronic/77.1035.jpg,Electronic,800,800,JPEG,RGB,1.0,False,bce4757301c1c4265f70e6e9dd9f09c3,bf3dc4c39042c53d,0,30
/kaggle/input/datasets/jessicamercya/satria-data-2026/BDC2026-20260708T012259Z-3-001 - Copy/BDC2026/train/1_Electronic/Mouse_122.jpg,Electronic,150,150,JPEG,RGB,1.0,False,adf481b25f995ca8598d94c8750e0378,a7a61b9398f91983,5,3
/kaggle/input/datasets/jessicamercya/satria-data-2026/BDC2026-20260708T012259Z-3-001 - Copy/BDC2026/train/1_Electronic/35.e-waste-pickup1-300x200.png,Electronic,300,200,PNG,RGB,1.5,False,908b76c9966f0262609ffc152cce7a8e,eae2949d0969d1da,0,22
/kaggle/input/datasets/jessicamercya/satria-data-2026/BDC2026-20260708T012259Z-3-001 - Copy/BDC2026/train/1_Electronic/Player_115.jpg,Electronic,150,150,JPEG,RGB,1.0,False,1a819ee887b632a9db9db93ebc305de4,9396642c316fa7a9,9,50
/kaggle/input/datasets/jessicamercya/satria-data-2026/BDC2026-20260708T012259Z-3-001 - Copy/BDC2026/train/1_Electronic/535.jpeg,Electronic,864,1152,JPEG,RGB,0.75,False,7e78933cd241ea8ee4793727d4cad77c,b0878f359b3c5c8c,1,4
/kaggle/input/datasets/jessicamercya/satria-data-2026/BDC2026-20260708T012259Z-3-001 - Copy/BDC2026/train/1_Electronic/Washing_Machine_130.jpg,Electronic,150,150,JPEG,RGB,1.0,False,50297d6d13f339b15646c4e969948e51,eaf82aad2aad2aa4,3,35
/kaggle/input/datasets/jessicamercya/satria-data-2026/BDC2026-20260708T012259Z-3-001 - Copy/BDC2026/train/1_Electronic/Keyboard_175.jpg,Electronic,150,150,JPEG,RGB,1.0,False,eb7ab88b1494070240a4fbe600d587d3,abc8c81fb43187f4,2,13
/kaggle/input/datasets/jessicamercya/satria-data-2026/BDC2026-20260708T012259Z-3-001 - Copy/BDC2026/train/1_Electronic/Player_124.jpg,Electronic,150,150,JPEG,RGB,1.0,False,9f418d97f6750bac934b9b040703272b,de3120cf20ef9339,9,17
/kaggle/input/datasets/jessicamercya/satria-data-2026/BDC2026-20260708T012259Z-3-001 - Copy/BDC2026/train/1_Electronic/257.jpeg,Electronic,1152,864,JPEG,RGB,1.3333333333333333,False,7d63d9411aefd56b6d7ef1781c8f0bbd,fa99d102eb3d90e2,10,2
/kaggle/input/datasets/jessicamercya/satria-data-2026/BDC2026-20260708T012259Z-3-001 - Copy/BDC2026/train/1_Electronic/Keyboard_54.jpg,Electronic,150,150,JPEG,RGB,1.0,False,d9203a585d226b4916faae7696ca6fa7,eb94944bc93e36c1,2,5
/kaggle/input/datasets/jessicamercya/satria-data-2026/BDC2026-20260708T012259Z-3-001 - Copy/BDC2026/train/1_Electronic/IMG-20200328-WA0037.jpg,Electronic,640,1280,JPEG,RGB,0.5,False,74412b937f73f4d36e8ce53534572b29,909f6ee0e10b9796,1,4
/kaggle/input/datasets/jessicamercya/satria-data-2026/BDC2026-20260708T012259Z-3-001 - Copy/BDC2026/train/1_Electronic/Printer_133.jpg,Electronic,150,150,JPEG,RGB,1.0,False,7c90288c7e018928a059bbd16ea53459,d5a07a2ad59e9496,6,6
/kaggle/input/datasets/jessicamercya/satria-data-2026/BDC2026-20260708T012259Z-3-001 - Copy/BDC2026/train/1_Electronic/Washing_Machine_55.jpg,Electronic,150,150,JPEG,RGB,1.0,False,0c3d3276d3f1154c805f4350d1df4e50,dbd5363a3022333e,3,28
/kaggle/input/datasets/jessicamercya/satria-data-2026/BDC2026-20260708T012259Z-3-001 - Copy/BDC2026/train/1_Electronic/Television_199.jpg,Electronic,150,150,JPEG,RGB,1.0,False,7cc3d4d27893416bfb29e07eb4cd5c48,af95f04af07ac078,4,12
/kaggle/input/datasets/jessicamercya/satria-data-2026/BDC2026-20260708T012259Z-3-001 - Copy/BDC2026/train/1_Electronic/Microwave_25.jpg,Electronic,150,150,JPEG,RGB,1.0,False,55a2d60b041732353473a2c15a11beef,d160cced13901f6f,8,20
/kaggle/input/datasets/jessicamercya/satria-data-2026/BDC2026-20260708T012259Z-3-001 - Copy/BDC2026/train/1_Electronic/13.Electronic-Recycling.jpg,Electronic,600,336,JPEG,RGB,1.7857142857142858,False,ed550332165cfc1ec205747238a8dfa0,f1929857431f5c4e,0,0
/kaggle/input/datasets/jessicamercya/satria-data-2026/BDC2026-20260708T012259Z-3-001 - Copy/BDC2026/train/1_Electronic/Mobile_287.jpg,Electronic,150,150,JPEG,RGB,1.0,False,16bfbc225729745fe2cecae53405e654,b66bc974729309c9,1,51
/kaggle/input/datasets/jessicamercya/satria-data-2026/BDC2026-20260708T012259Z-3-001 - Copy/BDC2026/train/1_Electronic/208.jpeg,Electronic,1152,864,JPEG,RGB,1.3333333333333333,False,c1ab266a285b47dc380fd89695f177d1,fad585a881575ea8,10,2
/kaggle/input/datasets/jessicamercya/satria-data-2026/BDC2026-20260708T012259Z-3-001 - Copy/BDC2026/train/1_Electronic/Mouse_274.jpg,Electronic,150,150,JPEG,RGB,1.0,False,2d50c36610110892b5fd7e9133ca08c5,e1529e495965eca6,5,36
/kaggle/input/datasets/jessicamercya/satria-data-2026/BDC2026-20260708T012259Z-3-001 - Copy/BDC2026/train/1_Electronic/231.jpeg,Electronic,1280,990,JPEG,RGB,1.292929292929293,False,d37220ea7bbd98c8591acfecb23ee1a0,ad5443bd95ca1ad2,10,2
/kaggle/input/datasets/jessicamercya/satria-data-2026/BDC2026-20260708T012259Z-3-001 - Copy/BDC2026/train/1_Electronic/Washing_Machine_110.jpg,Electronic,150,150,JPEG,RGB,1.0,False,06d554005d4b6eaa11e6a83ef4905daf,be63616bc1ce8d84,3,33
/kaggle/input/datasets/jessicamercya/satria-data-2026/BDC2026-20260708T012259Z-3-001 - Copy/BDC2026/train/1_Electronic/Player_140.jpg,Electronic,150,150,JPEG,RGB,1.0,False,8bd58531d885d44174d0a13a8ab46a78,bad4a91af591c43a,9,17
/kaggle/input/datasets/jessicamercya/satria-data-2026/BDC2026-20260708T012259Z-3-001 - Copy/BDC2026/train/1_Electronic/battery_56.jpg,Electronic,150,150,JPEG,RGB,1.0,False,9164448fb448267b1a51a8355dfece50,b43cdbd9c6c06165,12,37
/kaggle/input/datasets/jessicamercya/satria-data-2026/BDC2026-20260708T012259Z-3-001 - Copy/BDC2026/train/1_Electronic/printed-circuit-board-500x500.jpg,Electronic,500,500,JPEG,RGB,1.0,False,c5ea08ecd4782d184fca1a73debfb41e,affdd093d094d092,7,23
/kaggle/input/datasets/jessicamercya/satria-data-2026/BDC2026-20260708T012259Z-3-001 - Copy/BDC2026/train/1_Electronic/Washing_Machine_196.jpg,Electronic,150,150,JPEG,RGB,1.0,False,602bc3253679a44f7e59203dac9e0b63,e06dc6c549cb65e8,3,8
/kaggle/input/datasets/jessicamercya/satria-data-2026/BDC2026-20260708T012259Z-3-001 - Copy/BDC2026/train/1_Electronic/Television_131.jpg,Electronic,150,150,JPEG,RGB,1.0,False,e827f4a19d519224adf404fbc066710e,a559fb3490ea05b5,4,10
/kaggle/input/datasets/jessicamercya/satria-data-2026/BDC2026-20260708T012259Z-3-001 - Copy/BDC2026/train/1_Electronic/Printer_147.jpg,Electronic,150,150,JPEG,RGB,1.0,False,bf1b3d7470fd76f7e52ca29be8f03c4d,fe5990a0ca978dca,6,11
/kaggle/input/datasets/jessicamercya/satria-data-2026/BDC2026-20260708T012259Z-3-001 - Copy/BDC2026/train/1_Electronic/pcb_138.jpg,Electronic,150,150,JPEG,RGB,1.0,False,4145b4ccdd4a9bee217b6450813dafc5,bb90c46fb13ec2c1,7,7
/kaggle/input/datasets/jessicamercya/satria-data-2026/BDC2026-20260708T012259Z-3-001 - Copy/BDC2026/train/1_Electronic/774.jpeg,Electronic,583,1280,JPEG,RGB,0.45546875,False,7ee24ed758109f49f3586f3d023a9baf,b0f60fcf34701a93,5,29
/kaggle/input/datasets/jessicamercya/satria-data-2026/BDC2026-20260708T012259Z-3-001 - Copy/BDC2026/train/1_Electronic/Washing_Machine_259.jpg,Electronic,150,150,JPEG,RGB,1.0,False,c0ca0ae63bdd300781760e85b62f8acc,bfcbc02d62968696,3,35
/kaggle/input/datasets/jessicamercya/satria-data-2026/BDC2026-20260708T012259Z-3-001 - Copy/BDC2026/train/1_Electronic/18.pasar-loak-astana-anyar.jpg,Electronic,1200,800,JPEG,RGB,1.5,False,f2246d136b78b91b79575d5ea792dd6e,912bbda3656c262b,0,22
/kaggle/input/datasets/jessicamercya/satria-data-2026/BDC2026-20260708T012259Z-3-001 - Copy/BDC2026/train/1_Electronic/battery_107.jpg,Electronic,150,150,JPEG,RGB,1.0,False,ea494036f058bd9156fe2d062c5907ef,ea80e0cfd670e17a,12,38
/kaggle/input/datasets/jessicamercya/satria-data-2026/BDC2026-20260708T012259Z-3-001 - Copy/BDC2026/train/1_Electronic/Player_197.jpg,Electronic,150,150,JPEG,RGB,1.0,False,14e651668d929808f5f0bf1f01dd7790,beb4c1518d6ec433,9,17
/kaggle/input/datasets/jessicamercya/satria-data-2026/BDC2026-20260708T012259Z-3-001 - Copy/BDC2026/train/1_Electronic/Printer_204.jpg,Electronic,150,150,JPEG,RGB,1.0,False,6f0b5e683e1481500d008941a1f8b735,ffd2a81d90c8b705,6,11
/kaggle/input/datasets/jessicamercya/satria-data-2026/BDC2026-20260708T012259Z-3-001 - Copy/BDC2026/train/1_Electronic/Mobile_203.jpg,Electronic,150,150,JPEG,RGB,1.0,False,389045446cec3eb0624e5d7a3096fa40,abb1944ad08f3bd2,1,16
/kaggle/input/datasets/jessicamercya/satria-data-2026/BDC2026-20260708T012259Z-3-001 - Copy/BDC2026/train/1_Electronic/Microwave_8.jpg,Electronic,150,150,JPEG,RGB,1.0,False,fa542a563b3fe1bcfbc68afcde3f58e9,bf90c0623fa96996,8,1
/kaggle/input/datasets/jessicamercya/satria-data-2026/BDC2026-20260708T012259Z-3-001 - Copy/BDC2026/train/1_Electronic/Keyboard_153.jpg,Electronic,150,150,JPEG,RGB,1.0,False,2078ba303734ef16ff6be984267926a4,adead21525aaaa55,2,5
/kaggle/input/datasets/jessicamercya/satria-data-2026/BDC2026-20260708T012259Z-3-001 - Copy/BDC2026/train/1_Electronic/1.jpeg,Electronic,1088,1280,JPEG,RGB,0.85,False,a5baf8c514693acd96e32c7e7e2b11c9,976c81da92b56d92,11,31
/kaggle/input/datasets/jessicamercya/satria-data-2026/BDC2026-20260708T012259Z-3-001 - Copy/BDC2026/train/1_Electronic/77.Computer-Scrap-Dealer-768x546.jpeg,Electronic,768,546,JPEG,RGB,1.4065934065934067,False,5cd897424d807a50258b344484bdb030,b890854ade6dce74,11,41
/kaggle/input/datasets/jessicamercya/satria-data-2026/BDC2026-20260708T012259Z-3-001 - Copy/BDC2026/train/1_Electronic/544.jpeg,Electronic,1032,581,JPEG,RGB,1.7762478485370052,False,c4b873c3916e19e59af7765531605c0f,d45ac13a3ec03cdb,1,4
/kaggle/input/datasets/jessicamercya/satria-data-2026/BDC2026-20260708T012259Z-3-001 - Copy/BDC2026/train/1_Electronic/Keyboard_65.jpg,Electronic,150,150,JPEG,RGB,1.0,False,f6713ede2614dc7ebbcbec728a0db6c8,b2a07d4b427b6f28,11,57
/kaggle/input/datasets/jessicamercya/satria-data-2026/BDC2026-20260708T012259Z-3-001 - Copy/BDC2026/train/1_Electronic/7.recycling_electronics_2_1024x1024.jpg,Electronic,1024,574,JPEG,RGB,1.78397212543554,False,1ec2f71d94aa35ea2f72a6626fd8eb25,c6e9fdbe182e8142,0,0
/kaggle/input/datasets/jessicamercya/satria-data-2026/BDC2026-20260708T012259Z-3-001 - Copy/BDC2026/train/1_Electronic/battery_76.jpg,Electronic,150,150,JPEG,RGB,1.0,False,825e6609a1f492f66d7cb3dbc44c9d0c,b39cc7690c3630f3,13,19
/kaggle/input/datasets/jessicamercya/satria-data-2026/BDC2026-20260708T012259Z-3-001 - Copy/BDC2026/train/1_Electronic/Television_25.jpg,Electronic,150,150,JPEG,RGB,1.0,False,8e5deccd3394fcf58b5b2abbb1f4657c,b1c68eb03ee12e96,4,12
/kaggle/input/datasets/jessicamercya/satria-data-2026/BDC2026-20260708T012259Z-3-001 - Copy/BDC2026/train/1_Electronic/552.jpg,Electronic,4160,2340,JPEG,RGB,1.7777777777777777,False,4e5dfea6fb856f6de20ce755a28cbd39,ba7be8c18411d5d5,1,4
/kaggle/input/datasets/jessicamercya/satria-data-2026/BDC2026-20260708T012259Z-3-001 - Copy/BDC2026/train/1_Electronic/61.led-lcd-tvs-monitor-scrap-1691226659-7017577.jpeg,Electronic,250,250,JPEG,RGB,1.0,False,4574cfaa788f46b136b14bf93c8b687a,fa5afd61868c9862,0,0
/kaggle/input/datasets/jessicamercya/satria-data-2026/BDC2026-20260708T012259Z-3-001 - Copy/BDC2026/train/1_Electronic/Player_120.jpg,Electronic,150,150,JPEG,RGB,1.0,False,c7c718ef7733d78ce94edca5b95c47d5,ea70a81e8753c727,9,45
/kaggle/input/datasets/jessicamercya/satria-data-2026/BDC2026-20260708T012259Z-3-001 - Copy/BDC2026/train/1_Electronic/Television_219.jpg,Electronic,150,150,JPEG,RGB,1.0,False,3d09f67e870239f1e0cd381cfe8652f6,ab85c0cad44f951f,4,10
/kaggle/input/datasets/jessicamercya/satria-data-2026/BDC2026-20260708T012259Z-3-001 - Copy/BDC2026/train/1_Electronic/18.discarded-flat-screen-television-dumped-on-grass-verge-next-to-public-trash-bin-3DF4D5H.jpg,Electronic,1300,1065,JPEG,RGB,1.2206572769953052,False,daf68360ab3386611d4ec67df27a593b,bca0cb9230ad1fba,0,39
/kaggle/input/datasets/jessicamercya/satria-data-2026/BDC2026-20260708T012259Z-3-001 - Copy/BDC2026/train/1_Electronic/Mobile_61.jpg,Electronic,150,150,JPEG,RGB,1.0,False,44c771156fb55e88320fd60671fb5364,b4d1c5cb781e147a,1,9
/kaggle/input/datasets/jessicamercya/satria-data-2026/BDC2026-20260708T012259Z-3-001 - Copy/BDC2026/train/1_Electronic/pcb_210.jpg,Electronic,150,150,JPEG,RGB,1.0,False,6f65c9b157275e346969ff092b42b49c,e8858795859ae39e,7,23
/kaggle/input/datasets/jessicamercya/satria-data-2026/BDC2026-20260708T012259Z-3-001 - Copy/BDC2026/train/1_Electronic/Television_123.jpg,Electronic,150,150,JPEG,RGB,1.0,False,35167a03e989fe4ed67429902978370a,dd25a1dd08c07bba,11,41
/kaggle/input/datasets/jessicamercya/satria-data-2026/BDC2026-20260708T012259Z-3-001 - Copy/BDC2026/train/1_Electronic/Printer_244.jpg,Electronic,150,150,JPEG,RGB,1.0,False,96dcbb06f10612f94710b88467ce1545,b16cce93394c6633,6,53
/kaggle/input/datasets/jessicamercya/satria-data-2026/BDC2026-20260708T012259Z-3-001 - Copy/BDC2026/train/1_Electronic/Microwave_168.jpg,Electronic,150,150,JPEG,RGB,1.0,False,fc7f994852e7555652d51fbb7ea4c1eb,a1b2373e1632cb4d,8,20
/kaggle/input/datasets/jessicamercya/satria-data-2026/BDC2026-20260708T012259Z-3-001 - Copy/BDC2026/train/1_Electronic/Player_6.jpg,Electronic,150,150,JPEG,RGB,1.0,False,c36af5c6678e1dddb6db4faf05e80bbf,bf80f40aed2d943a,9,21
/kaggle/input/datasets/jessicamercya/satria-data-2026/BDC2026-20260708T012259Z-3-001 - Copy/BDC2026/train/1_Electronic/71.hoarder-house-junk-pile-footage-240596078_iconl.jpeg,Electronic,480,270,WEBP,RGB,1.7777777777777777,False,b78b61b201590f4e3ddf34c20dc99cce,928b9bf40379e325,0,0
/kaggle/input/datasets/jessicamercya/satria-data-2026/BDC2026-20260708T012259Z-3-001 - Copy/BDC2026/train/1_Electronic/Player_149.jpg,Electronic,150,150,JPEG,RGB,1.0,False,ceeb18f7bb0d22ad203ccb6b92793864,9546c93078e5e5cb,9,17
/kaggle/input/datasets/jessicamercya/satria-data-2026/BDC2026-20260708T012259Z-3-001 - Copy/BDC2026/train/1_Electronic/battery_55.jpg,Electronic,150,150,JPEG,RGB,1.0,False,fca33ed9ad77b35ff4fd7b5fdb1c7016,eac09f30e7adb803,14,24
/kaggle/input/datasets/jessicamercya/satria-data-2026/BDC2026-20260708T012259Z-3-001 - Copy/BDC2026/train/1_Electronic/Player_170.jpg,Electronic,150,150,JPEG,RGB,1.0,False,2c6f1d2307d3fe0822c08ad4d5563263,8f8e871f482a8776,9,17
/kaggle/input/datasets/jessicamercya/satria-data-2026/BDC2026-20260708T012259Z-3-001 - Copy/BDC2026/train/1_Electronic/75.bec835896fe44003993fb9099f706685.jpg,Electronic,2272,1704,JPEG,RGB,1.3333333333333333,False,c71bd0d579558a67a241e0e4df1a6737,814d473b8ecc787a,0,39
/kaggle/input/datasets/jessicamercya/satria-data-2026/BDC2026-20260708T012259Z-3-001 - Copy/BDC2026/train/1_Electronic/Printer_135.jpg,Electronic,150,150,JPEG,RGB,1.0,False,1cca952343b5444718ea3af4a937deb6,be8fc168cc93863c,6,11
/kaggle/input/datasets/jessicamercya/satria-data-2026/BDC2026-20260708T012259Z-3-001 - Copy/BDC2026/train/1_Electronic/578.jpeg,Electronic,864,1152,JPEG,RGB,0.75,False,32bce2f8feee8df72d8791741036863c,f15696ad96668e22,1,4
/kaggle/input/datasets/jessicamercya/satria-data-2026/BDC2026-20260708T012259Z-3-001 - Copy/BDC2026/train/1_Electronic/59.4061063-img_0358.jpg,Electronic,4032,3024,JPEG,RGB,1.3333333333333333,False,b33f34c9e8bdcdfa137c69e5f0605e6c,abab7c20bd3408b7,4,15
/kaggle/input/datasets/jessicamercya/satria-data-2026/BDC2026-20260708T012259Z-3-001 - Copy/BDC2026/train/1_Electronic/Television_155.jpg,Electronic,150,150,JPEG,RGB,1.0,False,6f4fff7c837c1c109d63c8a6f123d063,81877e357e70315a,4,12
/kaggle/input/datasets/jessicamercya/satria-data-2026/BDC2026-20260708T012259Z-3-001 - Copy/BDC2026/train/1_Electronic/Washing_Machine_27.jpg,Electronic,150,150,JPEG,RGB,1.0,False,b72d935de7fd022d2fda21eecbb38675,e56dcbcb6c8c30b0,3,27
/kaggle/input/datasets/jessicamercya/satria-data-2026/BDC2026-20260708T012259Z-3-001 - Copy/BDC2026/train/1_Electronic/e-waste-dump.jpg,Electronic,2500,1875,JPEG,RGB,1.3333333333333333,False,3f085b45f6607536b46ef49eb608fa1b,f2cdb469f168e284,0,14
/kaggle/input/datasets/jessicamercya/satria-data-2026/BDC2026-20260708T012259Z-3-001 - Copy/BDC2026/train/1_Electronic/Mobile_166.jpg,Electronic,150,150,JPEG,RGB,1.0,False,ed2ea99df1ca8b17f5a7b3341fd35d49,a91e367999652669,1,16
/kaggle/input/datasets/jessicamercya/satria-data-2026/BDC2026-20260708T012259Z-3-001 - Copy/BDC2026/train/1_Electronic/battery_279.jpg,Electronic,150,150,JPEG,RGB,1.0,False,b8ea4cc661cd198cd5028148af5ed73c,becec1693e331e20,13,19
/kaggle/input/datasets/jessicamercya/satria-data-2026/BDC2026-20260708T012259Z-3-001 - Copy/BDC2026/train/1_Electronic/IMG_20200329_201011.jpg,Electronic,4000,3000,JPEG,RGB,1.3333333333333333,False,72bd82009cdbcc4ba168ee7b91399601,e0c2026eee6d0f79,1,4
/kaggle/input/datasets/jessicamercya/satria-data-2026/BDC2026-20260708T012259Z-3-001 - Copy/BDC2026/train/1_Electronic/Television_122.jpg,Electronic,150,150,JPEG,RGB,1.0,False,7ad175837f532a2d8b840e5c5eb71481,fe599587998694d0,11,41
/kaggle/input/datasets/jessicamercya/satria-data-2026/BDC2026-20260708T012259Z-3-001 - Copy/BDC2026/train/1_Electronic/Printer_10.jpg,Electronic,150,150,JPEG,RGB,1.0,False,339bc9a79a2ac2d5d7c5e956dcfaeb6d,f0eb6a7a10359599,6,6
/kaggle/input/datasets/jessicamercya/satria-data-2026/BDC2026-20260708T012259Z-3-001 - Copy/BDC2026/train/1_Electronic/e-waste.jpg,Electronic,1920,1281,JPEG,RGB,1.4988290398126465,False,a92ac0b1ab1b59c2639f4b97f391cfa0,cf3ab2559f08e941,0,0
/kaggle/input/datasets/jessicamercya/satria-data-2026/BDC2026-20260708T012259Z-3-001 - Copy/BDC2026/train/1_Electronic/779.jpeg,Electronic,780,1040,JPEG,RGB,0.75,False,977143e69ac089baf6070e2c24e1e670,b6c89ee058aec03f,5,29
/kaggle/input/datasets/jessicamercya/satria-data-2026/BDC2026-20260708T012259Z-3-001 - Copy/BDC2026/train/1_Electronic/Washing_Machine_5.jpg,Electronic,150,150,JPEG,RGB,1.0,False,6f856fea05b4144e4380e7d212f0dc39,ffa5c04ac24ac07f,3,35
/kaggle/input/datasets/jessicamercya/satria-data-2026/BDC2026-20260708T012259Z-3-001 - Copy/BDC2026/train/1_Electronic/Keyboard_192.jpg,Electronic,150,150,JPEG,RGB,1.0,False,d68d1da1ece825dd9fd019c024be36be,bfe8c1172ae82f44,2,5
/kaggle/input/datasets/jessicamercya/satria-data-2026/BDC2026-20260708T012259Z-3-001 - Copy/BDC2026/train/1_Electronic/Player_249.jpg,Electronic,150,150,JPEG,RGB,1.0,False,eac1666ad2b1ce1c441427c57c69c028,bec1c03e2fc1d03e,2,32
/kaggle/input/datasets/jessicamercya/satria-data-2026/BDC2026-20260708T012259Z-3-001 - Copy/BDC2026/train/1_Electronic/WhatsApp Image 2020-11-01 at 1.28.48 PM.jpeg,Electronic,720,1280,JPEG,RGB,0.5625,False,6507a5b9d82b3f6f07a7bdc413ca3c6a,b6cc9919662699d9,15,46
/kaggle/input/datasets/jessicamercya/satria-data-2026/BDC2026-20260708T012259Z-3-001 - Copy/BDC2026/train/1_Electronic/71.phones-e1513651655488.jpg,Electronic,439,301,JPEG,RGB,1.458471760797342,False,1f40c1b66c93632826b60821fbf76cf7,dc943fdaa2992698,0,14
/kaggle/input/datasets/jessicamercya/satria-data-2026/BDC2026-20260708T012259Z-3-001 - Copy/BDC2026/train/1_Electronic/Microwave_126.jpg,Electronic,150,150,JPEG,RGB,1.0,False,b5305ab6b1352340ca692809e95d11a7,80a9cddd6d6064dd,8,20
/kaggle/input/datasets/jessicamercya/satria-data-2026/BDC2026-20260708T012259Z-3-001 - Copy/BDC2026/train/1_Electronic/Washing_Machine_171.jpg,Electronic,150,150,JPEG,RGB,1.0,False,c53f603c3773c1d0ab9e654a77296e6e,e46c8eb625cc9333,3,8
/kaggle/input/datasets/jessicamercya/satria-data-2026/BDC2026-20260708T012259Z-3-001 - Copy/BDC2026/train/1_Electronic/Keyboard_58.jpg,Electronic,150,150,JPEG,RGB,1.0,False,854f2570287d6f0e0d585978e0d6d44e,baadc5523aad2592,2,5
/kaggle/input/datasets/jessicamercya/satria-data-2026/BDC2026-20260708T012259Z-3-001 - Copy/BDC2026/train/1_Electronic/Player_280.jpg,Electronic,150,150,JPEG,RGB,1.0,False,c4a24737156d582c075225cf8ca13095,bee0c01f3fe49413,9,60
/kaggle/input/datasets/jessicamercya/satria-data-2026/BDC2026-20260708T012259Z-3-001 - Copy/BDC2026/train/1_Electronic/Mouse_106.jpg,Electronic,150,150,JPEG,RGB,1.0,False,6514d9f8724d810338f0e19bae96312d,b59ac2699c7c9271,5,3
/kaggle/input/datasets/jessicamercya/satria-data-2026/BDC2026-20260708T012259Z-3-001 - Copy/BDC2026/train/1_Electronic/Microwave_50.jpg,Electronic,150,150,JPEG,RGB,1.0,False,de92de55039e46345473240020c36609,a8dcf402a769ea69,8,1
/kaggle/input/datasets/jessicamercya/satria-data-2026/BDC2026-20260708T012259Z-3-001 - Copy/BDC2026/train/1_Electronic/Mouse_224.jpg,Electronic,150,150,JPEG,RGB,1.0,False,f44c8c07baa8190a86cfb6fca2da27e5,ad96c2c98d45987e,5,3
/kaggle/input/datasets/jessicamercya/satria-data-2026/BDC2026-20260708T012259Z-3-001 - Copy/BDC2026/train/1_Electronic/Microwave_266.jpg,Electronic,150,150,JPEG,RGB,1.0,False,29fdbd8e8ccc7329413110eb03411e66,afc0d0b7189bc86b,2,40
/kaggle/input/datasets/jessicamercya/satria-data-2026/BDC2026-20260708T012259Z-3-001 - Copy/BDC2026/train/1_Electronic/Player_228.jpg,Electronic,150,150,JPEG,RGB,1.0,False,40a1497aed684d1f551daeb9659af0c8,cd3cd4c66e3d85c0,9,50
/kaggle/input/datasets/jessicamercya/satria-data-2026/BDC2026-20260708T012259Z-3-001 - Copy/BDC2026/train/1_Electronic/Keyboard_107.jpg,Electronic,150,150,JPEG,RGB,1.0,False,98902b0951dd501da521e99044bcf5de,842f009f37e64f1b,2,40
/kaggle/input/datasets/jessicamercya/satria-data-2026/BDC2026-20260708T012259Z-3-001 - Copy/BDC2026/train/1_Electronic/Player_102.jpg,Electronic,150,150,JPEG,RGB,1.0,False,106e0dd6227faef90c306368e48fc5b7,e8c39d3dc16e3232,9,17
/kaggle/input/datasets/jessicamercya/satria-data-2026/BDC2026-20260708T012259Z-3-001 - Copy/BDC2026/train/1_Electronic/Mobile_151.jpg,Electronic,150,150,JPEG,RGB,1.0,False,415c51591e9ef117727a6c19272374b7,bf7dc0c269a53524,1,9
/kaggle/input/datasets/jessicamercya/satria-data-2026/BDC2026-20260708T012259Z-3-001 - Copy/BDC2026/train/1_Electronic/Washing_Machine_128.jpg,Electronic,150,150,JPEG,RGB,1.0,False,73a73c60653f6265dbb97e8023a9b858,fe942a69622e9c39,3,33
/kaggle/input/datasets/jessicamercya/satria-data-2026/BDC2026-20260708T012259Z-3-001 - Copy/BDC2026/train/1_Electronic/Washing_Machine_185.jpg,Electronic,150,150,JPEG,RGB,1.0,False,20a452c22b035d1eafc69f97a67b01d6,e9c5b2ca94369a99,3,8
/kaggle/input/datasets/jessicamercya/satria-data-2026/BDC2026-20260708T012259Z-3-001 - Copy/BDC2026/train/1_Electronic/pcb_291.jpg,Electronic,150,150,JPEG,RGB,1.0,False,04f16cc34526d87308becc59687dfb15,9c597193ce26616d,7,23
/kaggle/input/datasets/jessicamercya/satria-data-2026/BDC2026-20260708T012259Z-3-001 - Copy/BDC2026/train/1_Electronic/battery_124.jpg,Electronic,150,150,JPEG,RGB,1.0,False,fad60a3cff5c5e477c62130bbaeb2dc0,ee608fb8e206f694,14,24
/kaggle/input/datasets/jessicamercya/satria-data-2026/BDC2026-20260708T012259Z-3-001 - Copy/BDC2026/train/1_Electronic/Television_62.jpg,Electronic,150,150,JPEG,RGB,1.0,False,3ee4d423edf782fc2ccd80b888e0d17b,bf8fc0e0cbe0cb22,4,12
/kaggle/input/datasets/jessicamercya/satria-data-2026/BDC2026-20260708T012259Z-3-001 - Copy/BDC2026/train/1_Electronic/20.3_AR-BLOG-6-IMG-1-1024x574.jpg,Electronic,1024,574,JPEG,RGB,1.78397212543554,False,493496a94c7e6447692d2c3bb86e4735,bf85c05ab925ce8a,0,0
/kaggle/input/datasets/jessicamercya/satria-data-2026/BDC2026-20260708T012259Z-3-001 - Copy/BDC2026/train/1_Electronic/pcb_28.jpg,Electronic,150,150,JPEG,RGB,1.0,False,853d60c0e31ed7dcad10d7cd39c3ef97,aa67c0748790b5b7,7,7
/kaggle/input/datasets/jessicamercya/satria-data-2026/BDC2026-20260708T012259Z-3-001 - Copy/BDC2026/train/1_Electronic/Washing_Machine_223.jpg,Electronic,150,150,JPEG,RGB,1.0,False,0d2e049bb832baea7bb9e40f2e594d73,cd3c9684e9e1e1e1,3,8
/kaggle/input/datasets/jessicamercya/satria-data-2026/BDC2026-20260708T012259Z-3-001 - Copy/BDC2026/train/1_Electronic/Mobile_205.jpg,Electronic,150,150,JPEG,RGB,1.0,False,e223524d7e8ce9f419c4c7ea0f63bdcc,cf8930709a969797,2,25
/kaggle/input/datasets/jessicamercya/satria-data-2026/BDC2026-20260708T012259Z-3-001 - Copy/BDC2026/train/1_Electronic/182.jpeg,Electronic,1280,720,JPEG,RGB,1.7777777777777777,False,9a09c8c6fb4ba0ae5029ea907d0cdf6b,bf3dc2d2929685c4,10,2
/kaggle/input/datasets/jessicamercya/satria-data-2026/BDC2026-20260708T012259Z-3-001 - Copy/BDC2026/train/1_Electronic/Television_139.jpg,Electronic,150,150,JPEG,RGB,1.0,False,4a9b4953351e2fbca17c48688e6a92a9,c040971e37b637b6,4,15
/kaggle/input/datasets/jessicamercya/satria-data-2026/BDC2026-20260708T012259Z-3-001 - Copy/BDC2026/train/1_Electronic/18.shredded_electronic_waste_weee_web.jpg,Electronic,2200,1130,JPEG,RGB,1.9469026548672566,False,41b097ce55de3571ffb890c4367fd338,91921cb55b373837,0,22
/kaggle/input/datasets/jessicamercya/satria-data-2026/BDC2026-20260708T012259Z-3-001 - Copy/BDC2026/train/1_Electronic/Television_4.jpg,Electronic,150,150,JPEG,RGB,1.0,False,83b371189f51f1e5af7fcf038b22f3b0,cac6b92f911fd4c0,4,10
/kaggle/input/datasets/jessicamercya/satria-data-2026/BDC2026-20260708T012259Z-3-001 - Copy/BDC2026/train/1_Electronic/66.d2530-298x300.jpg,Electronic,298,300,JPEG,RGB,0.9933333333333333,False,eebd38081665f18e16806078f4dabcca,b795cdc8d4aac40d,0,43
/kaggle/input/datasets/jessicamercya/satria-data-2026/BDC2026-20260708T012259Z-3-001 - Copy/BDC2026/train/1_Electronic/79.pacebutler-p1.png,Electronic,375,375,PNG,RGB,1.0,False,f57917290f89ab48ced5e96e3ddcf466,d9c4d0d8daf345c1,0,14
/kaggle/input/datasets/jessicamercya/satria-data-2026/BDC2026-20260708T012259Z-3-001 - Copy/BDC2026/train/1_Electronic/174.jpeg,Electronic,1280,720,JPEG,RGB,1.7777777777777777,False,ec29ea93e90551b1067bf140bf74ed1b,b442ff544a7fb021,10,2
/kaggle/input/datasets/jessicamercya/satria-data-2026/BDC2026-20260708T012259Z-3-001 - Copy/BDC2026/train/1_Electronic/Mouse_172.jpg,Electronic,150,150,JPEG,RGB,1.0,False,4736cf8ef0d4c2b24f4fe74c1e62b723,be6ac095c51f7628,5,26
/kaggle/input/datasets/jessicamercya/satria-data-2026/BDC2026-20260708T012259Z-3-001 - Copy/BDC2026/train/1_Electronic/Player_204.jpg,Electronic,150,150,JPEG,RGB,1.0,False,e5f73e46d695e32a72f755e6c90ab112,fad0a51af4814d3e,9,17
/kaggle/input/datasets/jessicamercya/satria-data-2026/BDC2026-20260708T012259Z-3-001 - Copy/BDC2026/train/1_Electronic/Mouse_15.jpg,Electronic,150,150,JPEG,RGB,1.0,False,5ba5ac43ce916faaf74b6da5813e79ca,9a5a3969c7c64ccc,5,3
/kaggle/input/datasets/jessicamercya/satria-data-2026/BDC2026-20260708T012259Z-3-001 - Copy/BDC2026/train/1_Electronic/13.2020_09_01_103472_1598935010._large.jpg,Electronic,500,375,JPEG,RGB,1.3333333333333333,False,3755d987802e4bdf5b454740a5eefe4d,b487d5340cb6706f,0,0
/kaggle/input/datasets/jessicamercya/satria-data-2026/BDC2026-20260708T012259Z-3-001 - Copy/BDC2026/train/1_Electronic/Microwave_279.jpg,Electronic,150,150,JPEG,RGB,1.0,False,52b1efc19ba8675775e07bba9b4a2d91,bee0c3908d3c6c76,8,1
/kaggle/input/datasets/jessicamercya/satria-data-2026/BDC2026-20260708T012259Z-3-001 - Copy/BDC2026/train/1_Electronic/Microwave_262.jpg,Electronic,150,150,JPEG,RGB,1.0,False,79a66340bee3716853e237783dd9f13e,d73f303fc2966190,4,15
/kaggle/input/datasets/jessicamercya/satria-data-2026/BDC2026-20260708T012259Z-3-001 - Copy/BDC2026/train/1_Electronic/Microwave_255.jpg,Electronic,150,150,JPEG,RGB,1.0,False,06ba3d3080777cf3ff8ba08fdef76636,aad5d015843e3d6b,8,1
/kaggle/input/datasets/jessicamercya/satria-data-2026/BDC2026-20260708T012259Z-3-001 - Copy/BDC2026/train/1_Electronic/pcb_285.jpg,Electronic,150,150,JPEG,RGB,1.0,False,071fbbaa67b14e428ff51abf50c41cf4,f972982ccb709669,7,18
/kaggle/input/datasets/jessicamercya/satria-data-2026/BDC2026-20260708T012259Z-3-001 - Copy/BDC2026/train/1_Electronic/Microwave_160.jpg,Electronic,150,150,JPEG,RGB,1.0,False,f566c7669abf770d9744d31f08e3c9cb,d66a6d7e6dc04b80,2,25
/kaggle/input/datasets/jessicamercya/satria-data-2026/BDC2026-20260708T012259Z-3-001 - Copy/BDC2026/train/1_Electronic/pcb_271.jpg,Electronic,150,150,JPEG,RGB,1.0,False,7f4fe0837c866a3e81ae0cd4146c8af9,ab85d42adafdc502,7,23
/kaggle/input/datasets/jessicamercya/satria-data-2026/BDC2026-20260708T012259Z-3-001 - Copy/BDC2026/train/1_Electronic/Microwave_141.jpg,Electronic,150,150,JPEG,RGB,1.0,False,1fddbe38b8858a278128cef1742fa45c,bd99c02cf23c93b8,8,20
/kaggle/input/datasets/jessicamercya/satria-data-2026/BDC2026-20260708T012259Z-3-001 - Copy/BDC2026/train/1_Electronic/Keyboard_157.jpg,Electronic,150,150,JPEG,RGB,1.0,False,a6d3e7c52151d4f64e3a23c887cf9711,becfa5d2b848b061,2,5
/kaggle/input/datasets/jessicamercya/satria-data-2026/BDC2026-20260708T012259Z-3-001 - Copy/BDC2026/train/1_Electronic/Microwave_274.jpg,Electronic,150,150,JPEG,RGB,1.0,False,eb7d4dec91feee9b760399ab809d02e6,8a7f751d030a7e29,8,1
/kaggle/input/datasets/jessicamercya/satria-data-2026/BDC2026-20260708T012259Z-3-001 - Copy/BDC2026/train/1_Electronic/Television_159.jpg,Electronic,150,150,JPEG,RGB,1.0,False,2e186df2ee43137f8cc35c8fd22d61c9,8c8c27e7179ad1c3,2,25
/kaggle/input/datasets/jessicamercya/satria-data-2026/BDC2026-20260708T012259Z-3-001 - Copy/BDC2026/train/1_Electronic/217.jpeg,Electronic,1280,960,JPEG,RGB,1.3333333333333333,False,8b0b55463214475eb0d37c7c4820a207,fde088c09bc697c6,10,2
/kaggle/input/datasets/jessicamercya/satria-data-2026/BDC2026-20260708T012259Z-3-001 - Copy/BDC2026/train/1_Electronic/Washing_Machine_184.jpg,Electronic,150,150,JPEG,RGB,1.0,False,fc93a9c81c04dadfeb9bc336e2f7a8c3,82697d952bd66616,3,27
/kaggle/input/datasets/jessicamercya/satria-data-2026/BDC2026-20260708T012259Z-3-001 - Copy/BDC2026/train/1_Electronic/IMG_20200328_131230.jpg,Electronic,4000,2250,JPEG,RGB,1.7777777777777777,False,a61bdb7a2043ce7d1e06705b20541ec6,948ac584a56f7d35,10,2
/kaggle/input/datasets/jessicamercya/satria-data-2026/BDC2026-20260708T012259Z-3-001 - Copy/BDC2026/train/1_Electronic/pcb_103.jpg,Electronic,150,150,JPEG,RGB,1.0,False,fd9d5fc2787b3647c5e08fb2da647903,cf32f3173b270e40,7,7
/kaggle/input/datasets/jessicamercya/satria-data-2026/BDC2026-20260708T012259Z-3-001 - Copy/BDC2026/train/1_Electronic/Microwave_76.jpg,Electronic,150,150,JPEG,RGB,1.0,False,8e66988e16b449743d7d8d8275c0ed5d,bfc0c03fc53e3e80,8,1
/kaggle/input/datasets/jessicamercya/satria-data-2026/BDC2026-20260708T012259Z-3-001 - Copy/BDC2026/train/1_Electronic/Mouse_104.jpg,Electronic,150,150,JPEG,RGB,1.0,False,42914b18cf8a0ff0b073e5d7ad36a1f5,e961807c3ea1c95f,5,3
/kaggle/input/datasets/jessicamercya/satria-data-2026/BDC2026-20260708T012259Z-3-001 - Copy/BDC2026/train/1_Electronic/789.jpg,Electronic,4608,2176,JPEG,RGB,2.1176470588235294,False,afde0718efb24957248d8b8f68ebd129,b8c6922d7cb632d1,5,29
/kaggle/input/datasets/jessicamercya/satria-data-2026/BDC2026-20260708T012259Z-3-001 - Copy/BDC2026/train/1_Electronic/36.old-tv-broken-tube-old-tv-broken-tube-television-electronic-scrap-old-tv-thrown-away-next-to-wall-pile-mixed-224486244.jpg,Electronic,1600,1158,JPEG,RGB,1.381692573402418,False,e63758bbfea48d7148f55b29f1c7d0bb,9bf8708f9cb06a85,0,39
/kaggle/input/datasets/jessicamercya/satria-data-2026/BDC2026-20260708T012259Z-3-001 - Copy/BDC2026/train/1_Electronic/pcb_267.jpg,Electronic,150,150,JPEG,RGB,1.0,False,a4916fa3bd90f2dbae55c47cc488c920,c99b266d22ad4dd2,7,7
/kaggle/input/datasets/jessicamercya/satria-data-2026/BDC2026-20260708T012259Z-3-001 - Copy/BDC2026/train/1_Electronic/Microwave_259.jpg,Electronic,150,150,JPEG,RGB,1.0,False,824f8bbc56e07bd934df0fb49f4dfda3,ed36d3c1940f3478,8,1
/kaggle/input/datasets/jessicamercya/satria-data-2026/BDC2026-20260708T012259Z-3-001 - Copy/BDC2026/train/1_Electronic/579.jpeg,Electronic,1152,864,JPEG,RGB,1.3333333333333333,False,84d3a5dd566d01cc814060dfa75fbfd3,f86185967aa13d69,1,4
/kaggle/input/datasets/jessicamercya/satria-data-2026/BDC2026-20260708T012259Z-3-001 - Copy/BDC2026/train/1_Electronic/Microwave_16.jpg,Electronic,150,150,JPEG,RGB,1.0,False,c529f965b253947674f40e3845c1b177,ab6ad4b760850b7a,8,1
/kaggle/input/datasets/jessicamercya/satria-data-2026/BDC2026-20260708T012259Z-3-001 - Copy/BDC2026/train/1_Electronic/Television_278.jpg,Electronic,150,150,JPEG,RGB,1.0,False,8bd626bd5726dacbb8f247c28941de4b,ff9b807a81f09aa1,4,10
/kaggle/input/datasets/jessicamercya/satria-data-2026/BDC2026-20260708T012259Z-3-001 - Copy/BDC2026/train/1_Electronic/pcb_107.jpg,Electronic,150,150,JPEG,RGB,1.0,False,619858d3f0a5b999376e29a7ec541cef,e43eac6c9a20c9f9,7,7
/kaggle/input/datasets/jessicamercya/satria-data-2026/BDC2026-20260708T012259Z-3-001 - Copy/BDC2026/train/1_Electronic/202.jpeg,Electronic,1040,780,JPEG,RGB,1.3333333333333333,False,c40bddcb5c8324762753fbbc16d0e18d,bd0417bea8a71ec1,10,2
/kaggle/input/datasets/jessicamercya/satria-data-2026/BDC2026-20260708T012259Z-3-001 - Copy/BDC2026/train/1_Electronic/Player_202.jpg,Electronic,150,150,JPEG,RGB,1.0,False,f0810c09681ced4403729678145017b3,f493cb249ac9349b,9,17
/kaggle/input/datasets/jessicamercya/satria-data-2026/BDC2026-20260708T012259Z-3-001 - Copy/BDC2026/train/1_Electronic/40.led-and-lcd-tvs-monitor-scrap-for-sale--160.jpg,Electronic,500,500,JPEG,RGB,1.0,False,cef95e3fa45af5eaffebee17ab3f226a,c3f28017926df26d,0,0
/kaggle/input/datasets/jessicamercya/satria-data-2026/BDC2026-20260708T012259Z-3-001 - Copy/BDC2026/train/1_Electronic/Keyboard_88.jpg,Electronic,150,150,JPEG,RGB,1.0,False,0698358dd45a1c6a0e581ad75ebf79ba,ae9bc0601f07daec,2,5
/kaggle/input/datasets/jessicamercya/satria-data-2026/BDC2026-20260708T012259Z-3-001 - Copy/BDC2026/train/1_Electronic/Keyboard_209.jpg,Electronic,150,150,JPEG,RGB,1.0,False,94e215ec89b18e8d0cb75f114de6dd21,bf4ab74490a7c0b6,2,5
/kaggle/input/datasets/jessicamercya/satria-data-2026/BDC2026-20260708T012259Z-3-001 - Copy/BDC2026/train/1_Electronic/Microwave_21.jpg,Electronic,150,150,JPEG,RGB,1.0,False,0382f24bacc39cc66b05f75d3afa4b88,9772af2c83a2d8d8,8,1
/kaggle/input/datasets/jessicamercya/satria-data-2026/BDC2026-20260708T012259Z-3-001 - Copy/BDC2026/train/1_Electronic/Player_240.jpg,Electronic,150,150,JPEG,RGB,1.0,False,76e1f9831ecf0ba0af178d06fbc0114f,efb1c04e16c83a9d,9,21
/kaggle/input/datasets/jessicamercya/satria-data-2026/BDC2026-20260708T012259Z-3-001 - Copy/BDC2026/train/1_Electronic/Microwave_208.jpg,Electronic,150,150,JPEG,RGB,1.0,False,7f718b0e22cf281cf09c05ad80ff1f0f,b6fabbe9c9044216,8,1
/kaggle/input/datasets/jessicamercya/satria-data-2026/BDC2026-20260708T012259Z-3-001 - Copy/BDC2026/train/1_Electronic/WhatsApp Image 2020-11-01 at 1.22.54 PM.jpeg,Electronic,1280,720,JPEG,RGB,1.7777777777777777,False,b166a0d306c700d361a24665893ee403,a49111de68634f6f,15,46
/kaggle/input/datasets/jessicamercya/satria-data-2026/BDC2026-20260708T012259Z-3-001 - Copy/BDC2026/train/1_Electronic/battery_33.jpg,Electronic,150,150,JPEG,RGB,1.0,False,59ea33ece0c6932c180f68892f18a043,fc96c360ca2d9ac9,12,37
/kaggle/input/datasets/jessicamercya/satria-data-2026/BDC2026-20260708T012259Z-3-001 - Copy/BDC2026/train/1_Electronic/Mobile_54.jpg,Electronic,150,150,JPEG,RGB,1.0,False,8df6b028dce1ef9816fc47603ee2a219,b9c60e639834679d,1,16
/kaggle/input/datasets/jessicamercya/satria-data-2026/BDC2026-20260708T012259Z-3-001 - Copy/BDC2026/train/1_Electronic/Washing_Machine_238.jpg,Electronic,150,150,JPEG,RGB,1.0,False,746df470f3c438dac7404bc30f715619,eac0853f943cc573,3,8
/kaggle/input/datasets/jessicamercya/satria-data-2026/BDC2026-20260708T012259Z-3-001 - Copy/BDC2026/train/1_Electronic/Keyboard_257.jpg,Electronic,150,150,JPEG,RGB,1.0,False,1cf4dab91364acf8b1bcbb57d4f40a44,96248b35f6694b1e,2,13
/kaggle/input/datasets/jessicamercya/satria-data-2026/BDC2026-20260708T012259Z-3-001 - Copy/BDC2026/train/1_Electronic/Television_174.jpg,Electronic,150,150,JPEG,RGB,1.0,False,dd2f3af5651aadf13e8b86885a679ad7,ea5bc04ac5c89fc6,4,10
/kaggle/input/datasets/jessicamercya/satria-data-2026/BDC2026-20260708T012259Z-3-001 - Copy/BDC2026/train/1_Electronic/gettyimages-1223468234-612x612.jpg,Electronic,612,408,JPEG,RGB,1.5,False,9d4558e79a547b6e7c2f5820b8dbf9e7,9d0662b9a6383d9d,0,0
/kaggle/input/datasets/jessicamercya/satria-data-2026/BDC2026-20260708T012259Z-3-001 - Copy/BDC2026/train/1_Electronic/Player_147.jpg,Electronic,150,150,JPEG,RGB,1.0,False,47e0d24b3efbd2c4140141637987f9f5,bfa5f14bc04a94e2,9,45
/kaggle/input/datasets/jessicamercya/satria-data-2026/BDC2026-20260708T012259Z-3-001 - Copy/BDC2026/train/1_Electronic/Player_219.jpg,Electronic,150,150,JPEG,RGB,1.0,False,d489937d82f8173ce5ecb1e13d9e92fe,fea0703ed18c1f89,9,50
/kaggle/input/datasets/jessicamercya/satria-data-2026/BDC2026-20260708T012259Z-3-001 - Copy/BDC2026/train/1_Electronic/Printer_55.jpg,Electronic,150,150,JPEG,RGB,1.0,False,0fc9fc6f40ac405a9f0c2294c1c3c9c9,f9c6811bce638c39,6,6
/kaggle/input/datasets/jessicamercya/satria-data-2026/BDC2026-20260708T012259Z-3-001 - Copy/BDC2026/train/1_Electronic/Mouse_255.jpg,Electronic,150,150,JPEG,RGB,1.0,False,38dd48913ddbf6c89f936663a5a84806,e1d095e10c3ddb66,5,3
/kaggle/input/datasets/jessicamercya/satria-data-2026/BDC2026-20260708T012259Z-3-001 - Copy/BDC2026/train/1_Electronic/232.jpeg,Electronic,1160,870,JPEG,RGB,1.3333333333333333,False,9d85dd4d9f297fca860a08530f68b1e4,f5d554c081123bfe,10,2
/kaggle/input/datasets/jessicamercya/satria-data-2026/BDC2026-20260708T012259Z-3-001 - Copy/BDC2026/train/1_Electronic/Keyboard_254.jpg,Electronic,150,150,JPEG,RGB,1.0,False,bc12d6ed71ad9a7998efc5e1283215e3,a96ee691194e2e2b,2,32
/kaggle/input/datasets/jessicamercya/satria-data-2026/BDC2026-20260708T012259Z-3-001 - Copy/BDC2026/train/1_Electronic/Printer_267.jpg,Electronic,150,150,JPEG,RGB,1.0,False,ad53e6858ea50cc62177f9d8b90a2702,ea3495cb9e0e1665,6,53
/kaggle/input/datasets/jessicamercya/satria-data-2026/BDC2026-20260708T012259Z-3-001 - Copy/BDC2026/train/1_Electronic/Microwave_95.jpg,Electronic,150,150,JPEG,RGB,1.0,False,6b75e7816c101d6803d891441343ee9a,e0cfca700bbce8f0,8,1
/kaggle/input/datasets/jessicamercya/satria-data-2026/BDC2026-20260708T012259Z-3-001 - Copy/BDC2026/train/1_Electronic/Mouse_6.jpg,Electronic,150,150,JPEG,RGB,1.0,False,962589e26f9031c9c6f3e013f8c67695,dd4d23319d4d2327,5,3
/kaggle/input/datasets/jessicamercya/satria-data-2026/BDC2026-20260708T012259Z-3-001 - Copy/BDC2026/train/1_Electronic/pcb_211.jpg,Electronic,150,150,JPEG,RGB,1.0,False,2fb5c85d7e515c7b845c17678b1c5e48,b4d386955c3a8fa8,7,23
/kaggle/input/datasets/jessicamercya/satria-data-2026/BDC2026-20260708T012259Z-3-001 - Copy/BDC2026/train/1_Electronic/6.pexels-photo-29020140.jpeg,Electronic,4702,4005,JPEG,RGB,1.1740324594257179,False,93257441fdf8848c5c336f8c4337e43e,cb08e7b748f0b70c,0,39
/kaggle/input/datasets/jessicamercya/satria-data-2026/BDC2026-20260708T012259Z-3-001 - Copy/BDC2026/train/1_Electronic/IMG-20200328-WA0032.jpg,Electronic,640,1280,JPEG,RGB,0.5,False,78e93fe4beb8e666b22c571985ba7230,ba78d0a5899b86b9,1,4
/kaggle/input/datasets/jessicamercya/satria-data-2026/BDC2026-20260708T012259Z-3-001 - Copy/BDC2026/train/1_Electronic/IMG-20200329-WA0070.jpg,Electronic,1280,720,JPEG,RGB,1.7777777777777777,False,aba0d37516c6499a3d4134982171359e,f8e917f08a90d39a,11,47
/kaggle/input/datasets/jessicamercya/satria-data-2026/BDC2026-20260708T012259Z-3-001 - Copy/BDC2026/train/1_Electronic/Keyboard_73.jpg,Electronic,150,150,JPEG,RGB,1.0,False,685d8d6174bda69a64bfd95d9f84860c,ef49903645913a6f,2,13
/kaggle/input/datasets/jessicamercya/satria-data-2026/BDC2026-20260708T012259Z-3-001 - Copy/BDC2026/train/1_Electronic/Microwave_148.jpg,Electronic,150,150,JPEG,RGB,1.0,False,4b42d4bf97f85bb7629d02d4e451f19d,f87de38281ea1695,8,1
/kaggle/input/datasets/jessicamercya/satria-data-2026/BDC2026-20260708T012259Z-3-001 - Copy/BDC2026/train/1_Electronic/636.jpeg,Electronic,1152,864,JPEG,RGB,1.3333333333333333,False,1d24d44a28f79be7f9df46380a31c37f,befa84a8d499c594,11,41
/kaggle/input/datasets/jessicamercya/satria-data-2026/BDC2026-20260708T012259Z-3-001 - Copy/BDC2026/train/1_Electronic/16.guiyuewaste.jpg,Electronic,800,533,JPEG,RGB,1.5009380863039399,False,92ce87fbcac788348177b8d60fe210e8,dbe3905aee86a0c6,0,14
/kaggle/input/datasets/jessicamercya/satria-data-2026/BDC2026-20260708T012259Z-3-001 - Copy/BDC2026/train/1_Electronic/Mouse_218.jpg,Electronic,150,150,JPEG,RGB,1.0,False,df36845f07b6ebb913247bd1c6512a21,d2d94db6494c9669,5,3
/kaggle/input/datasets/jessicamercya/satria-data-2026/BDC2026-20260708T012259Z-3-001 - Copy/BDC2026/train/1_Electronic/607.jpeg,Electronic,581,1032,JPEG,RGB,0.562984496124031,False,efbf150e02176054104fa589e56771f2,a20bb0744ff7168b,11,41
/kaggle/input/datasets/jessicamercya/satria-data-2026/BDC2026-20260708T012259Z-3-001 - Copy/BDC2026/train/1_Electronic/4.s-l400.jpg,Electronic,300,400,JPEG,RGB,0.75,False,eb054fca727da7b3c877ccfdc2a96cf4,a4d69fd1c9c638b0,0,30
/kaggle/input/datasets/jessicamercya/satria-data-2026/BDC2026-20260708T012259Z-3-001 - Copy/BDC2026/train/1_Electronic/Mobile_274.jpg,Electronic,150,150,JPEG,RGB,1.0,False,83224154b645ba49be3474e33033908d,f878948763389cc7,1,9
/kaggle/input/datasets/jessicamercya/satria-data-2026/BDC2026-20260708T012259Z-3-001 - Copy/BDC2026/train/1_Electronic/Player_201.jpg,Electronic,150,150,JPEG,RGB,1.0,False,bface35ca1b7f5aa64b605ca4e757e7f,dce1f1b3488f482d,9,17
/kaggle/input/datasets/jessicamercya/satria-data-2026/BDC2026-20260708T012259Z-3-001 - Copy/BDC2026/train/1_Electronic/2.an-old-discarded-tv-on-a-street-in-japan-in-2026-3DMCHN3.jpg,Electronic,1300,956,JPEG,RGB,1.3598326359832635,False,6a1be0eb09914aedb2087840e0c630c3,9c8951df4eb323c8,0,39
/kaggle/input/datasets/jessicamercya/satria-data-2026/BDC2026-20260708T012259Z-3-001 - Copy/BDC2026/train/1_Electronic/Mouse_67.jpg,Electronic,150,150,JPEG,RGB,1.0,False,c65e33fbf5cf23be974211631e9e06e4,e960cecf694d891a,5,3
/kaggle/input/datasets/jessicamercya/satria-data-2026/BDC2026-20260708T012259Z-3-001 - Copy/BDC2026/train/1_Electronic/176.jpeg,Electronic,1280,720,JPEG,RGB,1.7777777777777777,False,f47c75a61fd28aa89c5f609254033376,c743293a03559e7d,10,2
/kaggle/input/datasets/jessicamercya/satria-data-2026/BDC2026-20260708T012259Z-3-001 - Copy/BDC2026/train/1_Electronic/battery_296.jpg,Electronic,150,150,JPEG,RGB,1.0,False,9a351de1d9a27fbe2521dc242b43c1c2,a6c4991b4b6ccd33,13,19
/kaggle/input/datasets/jessicamercya/satria-data-2026/BDC2026-20260708T012259Z-3-001 - Copy/BDC2026/train/1_Electronic/battery_exploded.jpg,Electronic,344,258,JPEG,RGB,1.3333333333333333,False,b2b7d97caac0c0e7ddc991b03de81aa7,bcc6c3384e6d62b2,7,7
/kaggle/input/datasets/jessicamercya/satria-data-2026/BDC2026-20260708T012259Z-3-001 - Copy/BDC2026/train/1_Electronic/Washing_Machine_120.jpg,Electronic,150,150,JPEG,RGB,1.0,False,56da01a42ad6003031a7f916183fd0cf,ee3cc1c690d39393,3,27
/kaggle/input/datasets/jessicamercya/satria-data-2026/BDC2026-20260708T012259Z-3-001 - Copy/BDC2026/train/1_Electronic/14.computer-monitors.jpg,Electronic,400,220,JPEG,RGB,1.8181818181818181,False,da4f0e42342e166fe9b31ff05cd30bb2,97de694c187b381a,0,0
/kaggle/input/datasets/jessicamercya/satria-data-2026/BDC2026-20260708T012259Z-3-001 - Copy/BDC2026/train/1_Electronic/Mouse_68.jpg,Electronic,150,150,JPEG,RGB,1.0,False,dbf14bd11ee5873bd4f6a362a2008ff1,80523f4f1a3f687a,5,3
/kaggle/input/datasets/jessicamercya/satria-data-2026/BDC2026-20260708T012259Z-3-001 - Copy/BDC2026/train/1_Electronic/Television_40.jpg,Electronic,150,150,JPEG,RGB,1.0,False,03bb0dabe410ba7b4df03ebfb92ef172,9fa8d370c4d1ab85,8,1
/kaggle/input/datasets/jessicamercya/satria-data-2026/BDC2026-20260708T012259Z-3-001 - Copy/BDC2026/train/1_Electronic/Player_190.jpg,Electronic,150,150,JPEG,RGB,1.0,False,ad5a4f0d50fb8e5346e3f45f70463516,a870c7946c39dc6e,9,17
/kaggle/input/datasets/jessicamercya/satria-data-2026/BDC2026-20260708T012259Z-3-001 - Copy/BDC2026/train/1_Electronic/Printer_183.jpg,Electronic,150,150,JPEG,RGB,1.0,False,b6f8c2ebc42028e30c108fc894cc6e60,e1f5d4df0b801bb0,6,42
/kaggle/input/datasets/jessicamercya/satria-data-2026/BDC2026-20260708T012259Z-3-001 - Copy/BDC2026/train/1_Electronic/Microwave_263.jpg,Electronic,150,150,JPEG,RGB,1.0,False,2c5a187950877b82f11b3568e6687745,a54e1a395a326f53,8,20
/kaggle/input/datasets/jessicamercya/satria-data-2026/BDC2026-20260708T012259Z-3-001 - Copy/BDC2026/train/1_Electronic/Printer_263.jpg,Electronic,150,150,JPEG,RGB,1.0,False,c22e5f49df3396ea39d86357e3753e12,eac8647a9b956568,6,6
/kaggle/input/datasets/jessicamercya/satria-data-2026/BDC2026-20260708T012259Z-3-001 - Copy/BDC2026/train/1_Electronic/Television_227.jpg,Electronic,150,150,JPEG,RGB,1.0,False,c5e9bad6358bd687482583a21b8ccb69,9f41b079847990fd,4,15
/kaggle/input/datasets/jessicamercya/satria-data-2026/BDC2026-20260708T012259Z-3-001 - Copy/BDC2026/train/1_Electronic/Television_7.jpg,Electronic,150,150,JPEG,RGB,1.0,False,d04baa834828446c376b135525f59e17,d4be6bc0f08f8760,4,15
/kaggle/input/datasets/jessicamercya/satria-data-2026/BDC2026-20260708T012259Z-3-001 - Copy/BDC2026/train/1_Electronic/Mouse_120.jpg,Electronic,150,150,JPEG,RGB,1.0,False,cabe73e8c9e83fdd84fdb781118bf421,ec4ec79c4c72606b,5,3
/kaggle/input/datasets/jessicamercya/satria-data-2026/BDC2026-20260708T012259Z-3-001 - Copy/BDC2026/train/1_Electronic/Microwave_57.jpg,Electronic,150,150,JPEG,RGB,1.0,False,3da3103f2c4e2651c8db2d008a1c0b78,9693c9c13736943b,8,20
/kaggle/input/datasets/jessicamercya/satria-data-2026/BDC2026-20260708T012259Z-3-001 - Copy/BDC2026/train/1_Electronic/Microwave_135.jpg,Electronic,150,150,JPEG,RGB,1.0,False,4450073772da7c4d65d120b5a94ef48a,92b6cb4d703465d9,8,20
/kaggle/input/datasets/jessicamercya/satria-data-2026/BDC2026-20260708T012259Z-3-001 - Copy/BDC2026/train/1_Electronic/IMG_20201101_130724.jpg,Electronic,4000,3000,JPEG,RGB,1.3333333333333333,False,a1c583f7abdcb70b8c02ad983700df7f,81627f8ff8e890cc,15,59
/kaggle/input/datasets/jessicamercya/satria-data-2026/BDC2026-20260708T012259Z-3-001 - Copy/BDC2026/train/1_Electronic/Copy of IMG_20200328_135512.jpg,Electronic,4608,3456,JPEG,RGB,1.3333333333333333,False,74c15342fea5cb1b2b784df81bc8a686,cc8e377161082f6f,1,4
/kaggle/input/datasets/jessicamercya/satria-data-2026/BDC2026-20260708T012259Z-3-001 - Copy/BDC2026/train/1_Electronic/WhatsApp Image 2020-11-01 at 1.28.23 PM.jpeg,Electronic,720,1280,JPEG,RGB,0.5625,False,d11b7d15d12bc0df43c103146f67b6a7,cc0f33334c6c33b3,15,46
/kaggle/input/datasets/jessicamercya/satria-data-2026/BDC2026-20260708T012259Z-3-001 - Copy/BDC2026/train/1_Electronic/195.jpeg,Electronic,1152,864,JPEG,RGB,1.3333333333333333,False,e87182327874ceebcdff021d62fb3df7,bf4aea5405813bb3,10,2
/kaggle/input/datasets/jessicamercya/satria-data-2026/BDC2026-20260708T012259Z-3-001 - Copy/BDC2026/train/1_Electronic/istockphoto-1190367296-170667a.jpg,Electronic,508,340,JPEG,RGB,1.4941176470588236,False,8d7a05af56cd802ffe6fe74200913d99,e0e221bb5bb3344d,6,6
/kaggle/input/datasets/jessicamercya/satria-data-2026/BDC2026-20260708T012259Z-3-001 - Copy/BDC2026/train/1_Electronic/Television_146.jpg,Electronic,150,150,JPEG,RGB,1.0,False,dcc62ee822bd8c364ee77b07ad5d0ba7,852d925a5299cd3f,4,15
/kaggle/input/datasets/jessicamercya/satria-data-2026/BDC2026-20260708T012259Z-3-001 - Copy/BDC2026/train/1_Electronic/WhatsApp Image 2020-11-01 at 1.23.32 PM.jpeg,Electronic,1280,720,JPEG,RGB,1.7777777777777777,False,d21cb6fb4331899c8a2c136e5a82d64f,85a41a9b5b66647e,15,46
/kaggle/input/datasets/jessicamercya/satria-data-2026/BDC2026-20260708T012259Z-3-001 - Copy/BDC2026/train/1_Electronic/Player_141.jpg,Electronic,150,150,JPEG,RGB,1.0,False,a9b1a9ddefb39ccf485e6f3721db2c91,ef60a08fa18ec3cd,9,48
/kaggle/input/datasets/jessicamercya/satria-data-2026/BDC2026-20260708T012259Z-3-001 - Copy/BDC2026/train/1_Electronic/14.sampah-elektronik.jpg,Electronic,1024,576,JPEG,RGB,1.7777777777777777,False,1b1d7c56430e4a72d241a477f56e1375,92f8afb384035d66,0,22
/kaggle/input/datasets/jessicamercya/satria-data-2026/BDC2026-20260708T012259Z-3-001 - Copy/BDC2026/train/1_Electronic/Keyboard_146.jpg,Electronic,150,150,JPEG,RGB,1.0,False,bbb599259ac61867b47502590e0e8f5d,ea2f95d02a2a7a2d,2,5
/kaggle/input/datasets/jessicamercya/satria-data-2026/BDC2026-20260708T012259Z-3-001 - Copy/BDC2026/train/1_Electronic/Washing_Machine_14.jpg,Electronic,150,150,JPEG,RGB,1.0,False,0ff7d3c0b18a9ddc67e0f13f78382ec4,e1ce92329e329e69,3,35
/kaggle/input/datasets/jessicamercya/satria-data-2026/BDC2026-20260708T012259Z-3-001 - Copy/BDC2026/train/1_Electronic/Mobile_28.jpg,Electronic,150,150,JPEG,RGB,1.0,False,452dcba1d9f9b8dc1352cf37d662e972,8e6ed09111d3d59d,1,9
/kaggle/input/datasets/jessicamercya/satria-data-2026/BDC2026-20260708T012259Z-3-001 - Copy/BDC2026/train/1_Electronic/Player_13.jpg,Electronic,150,150,JPEG,RGB,1.0,False,7f813555b8fe2f122470478d0742722b,eca4fe178097511b,9,21
/kaggle/input/datasets/jessicamercya/satria-data-2026/BDC2026-20260708T012259Z-3-001 - Copy/BDC2026/train/1_Electronic/154.jpg,Electronic,4160,2340,JPEG,RGB,1.7777777777777777,False,f624dea9d880b88d51b554eb17388814,b101cc2c66e3f379,10,2
/kaggle/input/datasets/jessicamercya/satria-data-2026/BDC2026-20260708T012259Z-3-001 - Copy/BDC2026/train/1_Electronic/Mobile_256.jpg,Electronic,150,150,JPEG,RGB,1.0,False,c3ec80841b512328ddb4b547bc5e54c5,b5c38ba5707ac459,1,16
/kaggle/input/datasets/jessicamercya/satria-data-2026/BDC2026-20260708T012259Z-3-001 - Copy/BDC2026/train/1_Electronic/battery_65.jpg,Electronic,150,150,JPEG,RGB,1.0,False,c60701ad5dc168f6cc5893fce1ff3e9c,bfc8c0b52e483d36,14,24
/kaggle/input/datasets/jessicamercya/satria-data-2026/BDC2026-20260708T012259Z-3-001 - Copy/BDC2026/train/1_Electronic/battery_59.jpg,Electronic,150,150,JPEG,RGB,1.0,False,7285d99e1b952a0538ce43c97cc3f344,bfc0c03d19372fc8,13,19
/kaggle/input/datasets/jessicamercya/satria-data-2026/BDC2026-20260708T012259Z-3-001 - Copy/BDC2026/train/1_Electronic/battery_84.jpg,Electronic,150,150,JPEG,RGB,1.0,False,14ce862036de4d781ba7906489fca4ff,aa4bd5b64b413e0b,14,24
/kaggle/input/datasets/jessicamercya/satria-data-2026/BDC2026-20260708T012259Z-3-001 - Copy/BDC2026/train/1_Electronic/Mobile_269.jpg,Electronic,150,150,JPEG,RGB,1.0,False,6cd649a820c78fecfeead3f809d469b8,bd94d269ca6b9262,1,16
/kaggle/input/datasets/jessicamercya/satria-data-2026/BDC2026-20260708T012259Z-3-001 - Copy/BDC2026/train/1_Electronic/22.old-tv-broken-tube-old-tv-broken-tube-television-electronic-scrap-old-tv-thrown-away-next-to-wall-pile-mixed-224486244.jpg,Electronic,800,534,JPEG,RGB,1.4981273408239701,False,28075b3df7c9a29812275c06a3d89c38,9b78608fbc32cb85,0,39
/kaggle/input/datasets/jessicamercya/satria-data-2026/BDC2026-20260708T012259Z-3-001 - Copy/BDC2026/train/1_Electronic/Mobile_261.jpg,Electronic,150,150,JPEG,RGB,1.0,False,dadc63c4e9c1040fd9e9ee9c7340cdea,ff6ea86aa26eaa00,1,9
/kaggle/input/datasets/jessicamercya/satria-data-2026/BDC2026-20260708T012259Z-3-001 - Copy/BDC2026/train/1_Electronic/7943de38eef99dd6aedc41a0d35460cd.jpg,Electronic,4128,3096,JPEG,RGB,1.3333333333333333,False,651cc1e33ed5d73ee020f91caebd3a6e,91916ecc6dd1e293,4,49
/kaggle/input/datasets/jessicamercya/satria-data-2026/BDC2026-20260708T012259Z-3-001 - Copy/BDC2026/train/1_Electronic/Television_37.jpg,Electronic,150,150,JPEG,RGB,1.0,False,12d0823c8150f15c5e127c57af21d318,eaca95279538c695,4,10
/kaggle/input/datasets/jessicamercya/satria-data-2026/BDC2026-20260708T012259Z-3-001 - Copy/BDC2026/train/1_Electronic/pcb_203.jpg,Electronic,150,150,JPEG,RGB,1.0,False,cbef05b32ef4b780339a60959a061ae2,bf9c8013fc9d00bb,7,7
/kaggle/input/datasets/jessicamercya/satria-data-2026/BDC2026-20260708T012259Z-3-001 - Copy/BDC2026/train/1_Electronic/IMG_20200328_131316.jpg,Electronic,4000,2250,JPEG,RGB,1.7777777777777777,False,fdf7e017e4fb390528e902d873af31ce,bb1b80f1e58761f0,10,2
/kaggle/input/datasets/jessicamercya/satria-data-2026/BDC2026-20260708T012259Z-3-001 - Copy/BDC2026/train/1_Electronic/3.jpeg,Electronic,1040,780,JPEG,RGB,1.3333333333333333,False,9efed49024f23a666349e43165fc1801,9dadd58915950557,11,31
/kaggle/input/datasets/jessicamercya/satria-data-2026/BDC2026-20260708T012259Z-3-001 - Copy/BDC2026/train/1_Electronic/Player_167.jpg,Electronic,150,150,JPEG,RGB,1.0,False,7aa9afd18ffeda86515e8dbff8b21e65,c9e4d21baab1da92,9,17
/kaggle/input/datasets/jessicamercya/satria-data-2026/BDC2026-20260708T012259Z-3-001 - Copy/BDC2026/train/1_Electronic/IMG_20201101_130720.jpg,Electronic,4000,3000,JPEG,RGB,1.3333333333333333,False,5caa74cefd60626f15b339ea3c8a7e61,c9637eb4605a971c,15,59
/kaggle/input/datasets/jessicamercya/satria-data-2026/BDC2026-20260708T012259Z-3-001 - Copy/BDC2026/train/1_Electronic/60.vast-electronic-waste-stockcake.jpg,Electronic,728,408,JPEG,RGB,1.7843137254901962,False,3c6269219491d737bbd8c66af1dc7f82,c0d1c7c5e6ad6b28,0,14
/kaggle/input/datasets/jessicamercya/satria-data-2026/BDC2026-20260708T012259Z-3-001 - Copy/BDC2026/train/1_Electronic/193.jpeg,Electronic,1152,648,JPEG,RGB,1.7777777777777777,False,15a890821fc1983b7e0bf13efcaa624d,af34028b54f8e58f,10,2
/kaggle/input/datasets/jessicamercya/satria-data-2026/BDC2026-20260708T012259Z-3-001 - Copy/BDC2026/train/1_Electronic/Player_255.jpg,Electronic,150,150,JPEG,RGB,1.0,False,437255f7166f6ea7b4bf70ba36acfa6e,fc85cb2a141f70a7,9,21
/kaggle/input/datasets/jessicamercya/satria-data-2026/BDC2026-20260708T012259Z-3-001 - Copy/BDC2026/train/1_Electronic/Player_297.jpg,Electronic,150,150,JPEG,RGB,1.0,False,24ff23265afe15a0bf7285f01ef7cc7c,b4cb60de6786985a,7,7
/kaggle/input/datasets/jessicamercya/satria-data-2026/BDC2026-20260708T012259Z-3-001 - Copy/BDC2026/train/1_Electronic/battery_208.jpg,Electronic,150,150,JPEG,RGB,1.0,False,6edded9386baac16291715f76aaa1a59,b2999bcc66649b89,12,37
/kaggle/input/datasets/jessicamercya/satria-data-2026/BDC2026-20260708T012259Z-3-001 - Copy/BDC2026/train/1_Electronic/Keyboard_201.jpg,Electronic,150,150,JPEG,RGB,1.0,False,318a18ad6191cd7fc4e1fc108268d279,ffcfc830d2383234,2,13
/kaggle/input/datasets/jessicamercya/satria-data-2026/BDC2026-20260708T012259Z-3-001 - Copy/BDC2026/train/1_Electronic/Microwave_271.jpg,Electronic,150,150,JPEG,RGB,1.0,False,7d1aec25066b564d5813fc3a56bc02ac,c519363ec98d638d,4,15
/kaggle/input/datasets/jessicamercya/satria-data-2026/BDC2026-20260708T012259Z-3-001 - Copy/BDC2026/train/1_Electronic/Keyboard_105.jpg,Electronic,150,150,JPEG,RGB,1.0,False,15590068e791c4070299a675f01ff5ab,ef95c9e21103b279,2,5
/kaggle/input/datasets/jessicamercya/satria-data-2026/BDC2026-20260708T012259Z-3-001 - Copy/BDC2026/train/1_Electronic/77.tv_trash.jpg,Electronic,485,340,JPEG,RGB,1.4264705882352942,False,3948d06c24fda5dc8ddc3ad34829ba9a,9aa3c85bc434ec3b,0,22
/kaggle/input/datasets/jessicamercya/satria-data-2026/BDC2026-20260708T012259Z-3-001 - Copy/BDC2026/train/1_Electronic/battery_141.jpg,Electronic,150,150,JPEG,RGB,1.0,False,f355fcecaeb2e770636810fd94b49718,eb349ecb64b1190d,2,32
/kaggle/input/datasets/jessicamercya/satria-data-2026/BDC2026-20260708T012259Z-3-001 - Copy/BDC2026/train/1_Electronic/Microwave_3.jpg,Electronic,150,150,JPEG,RGB,1.0,False,1f865bda904ac45ba970db2cd2d1f851,bf9ac064c0363f9a,8,20
/kaggle/input/datasets/jessicamercya/satria-data-2026/BDC2026-20260708T012259Z-3-001 - Copy/BDC2026/train/1_Electronic/Printer_25.jpg,Electronic,150,150,JPEG,RGB,1.0,False,07d02bba5911745570a654fb3838ddb1,c8d8ca24f4d7798a,6,6
/kaggle/input/datasets/jessicamercya/satria-data-2026/BDC2026-20260708T012259Z-3-001 - Copy/BDC2026/train/1_Electronic/Keyboard_166.jpg,Electronic,150,150,JPEG,RGB,1.0,False,1b09b0a64d9d941e5189e9789b8eef4c,bec09017c03f6bdc,2,5
/kaggle/input/datasets/jessicamercya/satria-data-2026/BDC2026-20260708T012259Z-3-001 - Copy/BDC2026/train/1_Electronic/Washing_Machine_85.jpg,Electronic,150,150,JPEG,RGB,1.0,False,f8ce031a247babd68f443cb9323a7a30,d56a25657758682d,3,28
/kaggle/input/datasets/jessicamercya/satria-data-2026/BDC2026-20260708T012259Z-3-001 - Copy/BDC2026/train/1_Electronic/35.jpeg,Electronic,1040,780,JPEG,RGB,1.3333333333333333,False,cf69379c46d63b47b9affa15aec5f8bb,ae64d56063933bb2,11,31
/kaggle/input/datasets/jessicamercya/satria-data-2026/BDC2026-20260708T012259Z-3-001 - Copy/BDC2026/train/1_Electronic/Printer_118.jpg,Electronic,150,150,JPEG,RGB,1.0,False,1209be5884b987102eaaf5c6dc873aa1,cc189e3ec0e3e53c,2,40
/kaggle/input/datasets/jessicamercya/satria-data-2026/BDC2026-20260708T012259Z-3-001 - Copy/BDC2026/train/1_Electronic/Mouse_141.jpg,Electronic,150,150,JPEG,RGB,1.0,False,117d9936ca5a692281a32f25320b160c,b031c64c9bc6cbc7,5,26
/kaggle/input/datasets/jessicamercya/satria-data-2026/BDC2026-20260708T012259Z-3-001 - Copy/BDC2026/train/1_Electronic/751.jpeg,Electronic,1152,864,JPEG,RGB,1.3333333333333333,False,0270c3c75eea69bd2760b16eeb204b04,f8aa87979e923868,5,29
/kaggle/input/datasets/jessicamercya/satria-data-2026/BDC2026-20260708T012259Z-3-001 - Copy/BDC2026/train/1_Electronic/Keyboard_160.jpg,Electronic,150,150,JPEG,RGB,1.0,False,d1253c5cf1665468ae4aab169641e290,adcbaa29aa75d031,2,5
/kaggle/input/datasets/jessicamercya/satria-data-2026/BDC2026-20260708T012259Z-3-001 - Copy/BDC2026/train/1_Electronic/Keyboard_182.jpg,Electronic,150,150,JPEG,RGB,1.0,False,677f36563148c577a30b60a4c9b6584a,e518cc6dc466c3e5,2,13
/kaggle/input/datasets/jessicamercya/satria-data-2026/BDC2026-20260708T012259Z-3-001 - Copy/BDC2026/train/1_Electronic/e-waste-photo-e1529509772424.jpg,Electronic,792,445,JPEG,RGB,1.7797752808988765,False,65dc19da2b09b492b4956a164b9259e4,9cbd47e0b2c174b1,0,0
/kaggle/input/datasets/jessicamercya/satria-data-2026/BDC2026-20260708T012259Z-3-001 - Copy/BDC2026/train/1_Electronic/Player_232.jpg,Electronic,150,150,JPEG,RGB,1.0,False,6cd54b1546140d15c9291e9c7cb42b7d,ebcde412923e92e1,9,60
/kaggle/input/datasets/jessicamercya/satria-data-2026/BDC2026-20260708T012259Z-3-001 - Copy/BDC2026/train/1_Electronic/pcb_61.jpg,Electronic,150,150,JPEG,RGB,1.0,False,c3e79ce7192d0eead790804da49ccda0,eab08587d06f6a39,7,7
/kaggle/input/datasets/jessicamercya/satria-data-2026/BDC2026-20260708T012259Z-3-001 - Copy/BDC2026/train/1_Electronic/broken-lcd-tv.jpg,Electronic,300,183,JPEG,RGB,1.639344262295082,False,2158e0391d85aa8813f46dcda959d190,cfe2e0d8f1c6c8c1,2,25
/kaggle/input/datasets/jessicamercya/satria-data-2026/BDC2026-20260708T012259Z-3-001 - Copy/BDC2026/train/1_Electronic/Television_185.jpg,Electronic,150,150,JPEG,RGB,1.0,False,5a334d4fa5ae7169815dd9e838269d8a,f404fffa00fb0ae0,4,10
/kaggle/input/datasets/jessicamercya/satria-data-2026/BDC2026-20260708T012259Z-3-001 - Copy/BDC2026/train/1_Electronic/571.jpg,Electronic,4160,2340,JPEG,RGB,1.7777777777777777,False,0166e1a9961d0c2989290dc0bf2bcff5,db2e6bd485c0d495,1,4
/kaggle/input/datasets/jessicamercya/satria-data-2026/BDC2026-20260708T012259Z-3-001 - Copy/BDC2026/train/1_Electronic/Printer_87.jpg,Electronic,150,150,JPEG,RGB,1.0,False,594811d5b21ede015125eb6ee2ffb106,be68c48783b4cb87,6,52
/kaggle/input/datasets/jessicamercya/satria-data-2026/BDC2026-20260708T012259Z-3-001 - Copy/BDC2026/train/1_Electronic/161.jpg,Electronic,4160,2340,JPEG,RGB,1.7777777777777777,False,90a8a490502fa207638a1ac70d6fb438,ea2985ea7d865b24,10,2
/kaggle/input/datasets/jessicamercya/satria-data-2026/BDC2026-20260708T012259Z-3-001 - Copy/BDC2026/train/1_Electronic/Washing_Machine_186.jpg,Electronic,150,150,JPEG,RGB,1.0,False,ec306c15c2e6d433b1a23bad91b18176,82e0b98f3656ad4e,3,27
/kaggle/input/datasets/jessicamercya/satria-data-2026/BDC2026-20260708T012259Z-3-001 - Copy/BDC2026/train/1_Electronic/Keyboard_21.jpg,Electronic,150,150,JPEG,RGB,1.0,False,07e0c0378efc9d1d17183898e51b38b4,ffff8100b62189b2,2,5
/kaggle/input/datasets/jessicamercya/satria-data-2026/BDC2026-20260708T012259Z-3-001 - Copy/BDC2026/train/1_Electronic/Microwave_17.jpg,Electronic,150,150,JPEG,RGB,1.0,False,83f391ac3d157ddbe37b9abecea5040b,cb1ab4e5cd985193,8,1
/kaggle/input/datasets/jessicamercya/satria-data-2026/BDC2026-20260708T012259Z-3-001 - Copy/BDC2026/train/1_Electronic/Mobile_238.jpg,Electronic,150,150,JPEG,RGB,1.0,False,cb6a9f8589a46c184d3c5aa93cc0c60e,a9e456dac9c15ac5,1,16
/kaggle/input/datasets/jessicamercya/satria-data-2026/BDC2026-20260708T012259Z-3-001 - Copy/BDC2026/train/1_Electronic/2.pngtree-camera-lens-broken-part-close-up-shattered-photo-picture-image_7350404.jpg,Electronic,1200,1718,PNG,P,0.6984866123399301,False,8c7c0b8bdcb15405f4ddcba0e4b0a949,e464dacb63928ec5,0,0
/kaggle/input/datasets/jessicamercya/satria-data-2026/BDC2026-20260708T012259Z-3-001 - Copy/BDC2026/train/1_Electronic/Mouse_271.jpg,Electronic,150,150,JPEG,RGB,1.0,False,82c55d5348d3a929efc2bc4d7dffcdd4,fa9d8570ba6b9940,5,26
/kaggle/input/datasets/jessicamercya/satria-data-2026/BDC2026-20260708T012259Z-3-001 - Copy/BDC2026/train/1_Electronic/Microwave_33.jpg,Electronic,150,150,JPEG,RGB,1.0,False,419a48f9b3c15c777c2136a9f4213d1c,ecc74b39b490d343,8,20
/kaggle/input/datasets/jessicamercya/satria-data-2026/BDC2026-20260708T012259Z-3-001 - Copy/BDC2026/train/1_Electronic/451.jpeg,Electronic,581,1032,JPEG,RGB,0.562984496124031,False,139b72d9f0407c57bc3bad7c3fac4fc5,e82197daca877869,1,4
/kaggle/input/datasets/jessicamercya/satria-data-2026/BDC2026-20260708T012259Z-3-001 - Copy/BDC2026/train/1_Electronic/320.jpeg,Electronic,1280,640,JPEG,RGB,2.0,False,c5b51cf5ee0e3567ff1bdabba1ea25d1,b6e49f69b64a818a,11,44
/kaggle/input/datasets/jessicamercya/satria-data-2026/BDC2026-20260708T012259Z-3-001 - Copy/BDC2026/train/1_Electronic/pcb_215.jpg,Electronic,150,150,JPEG,RGB,1.0,False,ffca03ab38690c864a57ba8b661fbf96,c6b319c659e63986,7,7
/kaggle/input/datasets/jessicamercya/satria-data-2026/BDC2026-20260708T012259Z-3-001 - Copy/BDC2026/train/1_Electronic/Washing_Machine_72.jpg,Electronic,150,150,JPEG,RGB,1.0,False,9f4a8ac5770feaa4b016cae7ab75ffd8,bc9ed364c398c661,3,33
/kaggle/input/datasets/jessicamercya/satria-data-2026/BDC2026-20260708T012259Z-3-001 - Copy/BDC2026/train/1_Electronic/Microwave_36.jpg,Electronic,150,150,JPEG,RGB,1.0,False,dd5fea0a7f4980ebdcc41963f2f10ba1,fcebd0d2c2990d13,8,20
/kaggle/input/datasets/jessicamercya/satria-data-2026/BDC2026-20260708T012259Z-3-001 - Copy/BDC2026/train/1_Electronic/Mouse_268.jpg,Electronic,150,150,JPEG,RGB,1.0,False,f59b81dd38116ef7c013ea3ce40a5e62,ef94c017cb7c8532,5,3
/kaggle/input/datasets/jessicamercya/satria-data-2026/BDC2026-20260708T012259Z-3-001 - Copy/BDC2026/train/1_Electronic/8.l-intro-1750323719.jpg,Electronic,1600,900,JPEG,RGB,1.7777777777777777,False,a10265dfef37eea078c26345e2517e62,cb3c24d83cd930e7,4,12
/kaggle/input/datasets/jessicamercya/satria-data-2026/BDC2026-20260708T012259Z-3-001 - Copy/BDC2026/train/1_Electronic/Television_0.jpg,Electronic,150,150,JPEG,RGB,1.0,False,858bea434e7c68f07910d40bfc31bc97,edccd231d0c38fb0,4,15
/kaggle/input/datasets/jessicamercya/satria-data-2026/BDC2026-20260708T012259Z-3-001 - Copy/BDC2026/train/1_Electronic/2.a8rw45.jpg,Electronic,640,447,JPEG,RGB,1.4317673378076063,False,df36f224de79a78c59340c52fd04e554,9cef14e25bd30295,0,0
/kaggle/input/datasets/jessicamercya/satria-data-2026/BDC2026-20260708T012259Z-3-001 - Copy/BDC2026/train/1_Electronic/pcb_219.jpg,Electronic,150,150,JPEG,RGB,1.0,False,7abb055c2cfafbdbc37518a402972ed8,d62b83c96dc14d6c,7,23
/kaggle/input/datasets/jessicamercya/satria-data-2026/BDC2026-20260708T012259Z-3-001 - Copy/BDC2026/train/1_Electronic/Washing_Machine_150.jpg,Electronic,150,150,JPEG,RGB,1.0,False,e05b4a9b3f23acd8955acfabf2508b8e,eb98c3e684c391cd,3,27
/kaggle/input/datasets/jessicamercya/satria-data-2026/BDC2026-20260708T012259Z-3-001 - Copy/BDC2026/train/1_Electronic/6.depositphotos_167072430-stock-photo-computer-trash-on-a-pile.jpg,Electronic,1600,1167,JPEG,RGB,1.3710368466152527,False,f81fbaf93b872a3877c32d4f8334801d,861378cb63991dae,0,14
/kaggle/input/datasets/jessicamercya/satria-data-2026/BDC2026-20260708T012259Z-3-001 - Copy/BDC2026/train/1_Electronic/1.electronic-waste-ready-recycle-isolated-600nw-2451911881.jpg,Electronic,600,401,JPEG,RGB,1.4962593516209477,False,484fa732009d932653ab24df6cfb53fa,eb87947a91392b86,0,0
/kaggle/input/datasets/jessicamercya/satria-data-2026/BDC2026-20260708T012259Z-3-001 - Copy/BDC2026/train/1_Electronic/battery_60.jpg,Electronic,150,150,JPEG,RGB,1.0,False,dde87c811a8af3a8dc822c2a6bd35072,bec19435b936e40d,14,24
/kaggle/input/datasets/jessicamercya/satria-data-2026/BDC2026-20260708T012259Z-3-001 - Copy/BDC2026/train/1_Electronic/67.Hb3-3248-edited.jpg,Electronic,2002,1502,JPEG,RGB,1.33288948069241,False,e0ec41b6a92b19f240e5bc1c59a5e0d8,f2f09f894d4d82b4,0,54
/kaggle/input/datasets/jessicamercya/satria-data-2026/BDC2026-20260708T012259Z-3-001 - Copy/BDC2026/train/1_Electronic/Printer_233.jpg,Electronic,150,150,JPEG,RGB,1.0,False,3bfd3d23931ebf90434dea113f8b35ab,bf95806ac07a703f,2,32
/kaggle/input/datasets/jessicamercya/satria-data-2026/BDC2026-20260708T012259Z-3-001 - Copy/BDC2026/train/1_Electronic/12.retron-article-april-2025.png,Electronic,875,657,PNG,RGBA,1.3318112633181127,False,ab3aa7cfcbe858e90b6e07f189551166,a8aee8e981e8ade4,0,0
/kaggle/input/datasets/jessicamercya/satria-data-2026/BDC2026-20260708T012259Z-3-001 - Copy/BDC2026/train/1_Electronic/Printer_39.jpg,Electronic,150,150,JPEG,RGB,1.0,False,cda173f7d233d1576915f2286f066ec8,af9e9e60c036c723,6,42
/kaggle/input/datasets/jessicamercya/satria-data-2026/BDC2026-20260708T012259Z-3-001 - Copy/BDC2026/train/1_Electronic/777.jpeg,Electronic,1280,960,JPEG,RGB,1.3333333333333333,False,56d0a9ae2b56ba92d4d5e1d28b649a83,9e9867a399197195,5,36
/kaggle/input/datasets/jessicamercya/satria-data-2026/BDC2026-20260708T012259Z-3-001 - Copy/BDC2026/train/1_Electronic/pcb_195.jpg,Electronic,150,150,JPEG,RGB,1.0,False,c04f9e227be4150f00e729066a0c457a,e9c5839c9ec2869e,7,23
/kaggle/input/datasets/jessicamercya/satria-data-2026/BDC2026-20260708T012259Z-3-001 - Copy/BDC2026/train/1_Electronic/Microwave_41.jpg,Electronic,150,150,JPEG,RGB,1.0,False,f8cf954992ea81213af69dcd272121b9,f9993207cf0f3095,2,40
/kaggle/input/datasets/jessicamercya/satria-data-2026/BDC2026-20260708T012259Z-3-001 - Copy/BDC2026/train/1_Electronic/255.jpeg,Electronic,1152,864,JPEG,RGB,1.3333333333333333,False,6d7be9ddb7433ea90048e4cb233c3533,f1788ae1d55c5896,10,2
/kaggle/input/datasets/jessicamercya/satria-data-2026/BDC2026-20260708T012259Z-3-001 - Copy/BDC2026/train/1_Electronic/326.jpeg,Electronic,1152,864,JPEG,RGB,1.3333333333333333,False,dbd6a23f3c4fecb534f6bbece031024d,a9d5ca96d2cd8493,11,44
/kaggle/input/datasets/jessicamercya/satria-data-2026/BDC2026-20260708T012259Z-3-001 - Copy/BDC2026/train/1_Electronic/battery_22.jpg,Electronic,150,150,JPEG,RGB,1.0,False,36a6d6a228f2cd27063e10f51c594fd1,b2e68ec6c9998c99,12,37
/kaggle/input/datasets/jessicamercya/satria-data-2026/BDC2026-20260708T012259Z-3-001 - Copy/BDC2026/train/1_Electronic/Mobile_240.jpg,Electronic,150,150,JPEG,RGB,1.0,False,1645cab6a7c03716eec3ef5b2946abb7,ab4b854dd8dc9913,1,16
/kaggle/input/datasets/jessicamercya/satria-data-2026/BDC2026-20260708T012259Z-3-001 - Copy/BDC2026/train/1_Electronic/66.mountain-of-obsolete-electronics-and-computer-waste-3CW6560.jpg,Electronic,867,1390,JPEG,RGB,0.6237410071942446,False,ae1326433a69fa8f6eb17f6c0918a555,c4d133e7e53e1898,0,0
/kaggle/input/datasets/jessicamercya/satria-data-2026/BDC2026-20260708T012259Z-3-001 - Copy/BDC2026/train/1_Electronic/Mouse_138.jpg,Electronic,150,150,JPEG,RGB,1.0,False,a3a31dded86cda570ed334a09e3ff203,b1c7c63cc9399499,5,26
/kaggle/input/datasets/jessicamercya/satria-data-2026/BDC2026-20260708T012259Z-3-001 - Copy/BDC2026/train/1_Electronic/Mouse_180.jpg,Electronic,150,150,JPEG,RGB,1.0,False,56f937c18684df7cdb3b16c90782c802,afc092364d9936c7,5,3
/kaggle/input/datasets/jessicamercya/satria-data-2026/BDC2026-20260708T012259Z-3-001 - Copy/BDC2026/train/1_Electronic/Mouse_267.jpg,Electronic,150,150,JPEG,RGB,1.0,False,78472bb62f2a98a2a653d84adbdc22e3,fa119572c5658a6d,5,26
/kaggle/input/datasets/jessicamercya/satria-data-2026/BDC2026-20260708T012259Z-3-001 - Copy/BDC2026/train/1_Electronic/Player_154.jpg,Electronic,150,150,JPEG,RGB,1.0,False,1351f3af986d70e6216303d1103b68b5,8bcaf6a184b4897e,5,36
/kaggle/input/datasets/jessicamercya/satria-data-2026/BDC2026-20260708T012259Z-3-001 - Copy/BDC2026/train/1_Electronic/15.ceramic-cpu-processor-scrap-1742900108-7954153.jpg,Electronic,500,338,JPEG,RGB,1.4792899408284024,False,d824669f4fbd79c3b9618aebbb1a6687,cd0e6037ca9b708f,0,30
/kaggle/input/datasets/jessicamercya/satria-data-2026/BDC2026-20260708T012259Z-3-001 - Copy/BDC2026/train/1_Electronic/Mobile_14.jpg,Electronic,150,150,JPEG,RGB,1.0,False,4d3710e1ee2d08403b462e9fec1abaeb,bbccd617482b3568,1,55
/kaggle/input/datasets/jessicamercya/satria-data-2026/BDC2026-20260708T012259Z-3-001 - Copy/BDC2026/train/1_Electronic/Mobile_265.jpg,Electronic,150,150,JPEG,RGB,1.0,False,d955d5de70c5e3f1876fcec6f6a12162,f0d58b5ac34d85aa,1,9
/kaggle/input/datasets/jessicamercya/satria-data-2026/BDC2026-20260708T012259Z-3-001 - Copy/BDC2026/train/1_Electronic/Microwave_80.jpg,Electronic,150,150,JPEG,RGB,1.0,False,3b60facc29f40134146fa8fdf7f119bd,ff7ad825858b8590,8,1
/kaggle/input/datasets/jessicamercya/satria-data-2026/BDC2026-20260708T012259Z-3-001 - Copy/BDC2026/train/1_Electronic/Printer_68.jpg,Electronic,150,150,JPEG,RGB,1.0,False,496f382f4cc62e547694265b97afa007,bb44c13f6c3887f0,6,11
/kaggle/input/datasets/jessicamercya/satria-data-2026/BDC2026-20260708T012259Z-3-001 - Copy/BDC2026/train/1_Electronic/43.broken-laptop-displayed-stockcake.jpg,Electronic,512,512,JPEG,RGB,1.0,False,9776393703bfe12bb0eb4a6cb1a5d10e,81ab3f17e4c896b1,0,43
/kaggle/input/datasets/jessicamercya/satria-data-2026/BDC2026-20260708T012259Z-3-001 - Copy/BDC2026/train/1_Electronic/60.geograph-3015164-by-stefan-czapski.jpg,Electronic,800,592,JPEG,RGB,1.3513513513513513,False,668f7608878ff9822bb7064639bef4f4,b98290a3cd99e0f7,0,22
/kaggle/input/datasets/jessicamercya/satria-data-2026/BDC2026-20260708T012259Z-3-001 - Copy/BDC2026/train/1_Electronic/Keyboard_5.jpg,Electronic,150,150,JPEG,RGB,1.0,False,f9bb139c3ee05afd5ff28fe36d69f27b,ead5956bd46a9428,2,5
/kaggle/input/datasets/jessicamercya/satria-data-2026/BDC2026-20260708T012259Z-3-001 - Copy/BDC2026/train/1_Electronic/Copy of IMG_20200328_222053.jpg,Electronic,8000,6000,JPEG,RGB,1.3333333333333333,False,ac59ed199c94ceb7222095dd903bf3c0,ae94ec6a14aab6c5,2,40
/kaggle/input/datasets/jessicamercya/satria-data-2026/BDC2026-20260708T012259Z-3-001 - Copy/BDC2026/train/1_Electronic/Mobile_64.jpg,Electronic,150,150,JPEG,RGB,1.0,False,af75012a28e03279b43bc07f8580c3c1,b861e59e9acb8692,1,4
/kaggle/input/datasets/jessicamercya/satria-data-2026/BDC2026-20260708T012259Z-3-001 - Copy/BDC2026/train/1_Electronic/Printer_80.jpg,Electronic,150,150,JPEG,RGB,1.0,False,d605f3c6d44f353153419e0c38c50b9a,928d6d03ea5df429,6,11
/kaggle/input/datasets/jessicamercya/satria-data-2026/BDC2026-20260708T012259Z-3-001 - Copy/BDC2026/train/1_Electronic/76.Electronics_Recycling_OKC.jpg,Electronic,400,282,JPEG,RGB,1.4184397163120568,False,a70753f572971c3db1659176c4df7b47,bc6bc923e490f38c,0,14
/kaggle/input/datasets/jessicamercya/satria-data-2026/BDC2026-20260708T012259Z-3-001 - Copy/BDC2026/train/1_Electronic/Player_143.jpg,Electronic,150,150,JPEG,RGB,1.0,False,22f0d2405a6bbb53e388fa99a76a6092,ee7aab0f8335d140,9,45
/kaggle/input/datasets/jessicamercya/satria-data-2026/BDC2026-20260708T012259Z-3-001 - Copy/BDC2026/train/1_Electronic/Washing_Machine_286.jpg,Electronic,150,150,JPEG,RGB,1.0,False,df5e1dad28b05af16249f659eef26c0b,aaaf2b2f2f2d2c20,3,28
/kaggle/input/datasets/jessicamercya/satria-data-2026/BDC2026-20260708T012259Z-3-001 - Copy/BDC2026/train/1_Electronic/battery_267.jpg,Electronic,150,150,JPEG,RGB,1.0,False,8c0c63e96395422e410d63ee1b6639af,e9ce9669826c966c,12,37
/kaggle/input/datasets/jessicamercya/satria-data-2026/BDC2026-20260708T012259Z-3-001 - Copy/BDC2026/train/1_Electronic/814.jpeg,Electronic,864,1152,JPEG,RGB,0.75,False,f30959aad9dd33a7b2fc89d4d50e3b56,a1dc86db9c714761,5,29
/kaggle/input/datasets/jessicamercya/satria-data-2026/BDC2026-20260708T012259Z-3-001 - Copy/BDC2026/train/1_Electronic/Player_116.jpg,Electronic,150,150,JPEG,RGB,1.0,False,c1d8d7e54c9fa1b686a6f4120add33d6,ba91c46c991b6e96,9,21
/kaggle/input/datasets/jessicamercya/satria-data-2026/BDC2026-20260708T012259Z-3-001 - Copy/BDC2026/train/1_Electronic/Mouse_290.jpg,Electronic,150,150,JPEG,RGB,1.0,False,4ff1f983503806b58874a74abc1a3a10,e1cc9673cb8c34a9,5,36
/kaggle/input/datasets/jessicamercya/satria-data-2026/BDC2026-20260708T012259Z-3-001 - Copy/BDC2026/train/1_Electronic/Keyboard_238.jpg,Electronic,150,150,JPEG,RGB,1.0,False,9b357b0f67a0aaa967cf785d9b07d78a,c07f00bf3f00ff41,2,13
/kaggle/input/datasets/jessicamercya/satria-data-2026/BDC2026-20260708T012259Z-3-001 - Copy/BDC2026/train/1_Electronic/Mouse_230.jpg,Electronic,150,150,JPEG,RGB,1.0,False,d6bcec819b73ef29b357502db7d43c58,f894c7cb9c643338,5,3
/kaggle/input/datasets/jessicamercya/satria-data-2026/BDC2026-20260708T012259Z-3-001 - Copy/BDC2026/train/1_Electronic/Printer_278.jpg,Electronic,150,150,JPEG,RGB,1.0,False,5893e4600e4eed2af6b74b03fbd6a3e5,efdf8028fa629528,6,11
/kaggle/input/datasets/jessicamercya/satria-data-2026/BDC2026-20260708T012259Z-3-001 - Copy/BDC2026/train/1_Electronic/Washing_Machine_275.jpg,Electronic,150,150,JPEG,RGB,1.0,False,30c8c9ca4c537fff0ef194ae6ea03947,950ad5fd78502b33,3,28
/kaggle/input/datasets/jessicamercya/satria-data-2026/BDC2026-20260708T012259Z-3-001 - Copy/BDC2026/train/1_Electronic/Printer_279.jpg,Electronic,150,150,JPEG,RGB,1.0,False,0ceb2ddb97e29645f30499000f565578,c11f3a7b1c2b78c1,6,42
/kaggle/input/datasets/jessicamercya/satria-data-2026/BDC2026-20260708T012259Z-3-001 - Copy/BDC2026/train/1_Electronic/Printer_106.jpg,Electronic,150,150,JPEG,RGB,1.0,False,bb59d887f36966cd29ff18d02d69d04c,eae1c51facb0803f,6,11
/kaggle/input/datasets/jessicamercya/satria-data-2026/BDC2026-20260708T012259Z-3-001 - Copy/BDC2026/train/1_Electronic/Mobile_98.jpg,Electronic,150,150,JPEG,RGB,1.0,False,9a768825ef67aa5963de449793a004f7,f47c81c37e3f802c,1,16
/kaggle/input/datasets/jessicamercya/satria-data-2026/BDC2026-20260708T012259Z-3-001 - Copy/BDC2026/train/1_Electronic/pcb_55.jpg,Electronic,150,150,JPEG,RGB,1.0,False,c1db1d7f8273c3d459f180a1643e648c,a470f54e8a49cd3b,7,7
/kaggle/input/datasets/jessicamercya/satria-data-2026/BDC2026-20260708T012259Z-3-001 - Copy/BDC2026/train/1_Electronic/9.e4b9e74c-5ec3-4eff-926a-9f0e0925d2d9_169.jpg,Electronic,200,113,JPEG,RGB,1.7699115044247788,False,21ebda41e30350e02a4ccab83a27ea0c,be17cb2dc05c8d0b,0,0
/kaggle/input/datasets/jessicamercya/satria-data-2026/BDC2026-20260708T012259Z-3-001 - Copy/BDC2026/train/1_Electronic/Player_175.jpg,Electronic,150,150,JPEG,RGB,1.0,False,fc0d01dcaf805ed142bf0e43c47a672b,cbaaa48db1c1e4e6,9,17
/kaggle/input/datasets/jessicamercya/satria-data-2026/BDC2026-20260708T012259Z-3-001 - Copy/BDC2026/train/1_Electronic/battery_269.jpg,Electronic,150,150,JPEG,RGB,1.0,False,29c69b72c6cc2f96aa85633e0c8e4c40,be4391bd254853c7,14,24
/kaggle/input/datasets/jessicamercya/satria-data-2026/BDC2026-20260708T012259Z-3-001 - Copy/BDC2026/train/1_Electronic/Keyboard_155.jpg,Electronic,150,150,JPEG,RGB,1.0,False,ce9cd8a3c14ae401bca2358939122724,abe950ea1f072a6a,2,13
/kaggle/input/datasets/jessicamercya/satria-data-2026/BDC2026-20260708T012259Z-3-001 - Copy/BDC2026/train/1_Electronic/battery_205.jpg,Electronic,150,150,JPEG,RGB,1.0,False,3413d4cf51955c808a84e99d4df5cfef,e969d9895989719a,12,37
/kaggle/input/datasets/jessicamercya/satria-data-2026/BDC2026-20260708T012259Z-3-001 - Copy/BDC2026/train/1_Electronic/69.e-waste-recycling-Melbourne-Limitless.png,Electronic,800,800,PNG,RGB,1.0,False,77f04fd0b856fe08e9f55a0bbcd3f896,fa8a1ad3951ac8dc,0,14
/kaggle/input/datasets/jessicamercya/satria-data-2026/BDC2026-20260708T012259Z-3-001 - Copy/BDC2026/train/1_Electronic/pcb_223.jpg,Electronic,150,150,JPEG,RGB,1.0,False,4b506eeb3e01ff0dc71c5e0defb39770,97578a578a53c94c,7,18
/kaggle/input/datasets/jessicamercya/satria-data-2026/BDC2026-20260708T012259Z-3-001 - Copy/BDC2026/train/1_Electronic/Mouse_66.jpg,Electronic,150,150,JPEG,RGB,1.0,False,e952292ca9f585a1892e8e4e282e542f,cf803887cb1ec6dc,5,3
/kaggle/input/datasets/jessicamercya/satria-data-2026/BDC2026-20260708T012259Z-3-001 - Copy/BDC2026/train/1_Electronic/309.jpeg,Electronic,1032,581,JPEG,RGB,1.7762478485370052,False,ba661785598bf2ef399dad3f8c20d159,ae639494a736d4c5,11,31
/kaggle/input/datasets/jessicamercya/satria-data-2026/BDC2026-20260708T012259Z-3-001 - Copy/BDC2026/train/1_Electronic/24.Waste-computers.jpg,Electronic,756,441,JPEG,RGB,1.7142857142857142,False,0810f0db613f538073e02d7cfe12e75c,9c61f0bc48bf9394,0,0
/kaggle/input/datasets/jessicamercya/satria-data-2026/BDC2026-20260708T012259Z-3-001 - Copy/BDC2026/train/1_Electronic/Printer_243.jpg,Electronic,150,150,JPEG,RGB,1.0,False,72361fe7f701a550f88a929fdc8f8a34,9ea16174bdea1525,6,6
/kaggle/input/datasets/jessicamercya/satria-data-2026/BDC2026-20260708T012259Z-3-001 - Copy/BDC2026/train/1_Electronic/Printer_100.jpg,Electronic,150,150,JPEG,RGB,1.0,False,c596a7d531d939990e9b69ccb5622f3d,83f60bd5601b2bd5,6,6
/kaggle/input/datasets/jessicamercya/satria-data-2026/BDC2026-20260708T012259Z-3-001 - Copy/BDC2026/train/1_Electronic/IMG_20200329_142615.jpg,Electronic,3456,4608,JPEG,RGB,0.75,False,3089826c0bc30cc71575c2f346ce0f97,abc4d442c5762a3f,10,2
/kaggle/input/datasets/jessicamercya/satria-data-2026/BDC2026-20260708T012259Z-3-001 - Copy/BDC2026/train/1_Electronic/FQVGFP3IMI0XZXE.jpg,Electronic,1024,681,JPEG,RGB,1.5036710719530102,False,36e8cc0411a10c4bd051acc2032e5325,9be48b495cb2b623,0,0
/kaggle/input/datasets/jessicamercya/satria-data-2026/BDC2026-20260708T012259Z-3-001 - Copy/BDC2026/train/1_Electronic/8.old-discarded-television-thrown-away-wild-nature-concept-environmental-protection-old-discarded-television-thrown-away-307507675.jpg,Electronic,800,448,JPEG,RGB,1.7857142857142858,False,1f4f71252ec83ef633a65c071326f7d9,c73475c812c3e71b,0,39
/kaggle/input/datasets/jessicamercya/satria-data-2026/BDC2026-20260708T012259Z-3-001 - Copy/BDC2026/train/1_Electronic/Television_132.jpg,Electronic,150,150,JPEG,RGB,1.0,False,1a75940612b86e4b2a71ef14312b6c5b,81b8d685cc93799b,4,12
/kaggle/input/datasets/jessicamercya/satria-data-2026/BDC2026-20260708T012259Z-3-001 - Copy/BDC2026/train/1_Electronic/15.Aksi-Kelola-Sampah-Elektronik2.jpg,Electronic,640,360,JPEG,RGB,1.7777777777777777,False,983afc6bc91f17df36b4eb3445e80987,919c8b8c6767a1d3,0,22
/kaggle/input/datasets/jessicamercya/satria-data-2026/BDC2026-20260708T012259Z-3-001 - Copy/BDC2026/train/1_Electronic/Keyboard_75.jpg,Electronic,150,150,JPEG,RGB,1.0,False,2e28ebca6d84fa2292c5a9be45243ca4,805ef22ed72dd628,2,13
/kaggle/input/datasets/jessicamercya/satria-data-2026/BDC2026-20260708T012259Z-3-001 - Copy/BDC2026/train/1_Electronic/Mouse_37.jpg,Electronic,150,150,JPEG,RGB,1.0,False,48dcc150ddb3e403dcb9f0bbb19a6a42,fabcc96092cdc54c,5,26
/kaggle/input/datasets/jessicamercya/satria-data-2026/BDC2026-20260708T012259Z-3-001 - Copy/BDC2026/train/1_Electronic/Printer_66.jpg,Electronic,150,150,JPEG,RGB,1.0,False,e4ddb9f1d5073595234462a05d880d09,fff2c038c0cf0f88,6,42
/kaggle/input/datasets/jessicamercya/satria-data-2026/BDC2026-20260708T012259Z-3-001 - Copy/BDC2026/train/1_Electronic/Mouse_94.jpg,Electronic,150,150,JPEG,RGB,1.0,False,26492f904678cac493db4531063204aa,c94e4e63d9c7c846,5,3
/kaggle/input/datasets/jessicamercya/satria-data-2026/BDC2026-20260708T012259Z-3-001 - Copy/BDC2026/train/1_Electronic/pcb_259.jpg,Electronic,150,150,JPEG,RGB,1.0,False,716156f5ec8545dfe5af7c02f632ac19,ac97c298c52e9766,2,25
/kaggle/input/datasets/jessicamercya/satria-data-2026/BDC2026-20260708T012259Z-3-001 - Copy/BDC2026/train/1_Electronic/pcb_165.jpg,Electronic,150,150,JPEG,RGB,1.0,False,2f990d9139d97934fdee2114cd9eace0,ef9b90e089d434e6,7,23
/kaggle/input/datasets/jessicamercya/satria-data-2026/BDC2026-20260708T012259Z-3-001 - Copy/BDC2026/train/1_Electronic/Mobile_158.jpg,Electronic,150,150,JPEG,RGB,1.0,False,6cbf334bcc8241028a8603fff37350a6,952ad0ce2fe4d03e,1,9
/kaggle/input/datasets/jessicamercya/satria-data-2026/BDC2026-20260708T012259Z-3-001 - Copy/BDC2026/train/1_Electronic/75.how-to-recycle-electronics-safely.jpg,Electronic,724,483,JPEG,RGB,1.4989648033126295,False,8ddfbf085c809f2570cbb4a7c2907609,f4c087bed4398cc9,0,0
/kaggle/input/datasets/jessicamercya/satria-data-2026/BDC2026-20260708T012259Z-3-001 - Copy/BDC2026/train/1_Electronic/Printer_264.jpg,Electronic,150,150,JPEG,RGB,1.0,False,9ac3cb2a0ed8114aa41ed386a0abb252,a07d3f3879d0c2ca,6,6
/kaggle/input/datasets/jessicamercya/satria-data-2026/BDC2026-20260708T012259Z-3-001 - Copy/BDC2026/train/1_Electronic/battery_133.jpg,Electronic,150,150,JPEG,RGB,1.0,False,7beff8311f9e6749a81397daeb952356,be4b90e9c035cd95,12,38
/kaggle/input/datasets/jessicamercya/satria-data-2026/BDC2026-20260708T012259Z-3-001 - Copy/BDC2026/train/1_Electronic/pcb_220.jpg,Electronic,150,150,JPEG,RGB,1.0,False,470a3f83e6393c4cef4d021ccdcfff7f,c083bdecade8463a,7,7
/kaggle/input/datasets/jessicamercya/satria-data-2026/BDC2026-20260708T012259Z-3-001 - Copy/BDC2026/train/1_Electronic/Player_250.jpg,Electronic,150,150,JPEG,RGB,1.0,False,ccd5085861c7a149155b76d6932c5e82,aec1950afc2fc01f,9,48
/kaggle/input/datasets/jessicamercya/satria-data-2026/BDC2026-20260708T012259Z-3-001 - Copy/BDC2026/train/1_Electronic/Keyboard_235.jpg,Electronic,150,150,JPEG,RGB,1.0,False,d5d302ea7b908a45e2fbb2a526a3da0e,81d455017a7d7a7a,2,13
/kaggle/input/datasets/jessicamercya/satria-data-2026/BDC2026-20260708T012259Z-3-001 - Copy/BDC2026/train/1_Electronic/12.Untitled-design-2024-07-11T152830.483.png,Electronic,1100,733,PNG,RGBA,1.500682128240109,False,40a33a3143df5e273f7626d2dd7396c0,c023c68f8c193fdd,0,30
/kaggle/input/datasets/jessicamercya/satria-data-2026/BDC2026-20260708T012259Z-3-001 - Copy/BDC2026/train/1_Electronic/Player_25.jpg,Electronic,150,150,JPEG,RGB,1.0,False,9341a5afcb6c6fd8f93367888b3bef83,ead8e007253fa5f0,9,21
/kaggle/input/datasets/jessicamercya/satria-data-2026/BDC2026-20260708T012259Z-3-001 - Copy/BDC2026/train/1_Electronic/Printer_248.jpg,Electronic,150,150,JPEG,RGB,1.0,False,a293721da8220e455f75ecaf8d569c5d,ee91816e1bec9691,6,11
/kaggle/input/datasets/jessicamercya/satria-data-2026/BDC2026-20260708T012259Z-3-001 - Copy/BDC2026/train/1_Electronic/Microwave_0.jpg,Electronic,150,150,JPEG,RGB,1.0,False,e1f0070a8bd1f90994a890c31546db51,94c1e3c33963d36c,8,20
/kaggle/input/datasets/jessicamercya/satria-data-2026/BDC2026-20260708T012259Z-3-001 - Copy/BDC2026/train/1_Electronic/broken-computer.jpg,Electronic,4000,3000,JPEG,RGB,1.3333333333333333,False,f6e96f728683d58db868bfc60efd662b,b0a5f9cad1d84ab4,0,58
/kaggle/input/datasets/jessicamercya/satria-data-2026/BDC2026-20260708T012259Z-3-001 - Copy/BDC2026/train/1_Electronic/Television_267.jpg,Electronic,150,150,JPEG,RGB,1.0,False,33ea776024e24e25ffeff8adfcb34095,eae39d149991a71c,4,12
/kaggle/input/datasets/jessicamercya/satria-data-2026/BDC2026-20260708T012259Z-3-001 - Copy/BDC2026/train/1_Electronic/IMG_20200329_152735.jpg,Electronic,4608,3456,JPEG,RGB,1.3333333333333333,False,c47b0fb99e413d9d3b1cf6e6773cad5c,ae78a04a9b838f6d,10,2
/kaggle/input/datasets/jessicamercya/satria-data-2026/BDC2026-20260708T012259Z-3-001 - Copy/BDC2026/train/1_Electronic/Washing_Machine_257.jpg,Electronic,150,150,JPEG,RGB,1.0,False,e059f3733a470df103704e7bb7bb296d,ead6cd7771111158,3,28
/kaggle/input/datasets/jessicamercya/satria-data-2026/BDC2026-20260708T012259Z-3-001 - Copy/BDC2026/train/1_Electronic/battery_190.jpg,Electronic,150,150,JPEG,RGB,1.0,False,5bc2d41f2b9d30e38b57dcc76d02523e,bbcbc414cc788b2e,12,37
/kaggle/input/datasets/jessicamercya/satria-data-2026/BDC2026-20260708T012259Z-3-001 - Copy/BDC2026/train/1_Electronic/15.maxresdefault.jpg,Electronic,1280,720,JPEG,RGB,1.7777777777777777,False,bd00000ba549e1bcf73eb0eba2ae9e57,93989392c765e565,0,0
/kaggle/input/datasets/jessicamercya/satria-data-2026/BDC2026-20260708T012259Z-3-001 - Copy/BDC2026/train/1_Electronic/battery_203.jpg,Electronic,150,150,JPEG,RGB,1.0,False,efb4250cf61934c8706a2ae1fb3158cb,aec69f17d47ac050,12,38
/kaggle/input/datasets/jessicamercya/satria-data-2026/BDC2026-20260708T012259Z-3-001 - Copy/BDC2026/train/1_Electronic/pcb_204.jpg,Electronic,150,150,JPEG,RGB,1.0,False,1e41e30b995239cd8ab1cab7645d63cd,fe90810f566fc075,7,23
/kaggle/input/datasets/jessicamercya/satria-data-2026/BDC2026-20260708T012259Z-3-001 - Copy/BDC2026/train/1_Electronic/battery_257.jpg,Electronic,150,150,JPEG,RGB,1.0,False,85c0bd873842ee383222febd146644c8,b466db9cc4311bd8,13,19
/kaggle/input/datasets/jessicamercya/satria-data-2026/BDC2026-20260708T012259Z-3-001 - Copy/BDC2026/train/1_Electronic/pcb_58.jpg,Electronic,150,150,JPEG,RGB,1.0,False,2b37ca27813f5d62052ebceffe6f7ad5,f748d40c9a14fdb8,7,7
/kaggle/input/datasets/jessicamercya/satria-data-2026/BDC2026-20260708T012259Z-3-001 - Copy/BDC2026/train/1_Electronic/battery_74.jpg,Electronic,150,150,JPEG,RGB,1.0,False,672ea08df4998a5811cb4375116f5f5d,be61e18ec4b7129c,12,38
/kaggle/input/datasets/jessicamercya/satria-data-2026/BDC2026-20260708T012259Z-3-001 - Copy/BDC2026/train/1_Electronic/Keyboard_265.jpg,Electronic,150,150,JPEG,RGB,1.0,False,2f1f0d64aac176cfcce2f97ec949cbe1,adc5d23a3d2568c3,2,5
/kaggle/input/datasets/jessicamercya/satria-data-2026/BDC2026-20260708T012259Z-3-001 - Copy/BDC2026/train/1_Electronic/Microwave_199.jpg,Electronic,150,150,JPEG,RGB,1.0,False,62c9122e9bfb2d0eb67fd7c7ba572080,ea92956dc26d3a1c,8,1
/kaggle/input/datasets/jessicamercya/satria-data-2026/BDC2026-20260708T012259Z-3-001 - Copy/BDC2026/train/1_Electronic/Printer_261.jpg,Electronic,150,150,JPEG,RGB,1.0,False,354006d72994b0c72439dd87c889520a,d5d40a888a5ff78a,6,11
/kaggle/input/datasets/jessicamercya/satria-data-2026/BDC2026-20260708T012259Z-3-001 - Copy/BDC2026/train/1_Electronic/69.electronics---small-heap-of-mixed-electronic_zedbxcgf_8_ws.jpg,Electronic,448,252,JPEG,RGB,1.7777777777777777,False,489e6abb3c809ba02a22e230e05b7bd3,bfd7c018946bc625,0,14
/kaggle/input/datasets/jessicamercya/satria-data-2026/BDC2026-20260708T012259Z-3-001 - Copy/BDC2026/train/1_Electronic/Mobile_162.jpg,Electronic,150,150,JPEG,RGB,1.0,False,f1f279aa6a2c4b151f4387634620269c,e0d1de2063e68e9d,1,9
/kaggle/input/datasets/jessicamercya/satria-data-2026/BDC2026-20260708T012259Z-3-001 - Copy/BDC2026/train/1_Electronic/Microwave_294.jpg,Electronic,150,150,JPEG,RGB,1.0,False,f5513a2c4f4952d65b16f3e33e1ea169,aab5d548ee2a2a95,8,1
/kaggle/input/datasets/jessicamercya/satria-data-2026/BDC2026-20260708T012259Z-3-001 - Copy/BDC2026/train/1_Electronic/Mobile_241.jpg,Electronic,150,150,JPEG,RGB,1.0,False,283f9a9e9bcf5bc15d05862548e548c7,ab9593a39182ab37,2,25
/kaggle/input/datasets/jessicamercya/satria-data-2026/BDC2026-20260708T012259Z-3-001 - Copy/BDC2026/train/1_Electronic/69.S704e96a9b9b84eee896d3821e6922cec6.jpg,Electronic,1050,1050,JPEG,RGB,1.0,False,8587fa9e85e4ae6ff310a2e8561e17e0,ef3c853a96c098e6,0,30
/kaggle/input/datasets/jessicamercya/satria-data-2026/BDC2026-20260708T012259Z-3-001 - Copy/BDC2026/train/1_Electronic/17.GettyImages-866313382-scaled.jpg,Electronic,2048,1365,JPEG,RGB,1.5003663003663004,False,f1fa36802a4c51c00139d676afbed223,c3677db8cad01730,0,14
/kaggle/input/datasets/jessicamercya/satria-data-2026/BDC2026-20260708T012259Z-3-001 - Copy/BDC2026/train/1_Electronic/Copy of IMG_20200328_215118.jpg,Electronic,8000,6000,JPEG,RGB,1.3333333333333333,False,4bf5921ae6f7379163e937de3d8269e0,b84dcf60d7c17489,1,4
/kaggle/input/datasets/jessicamercya/satria-data-2026/BDC2026-20260708T012259Z-3-001 - Copy/BDC2026/train/1_Electronic/Television_2.jpg,Electronic,150,150,JPEG,RGB,1.0,False,129e2ba88c94c0b27dbc45aac46ab86b,be3ec0c3e3c9c2a1,4,10
/kaggle/input/datasets/jessicamercya/satria-data-2026/BDC2026-20260708T012259Z-3-001 - Copy/BDC2026/train/1_Electronic/Microwave_204.jpg,Electronic,150,150,JPEG,RGB,1.0,False,268a1429ff3a6577a317921a9258f62e,f5dbfa058134272a,8,1
/kaggle/input/datasets/jessicamercya/satria-data-2026/BDC2026-20260708T012259Z-3-001 - Copy/BDC2026/train/1_Electronic/Washing_Machine_218.jpg,Electronic,150,150,JPEG,RGB,1.0,False,4d7a20273e737680792cf3da1377eca9,f0a789f227d606d8,3,28
/kaggle/input/datasets/jessicamercya/satria-data-2026/BDC2026-20260708T012259Z-3-001 - Copy/BDC2026/train/1_Electronic/Keyboard_67.jpg,Electronic,150,150,JPEG,RGB,1.0,False,6c9831e279f67563c858c4317d99fd60,d50b270fd2afda04,2,13
/kaggle/input/datasets/jessicamercya/satria-data-2026/BDC2026-20260708T012259Z-3-001 - Copy/BDC2026/train/1_Electronic/Printer_228.jpg,Electronic,150,150,JPEG,RGB,1.0,False,180d5e00e48599c523d5e8143771548c,c533cc84d7784ed1,6,6
/kaggle/input/datasets/jessicamercya/satria-data-2026/BDC2026-20260708T012259Z-3-001 - Copy/BDC2026/train/1_Electronic/Washing_Machine_221.jpg,Electronic,150,150,JPEG,RGB,1.0,False,304dbc9c9378f29e9378eefddf97e2cd,f194ce9438d3334e,3,8
/kaggle/input/datasets/jessicamercya/satria-data-2026/BDC2026-20260708T012259Z-3-001 - Copy/BDC2026/train/1_Electronic/Printer_173.jpg,Electronic,150,150,JPEG,RGB,1.0,False,a5950efc4f5a5f3458fe6967ead346cf,9043662fc33e7d0e,6,6
/kaggle/input/datasets/jessicamercya/satria-data-2026/BDC2026-20260708T012259Z-3-001 - Copy/BDC2026/train/1_Electronic/pcb_222.jpg,Electronic,150,150,JPEG,RGB,1.0,False,eb59e19c926547480bf3e227f1a3bb6b,fa92d88f85c5c1b8,7,18
/kaggle/input/datasets/jessicamercya/satria-data-2026/BDC2026-20260708T012259Z-3-001 - Copy/BDC2026/train/1_Electronic/pcb_216.jpg,Electronic,150,150,JPEG,RGB,1.0,False,baf3802af2690a1c73b8b179a4dbbddf,bad08dd490c7ed91,7,23
/kaggle/input/datasets/jessicamercya/satria-data-2026/BDC2026-20260708T012259Z-3-001 - Copy/BDC2026/train/1_Electronic/Washing_Machine_123.jpg,Electronic,150,150,JPEG,RGB,1.0,False,95e6ea5c3fbb35518cffb55cfd68fc40,fb90cccd3326cc98,3,8
/kaggle/input/datasets/jessicamercya/satria-data-2026/BDC2026-20260708T012259Z-3-001 - Copy/BDC2026/train/1_Electronic/Keyboard_295.jpg,Electronic,150,150,JPEG,RGB,1.0,False,89fc944629d4838a7dfe9f9fb9d70b24,dbd5a552aa2a4aaa,2,5
/kaggle/input/datasets/jessicamercya/satria-data-2026/BDC2026-20260708T012259Z-3-001 - Copy/BDC2026/train/1_Electronic/808.jpeg,Electronic,1152,864,JPEG,RGB,1.3333333333333333,False,9fe9507fd39f3cb6741e89c3d80206b0,965f5b5b2626aa88,5,29
/kaggle/input/datasets/jessicamercya/satria-data-2026/BDC2026-20260708T012259Z-3-001 - Copy/BDC2026/train/1_Electronic/Player_93.jpg,Electronic,150,150,JPEG,RGB,1.0,False,438a37774aa02e4e925847eb91c59857,aee1a516d1eb0e0d,9,21
/kaggle/input/datasets/jessicamercya/satria-data-2026/BDC2026-20260708T012259Z-3-001 - Copy/BDC2026/train/1_Electronic/Player_272.jpg,Electronic,150,150,JPEG,RGB,1.0,False,93cc29cc04382e2fb29d86293dc0e524,efd8f02187f59e00,9,48
/kaggle/input/datasets/jessicamercya/satria-data-2026/BDC2026-20260708T012259Z-3-001 - Copy/BDC2026/train/1_Electronic/80.c58fcd01d838435c82dee2467925b39e8c712765.png,Electronic,1151,725,PNG,RGB,1.5875862068965518,False,24189ac73cac508da1e2f092a74589a1,804a3f7bc2b63be0,10,2
/kaggle/input/datasets/jessicamercya/satria-data-2026/BDC2026-20260708T012259Z-3-001 - Copy/BDC2026/train/1_Electronic/Microwave_194.jpg,Electronic,150,150,JPEG,RGB,1.0,False,559507ff8947cb8e2e7828c0c1c2ec99,eb969069853d9497,6,42
/kaggle/input/datasets/jessicamercya/satria-data-2026/BDC2026-20260708T012259Z-3-001 - Copy/BDC2026/train/1_Electronic/Television_181.jpg,Electronic,150,150,JPEG,RGB,1.0,False,5edbd4c58ca74139fde4788658cbd9cb,a5e0588e75dc2675,4,15
/kaggle/input/datasets/jessicamercya/satria-data-2026/BDC2026-20260708T012259Z-3-001 - Copy/BDC2026/train/1_Electronic/IMG_20201101_130429.jpg,Electronic,4000,3000,JPEG,RGB,1.3333333333333333,False,9db6df968adbdb8049ae20fdd07c6cb2,a436146d9a6d7533,15,59
/kaggle/input/datasets/jessicamercya/satria-data-2026/BDC2026-20260708T012259Z-3-001 - Copy/BDC2026/train/1_Electronic/Mobile_192.jpg,Electronic,150,150,JPEG,RGB,1.0,False,df5d7cb9f67447abaee4de605a11497c,d57a6c83ca85939a,1,9
/kaggle/input/datasets/jessicamercya/satria-data-2026/BDC2026-20260708T012259Z-3-001 - Copy/BDC2026/train/1_Electronic/battery_70.jpg,Electronic,150,150,JPEG,RGB,1.0,False,6b1b636dc50a7f2dc317a54bc2a479de,b8383c86cecec693,13,19
/kaggle/input/datasets/jessicamercya/satria-data-2026/BDC2026-20260708T012259Z-3-001 - Copy/BDC2026/train/1_Electronic/Microwave_152.jpg,Electronic,150,150,JPEG,RGB,1.0,False,2d6323e665680f48c2f6c012772df518,be94a9c9c8963695,8,1
/kaggle/input/datasets/jessicamercya/satria-data-2026/BDC2026-20260708T012259Z-3-001 - Copy/BDC2026/train/1_Electronic/10.Sadoff-ERecycling-Data-Destruction_blog-post-header.png,Electronic,1000,667,PNG,RGB,1.4992503748125936,False,20877ea75a3bd4b80189a1e9d390b3f0,c991e686e2f1d03b,0,0
/kaggle/input/datasets/jessicamercya/satria-data-2026/BDC2026-20260708T012259Z-3-001 - Copy/BDC2026/train/1_Electronic/Player_291.jpg,Electronic,150,150,JPEG,RGB,1.0,False,76ba6dabd29b72ad3878384a1b8ddadd,d21eade18aa3cc4d,9,21
/kaggle/input/datasets/jessicamercya/satria-data-2026/BDC2026-20260708T012259Z-3-001 - Copy/BDC2026/train/1_Electronic/Mouse_215.jpg,Electronic,150,150,JPEG,RGB,1.0,False,f1192ff35fd31b41c46d9dc666e8a93d,f5d89266aaa9c057,5,3
/kaggle/input/datasets/jessicamercya/satria-data-2026/BDC2026-20260708T012259Z-3-001 - Copy/BDC2026/train/1_Electronic/Keyboard_79.jpg,Electronic,150,150,JPEG,RGB,1.0,False,3d8f0768517e14dc7ce7c989d4ee1506,aa15c2e2f55a32b9,2,32
/kaggle/input/datasets/jessicamercya/satria-data-2026/BDC2026-20260708T012259Z-3-001 - Copy/BDC2026/train/1_Electronic/Keyboard_252.jpg,Electronic,150,150,JPEG,RGB,1.0,False,c14a43aedd6c1694d11ffba1e21421c7,ab6ac095c597b52c,2,5
/kaggle/input/datasets/jessicamercya/satria-data-2026/BDC2026-20260708T012259Z-3-001 - Copy/BDC2026/train/1_Electronic/Television_194.jpg,Electronic,150,150,JPEG,RGB,1.0,False,b8be3ab5fd05dba1ff48861d0775cdef,f88e369c9f381871,4,12
/kaggle/input/datasets/jessicamercya/satria-data-2026/BDC2026-20260708T012259Z-3-001 - Copy/BDC2026/train/1_Electronic/21.mtc3mdazmzg2mw-1770033863-vxv5d8la.jpg,Electronic,500,628,JPEG,RGB,0.7961783439490446,False,0048e918400253fe03a1b4a2e6803721,f9a2a5d395d4521a,0,30
/kaggle/input/datasets/jessicamercya/satria-data-2026/BDC2026-20260708T012259Z-3-001 - Copy/BDC2026/train/1_Electronic/Washing_Machine_36.jpg,Electronic,150,150,JPEG,RGB,1.0,False,74c175e57c993c20eccdd042753a6868,a09ada65716659dc,3,28
/kaggle/input/datasets/jessicamercya/satria-data-2026/BDC2026-20260708T012259Z-3-001 - Copy/BDC2026/train/1_Electronic/Keyboard_7.jpg,Electronic,150,150,JPEG,RGB,1.0,False,4cafbfd5b3e9df424ef24ca809c9f359,afc6d0292fd6b089,2,5
/kaggle/input/datasets/jessicamercya/satria-data-2026/BDC2026-20260708T012259Z-3-001 - Copy/BDC2026/train/1_Electronic/battery_263.jpg,Electronic,150,150,JPEG,RGB,1.0,False,e8515e3e4f2a90ea02260efe157babe2,a69399ce661933c6,12,37
/kaggle/input/datasets/jessicamercya/satria-data-2026/BDC2026-20260708T012259Z-3-001 - Copy/BDC2026/train/1_Electronic/pcb_141.jpg,Electronic,150,150,JPEG,RGB,1.0,False,e0b8155654c1652810b84dcc007db82e,ef62c60dfe883883,2,25
/kaggle/input/datasets/jessicamercya/satria-data-2026/BDC2026-20260708T012259Z-3-001 - Copy/BDC2026/train/1_Electronic/Microwave_171.jpg,Electronic,150,150,JPEG,RGB,1.0,False,e6adcf2ca44a1a30ddf854b278d8700b,eb969491c63e3c61,4,12
/kaggle/input/datasets/jessicamercya/satria-data-2026/BDC2026-20260708T012259Z-3-001 - Copy/BDC2026/train/1_Electronic/Television_73.jpg,Electronic,150,150,JPEG,RGB,1.0,False,663c09bc0dab0fca139ce1a9dbdbd763,859fb22d2831f2f1,4,12
/kaggle/input/datasets/jessicamercya/satria-data-2026/BDC2026-20260708T012259Z-3-001 - Copy/BDC2026/train/1_Electronic/Microwave_181.jpg,Electronic,150,150,JPEG,RGB,1.0,False,4a0b0dc0b725154c97efb2782dd1e270,ca97d71701976934,8,1
/kaggle/input/datasets/jessicamercya/satria-data-2026/BDC2026-20260708T012259Z-3-001 - Copy/BDC2026/train/1_Electronic/Television_141.jpg,Electronic,150,150,JPEG,RGB,1.0,False,a623063396b72aba86efbbc7b7d4693b,acbc43d34dc4346b,4,15
/kaggle/input/datasets/jessicamercya/satria-data-2026/BDC2026-20260708T012259Z-3-001 - Copy/BDC2026/train/1_Electronic/Washing_Machine_179.jpg,Electronic,150,150,JPEG,RGB,1.0,False,8788f1d171ce4845cf7ba0d60440dd94,e766ccce18993233,3,8
/kaggle/input/datasets/jessicamercya/satria-data-2026/BDC2026-20260708T012259Z-3-001 - Copy/BDC2026/train/1_Electronic/Television_201.jpg,Electronic,150,150,JPEG,RGB,1.0,False,d4785354c63b56591636586f6cff317f,ef319cc630cf321c,4,15
/kaggle/input/datasets/jessicamercya/satria-data-2026/BDC2026-20260708T012259Z-3-001 - Copy/BDC2026/train/1_Electronic/769.jpg,Electronic,4160,3120,JPEG,RGB,1.3333333333333333,False,e75b6e54e679b43bb2f636d3919210c2,b3cdc7339932c186,5,29
/kaggle/input/datasets/jessicamercya/satria-data-2026/BDC2026-20260708T012259Z-3-001 - Copy/BDC2026/train/1_Electronic/pcb_37.jpg,Electronic,150,150,JPEG,RGB,1.0,False,9867b53debca6ce868fc2db6c39bfbd4,951aae29b947a32e,7,18
/kaggle/input/datasets/jessicamercya/satria-data-2026/BDC2026-20260708T012259Z-3-001 - Copy/BDC2026/train/1_Electronic/69.Use-old-computer-old-PC-cabinets.jpg,Electronic,1350,675,JPEG,RGB,2.0,False,825133f239f709b7e1751189343afa02,b2ecd9d1f0f1e024,11,44
/kaggle/input/datasets/jessicamercya/satria-data-2026/BDC2026-20260708T012259Z-3-001 - Copy/BDC2026/train/1_Electronic/69.2020-11-13_15h48_00-1.png,Electronic,510,289,PNG,RGB,1.7647058823529411,False,c7ffd7bcbe8b9c43b91cfecf4d4eb202,91ae52b44bd5862f,0,0
/kaggle/input/datasets/jessicamercya/satria-data-2026/BDC2026-20260708T012259Z-3-001 - Copy/BDC2026/train/1_Electronic/Mobile_211.jpg,Electronic,150,150,JPEG,RGB,1.0,False,f386716edc7c01ffcf41f07ee5e0960a,fbfd036791c19260,1,16
/kaggle/input/datasets/jessicamercya/satria-data-2026/BDC2026-20260708T012259Z-3-001 - Copy/BDC2026/train/1_Electronic/Player_109.jpg,Electronic,150,150,JPEG,RGB,1.0,False,6057afcca0319dd19074fbef8963296d,ea96c90eed688569,9,48
/kaggle/input/datasets/jessicamercya/satria-data-2026/BDC2026-20260708T012259Z-3-001 - Copy/BDC2026/train/1_Electronic/Washing_Machine_181.jpg,Electronic,150,150,JPEG,RGB,1.0,False,6bd0899d0ac2995cf4ccad448f639859,af07b59bd0c0c0ed,3,33
/kaggle/input/datasets/jessicamercya/satria-data-2026/BDC2026-20260708T012259Z-3-001 - Copy/BDC2026/train/1_Electronic/328.jpeg,Electronic,1152,864,JPEG,RGB,1.3333333333333333,False,ccaac9a1f94fdda22a37a5bf6e06d07c,b94296a99637e91c,11,44
/kaggle/input/datasets/jessicamercya/satria-data-2026/BDC2026-20260708T012259Z-3-001 - Copy/BDC2026/train/1_Electronic/79.6.jpg,Electronic,831,525,JPEG,RGB,1.582857142857143,False,31558d8dc6e2b42a3d19cf376e611780,db9952f90cd24999,0,34
/kaggle/input/datasets/jessicamercya/satria-data-2026/BDC2026-20260708T012259Z-3-001 - Copy/BDC2026/train/1_Electronic/battery_273.jpg,Electronic,150,150,JPEG,RGB,1.0,False,1e927ae051c09449d0666ddef23904f9,be61c0b79d58c293,7,18
/kaggle/input/datasets/jessicamercya/satria-data-2026/BDC2026-20260708T012259Z-3-001 - Copy/BDC2026/train/1_Electronic/Microwave_155.jpg,Electronic,150,150,JPEG,RGB,1.0,False,d1effe9901efb82d5bf868f90fb427d9,bac5c532b0b5b0cb,8,1
/kaggle/input/datasets/jessicamercya/satria-data-2026/BDC2026-20260708T012259Z-3-001 - Copy/BDC2026/train/1_Electronic/pcb_98.jpg,Electronic,150,150,JPEG,RGB,1.0,False,793677d03ff901ea533b2f7d5545f03b,e4cb8738cb1e962c,7,23
/kaggle/input/datasets/jessicamercya/satria-data-2026/BDC2026-20260708T012259Z-3-001 - Copy/BDC2026/train/1_Electronic/Television_140.jpg,Electronic,150,150,JPEG,RGB,1.0,False,7a2471ecf55dca78c37f298a37432bc5,e8959768e8d0b9c6,4,15
/kaggle/input/datasets/jessicamercya/satria-data-2026/BDC2026-20260708T012259Z-3-001 - Copy/BDC2026/train/1_Electronic/Television_197.jpg,Electronic,150,150,JPEG,RGB,1.0,False,10ade3a72260c8c6ab2f5dd1a4f50d52,c99e3650101e9fbd,4,15
/kaggle/input/datasets/jessicamercya/satria-data-2026/BDC2026-20260708T012259Z-3-001 - Copy/BDC2026/train/1_Electronic/Mobile_257.jpg,Electronic,150,150,JPEG,RGB,1.0,False,b1de0f16affa3d70e8b84b9eb9dfe658,ad751f803e8ac03f,1,16
/kaggle/input/datasets/jessicamercya/satria-data-2026/BDC2026-20260708T012259Z-3-001 - Copy/BDC2026/train/1_Electronic/Player_41.jpg,Electronic,150,150,JPEG,RGB,1.0,False,0b042357608f67dd3600a8571be45a08,a766b1c61bc4193b,9,21
/kaggle/input/datasets/jessicamercya/satria-data-2026/BDC2026-20260708T012259Z-3-001 - Copy/BDC2026/train/1_Electronic/IMG_20200329_201018.jpg,Electronic,4000,3000,JPEG,RGB,1.3333333333333333,False,72bb9bea5e573948e6e0603e1a456b65,d69cc0c13edf3870,1,4
/kaggle/input/datasets/jessicamercya/satria-data-2026/BDC2026-20260708T012259Z-3-001 - Copy/BDC2026/train/1_Electronic/pcb_183.jpg,Electronic,150,150,JPEG,RGB,1.0,False,cc7094df68358b3f6726da2a380dc3ef,dad85878707286b7,7,7
/kaggle/input/datasets/jessicamercya/satria-data-2026/BDC2026-20260708T012259Z-3-001 - Copy/BDC2026/train/1_Electronic/Mobile_136.jpg,Electronic,150,150,JPEG,RGB,1.0,False,0f2f71893e132a4bc5287309f1486d6e,ea7e858578947e60,2,25
/kaggle/input/datasets/jessicamercya/satria-data-2026/BDC2026-20260708T012259Z-3-001 - Copy/BDC2026/train/1_Electronic/battery_256.jpg,Electronic,150,150,JPEG,RGB,1.0,False,05520f212a7d00eac61ce018eb6bf811,ea6ac89f34e40f1a,14,24
/kaggle/input/datasets/jessicamercya/satria-data-2026/BDC2026-20260708T012259Z-3-001 - Copy/BDC2026/train/1_Electronic/Television_111.jpg,Electronic,150,150,JPEG,RGB,1.0,False,3d3607dc73c5b781f90363adfb3e2411,b7a6e883c0d685ea,11,41
/kaggle/input/datasets/jessicamercya/satria-data-2026/BDC2026-20260708T012259Z-3-001 - Copy/BDC2026/train/1_Electronic/Washing_Machine_61.jpg,Electronic,150,150,JPEG,RGB,1.0,False,36bd0e24ff03c1bf6a139d7fa99f1eed,b6d3c04627383edc,3,27
/kaggle/input/datasets/jessicamercya/satria-data-2026/BDC2026-20260708T012259Z-3-001 - Copy/BDC2026/train/1_Electronic/Mobile_235.jpg,Electronic,150,150,JPEG,RGB,1.0,False,164aa3d15bbe7d6995c62ada8c3b10c4,fe14c8d836e8e271,1,16
/kaggle/input/datasets/jessicamercya/satria-data-2026/BDC2026-20260708T012259Z-3-001 - Copy/BDC2026/train/1_Electronic/Microwave_179.jpg,Electronic,150,150,JPEG,RGB,1.0,False,e5c14bd8cb3fb4b409c2bd15bf81f13a,ff3f80c084c06b3f,2,32
/kaggle/input/datasets/jessicamercya/satria-data-2026/BDC2026-20260708T012259Z-3-001 - Copy/BDC2026/train/1_Electronic/Microwave_145.jpg,Electronic,150,150,JPEG,RGB,1.0,False,29e042c9c94740a2725efc5e408da988,b797c830334f3689,8,1
/kaggle/input/datasets/jessicamercya/satria-data-2026/BDC2026-20260708T012259Z-3-001 - Copy/BDC2026/train/1_Electronic/Microwave_70.jpg,Electronic,150,150,JPEG,RGB,1.0,False,d3bf2a3b25f49b245fefe854baf3eee2,b7d9c824852a37cb,8,1
/kaggle/input/datasets/jessicamercya/satria-data-2026/BDC2026-20260708T012259Z-3-001 - Copy/BDC2026/train/1_Electronic/244.jpg,Electronic,4160,2340,JPEG,RGB,1.7777777777777777,False,93bbc7c63552dd92913b583c95a17cb0,aa6a8015c59795df,10,2
/kaggle/input/datasets/jessicamercya/satria-data-2026/BDC2026-20260708T012259Z-3-001 - Copy/BDC2026/train/1_Electronic/Washing_Machine_24.jpg,Electronic,150,150,JPEG,RGB,1.0,False,c9383988430703b9d38c32bb7dfcab9a,a1925e617196cf69,3,28
/kaggle/input/datasets/jessicamercya/satria-data-2026/BDC2026-20260708T012259Z-3-001 - Copy/BDC2026/train/1_Electronic/Microwave_298.jpg,Electronic,150,150,JPEG,RGB,1.0,False,72af924ac5c88b325d05a056af1dbefa,be36c9c93636c0c6,8,1
/kaggle/input/datasets/jessicamercya/satria-data-2026/BDC2026-20260708T012259Z-3-001 - Copy/BDC2026/train/1_Electronic/Mouse_158.jpg,Electronic,150,150,JPEG,RGB,1.0,False,88bf24ab6eb85a6841f9d1c4507528c2,b425cb92519fc783,5,3
/kaggle/input/datasets/jessicamercya/satria-data-2026/BDC2026-20260708T012259Z-3-001 - Copy/BDC2026/train/1_Electronic/battery_137.jpg,Electronic,150,150,JPEG,RGB,1.0,False,f4e01a3851dc1499c222e05b4105e473,bb60ce9ab029e3a6,14,24
/kaggle/input/datasets/jessicamercya/satria-data-2026/BDC2026-20260708T012259Z-3-001 - Copy/BDC2026/train/1_Electronic/Mouse_176.jpg,Electronic,150,150,JPEG,RGB,1.0,False,3f354f036a337764cde8db4220ccf8be,fbb1b1c6cecc1031,5,3
/kaggle/input/datasets/jessicamercya/satria-data-2026/BDC2026-20260708T012259Z-3-001 - Copy/BDC2026/train/1_Electronic/Printer_178.jpg,Electronic,150,150,JPEG,RGB,1.0,False,d8a2963c1e4b04e20b1d39c53ef4e3dd,beaa21abc2c6d313,6,6
/kaggle/input/datasets/jessicamercya/satria-data-2026/BDC2026-20260708T012259Z-3-001 - Copy/BDC2026/train/1_Electronic/Washing_Machine_284.jpg,Electronic,150,150,JPEG,RGB,1.0,False,d0026c40822d020c6633455fdca9fecb,ae3ac3b3c68650b9,3,28
/kaggle/input/datasets/jessicamercya/satria-data-2026/BDC2026-20260708T012259Z-3-001 - Copy/BDC2026/train/1_Electronic/Television_265.jpg,Electronic,150,150,JPEG,RGB,1.0,False,11471e9c429dc49fc671f712cc24cdd7,ea87b49c97c69a30,4,12
/kaggle/input/datasets/jessicamercya/satria-data-2026/BDC2026-20260708T012259Z-3-001 - Copy/BDC2026/train/1_Electronic/Printer_130.jpg,Electronic,150,150,JPEG,RGB,1.0,False,76bb40e76b01e33a3c737a2dd72ea196,d4f57a6a81952d34,6,6
/kaggle/input/datasets/jessicamercya/satria-data-2026/BDC2026-20260708T012259Z-3-001 - Copy/BDC2026/train/1_Electronic/Mouse_261.jpg,Electronic,150,150,JPEG,RGB,1.0,False,131ceb72f7c4c06a91fd839f9950a265,ea3584c2d3e8998f,2,32
/kaggle/input/datasets/jessicamercya/satria-data-2026/BDC2026-20260708T012259Z-3-001 - Copy/BDC2026/train/1_Electronic/Washing_Machine_246.jpg,Electronic,150,150,JPEG,RGB,1.0,False,c0fa6b1e31a01d77af900d2e8ca09bcd,ea6bcbc96884b2b4,3,8
/kaggle/input/datasets/jessicamercya/satria-data-2026/BDC2026-20260708T012259Z-3-001 - Copy/BDC2026/train/1_Electronic/Player_217.jpg,Electronic,150,150,JPEG,RGB,1.0,False,3bfdab748aba70f55f2b9619cb8e2116,cb9fb420b4cc0f4e,9,21
/kaggle/input/datasets/jessicamercya/satria-data-2026/BDC2026-20260708T012259Z-3-001 - Copy/BDC2026/train/1_Electronic/68.1464888593_83b08601ec_b.jpg,Electronic,1024,768,JPEG,RGB,1.3333333333333333,False,e8dd31a030bdbd8ac842265680cb4552,dde1859cf2068d33,4,12
/kaggle/input/datasets/jessicamercya/satria-data-2026/BDC2026-20260708T012259Z-3-001 - Copy/BDC2026/train/1_Electronic/Washing_Machine_62.jpg,Electronic,150,150,JPEG,RGB,1.0,False,e0ab46b0f19e9401848122a08d27750f,eaf82b52695ae11a,3,35
/kaggle/input/datasets/jessicamercya/satria-data-2026/BDC2026-20260708T012259Z-3-001 - Copy/BDC2026/train/1_Electronic/battery_5.jpg,Electronic,150,150,JPEG,RGB,1.0,False,e7116f209923b96b3a5b886172717b82,f1ce9b306c63668c,13,19
/kaggle/input/datasets/jessicamercya/satria-data-2026/BDC2026-20260708T012259Z-3-001 - Copy/BDC2026/train/1_Electronic/69.E-Waste.jpg,Electronic,1000,667,JPEG,RGB,1.4992503748125936,False,e91f8522cf92b6b133404b81e4e9dc2d,b990c1db854f9e8c,0,0
/kaggle/input/datasets/jessicamercya/satria-data-2026/BDC2026-20260708T012259Z-3-001 - Copy/BDC2026/train/1_Electronic/9.komponen-pc-rusak-350x250.jpg,Electronic,350,250,JPEG,RGB,1.4,False,4e7e90ee9c4888dd5c8e2679ed67d82f,be90c0437bbdd868,0,54
/kaggle/input/datasets/jessicamercya/satria-data-2026/BDC2026-20260708T012259Z-3-001 - Copy/BDC2026/train/1_Electronic/157.jpg,Electronic,4160,2340,JPEG,RGB,1.7777777777777777,False,c3c373c9620e49920cbcedba2ba012ee,ef7cd04bc1e520d4,10,2
/kaggle/input/datasets/jessicamercya/satria-data-2026/BDC2026-20260708T012259Z-3-001 - Copy/BDC2026/train/1_Electronic/pcb_48.jpg,Electronic,150,150,JPEG,RGB,1.0,False,143052eff0a93674a790127a8e14ac0b,bec1c217c366c939,7,23
/kaggle/input/datasets/jessicamercya/satria-data-2026/BDC2026-20260708T012259Z-3-001 - Copy/BDC2026/train/1_Electronic/IMG-20200329-WA0077.jpg,Electronic,1280,720,JPEG,RGB,1.7777777777777777,False,f5bcfb892020cbda88272f04c53cd5c3,ef1ac0745e93c195,11,31
/kaggle/input/datasets/jessicamercya/satria-data-2026/BDC2026-20260708T012259Z-3-001 - Copy/BDC2026/train/1_Electronic/7.old-damaged-laptop-isolated-on-white-KPWDJ1.jpg,Electronic,1300,1310,JPEG,RGB,0.9923664122137404,False,5a1c9c95ae42244e5f23209cfbf891c4,ebc385bd18b01f92,0,43
/kaggle/input/datasets/jessicamercya/satria-data-2026/BDC2026-20260708T012259Z-3-001 - Copy/BDC2026/train/1_Electronic/Washing_Machine_2.jpg,Electronic,150,150,JPEG,RGB,1.0,False,ff6b1f81254ae241b5b208e38dc1e10d,bc8e6598c731c663,3,35
/kaggle/input/datasets/jessicamercya/satria-data-2026/BDC2026-20260708T012259Z-3-001 - Copy/BDC2026/train/1_Electronic/Washing_Machine_229.jpg,Electronic,150,150,JPEG,RGB,1.0,False,2ac052d634bb9f74cabc8269c7650899,ea95c5c594b3d330,3,27
/kaggle/input/datasets/jessicamercya/satria-data-2026/BDC2026-20260708T012259Z-3-001 - Copy/BDC2026/train/1_Electronic/16.preview16.jpg,Electronic,780,519,JPEG,RGB,1.5028901734104045,False,6f6185fee83cf20efd728ea8a9b7880b,e1bc861bd33c2569,0,39
/kaggle/input/datasets/jessicamercya/satria-data-2026/BDC2026-20260708T012259Z-3-001 - Copy/BDC2026/train/1_Electronic/3.destroyed-broken-electronics-on-dump-D6DCH4.jpg,Electronic,1300,956,JPEG,RGB,1.3598326359832635,False,ebad07a162c861887e31007eddc90a7c,ebe0c1861e9b7a98,0,34
/kaggle/input/datasets/jessicamercya/satria-data-2026/BDC2026-20260708T012259Z-3-001 - Copy/BDC2026/train/1_Electronic/Player_30.jpg,Electronic,150,150,JPEG,RGB,1.0,False,6da9870f9bee6891de23b853e8d6f20c,bfc0d027673fd202,9,21
/kaggle/input/datasets/jessicamercya/satria-data-2026/BDC2026-20260708T012259Z-3-001 - Copy/BDC2026/train/1_Electronic/Player_205.jpg,Electronic,150,150,JPEG,RGB,1.0,False,b788c4449c443d635fb3626b43909be4,e72db156a1d86a31,9,17
/kaggle/input/datasets/jessicamercya/satria-data-2026/BDC2026-20260708T012259Z-3-001 - Copy/BDC2026/train/1_Electronic/Washing_Machine_89.jpg,Electronic,150,150,JPEG,RGB,1.0,False,553aff6a6e5e5185b727ddb8ff973dd4,daf2a185a43cb4b5,3,28
/kaggle/input/datasets/jessicamercya/satria-data-2026/BDC2026-20260708T012259Z-3-001 - Copy/BDC2026/train/1_Electronic/Microwave_177.jpg,Electronic,150,150,JPEG,RGB,1.0,False,4704f91835abaf707804d0a20b577841,ea15da15f535c12a,8,1
/kaggle/input/datasets/jessicamercya/satria-data-2026/BDC2026-20260708T012259Z-3-001 - Copy/BDC2026/train/1_Electronic/2.csm_Leiterplatten-I-a-1a_be28f4f65d.jpg,Electronic,1920,1920,JPEG,RGB,1.0,False,b5ddeed91f5212028f28f1767476f6dc,9add6a37121898ed,0,30
/kaggle/input/datasets/jessicamercya/satria-data-2026/BDC2026-20260708T012259Z-3-001 - Copy/BDC2026/train/1_Electronic/Keyboard_78.jpg,Electronic,150,150,JPEG,RGB,1.0,False,7ad25d781096e9eb1a5b871c087aace1,81ea20fa55fc50f5,2,13
/kaggle/input/datasets/jessicamercya/satria-data-2026/BDC2026-20260708T012259Z-3-001 - Copy/BDC2026/train/1_Electronic/Television_161.jpg,Electronic,150,150,JPEG,RGB,1.0,False,e62f21f16d2c38b389f8158637b6f483,b54ad07d7134f036,4,12
/kaggle/input/datasets/jessicamercya/satria-data-2026/BDC2026-20260708T012259Z-3-001 - Copy/BDC2026/train/1_Electronic/60.Sef7b95a8ce9548fd86860b0cb05d5952t.jpeg,Electronic,1600,1600,JPEG,RGB,1.0,False,c679dd88289c694cbdb4d4f7ce30ff17,d237f1c97c393214,0,30
/kaggle/input/datasets/jessicamercya/satria-data-2026/BDC2026-20260708T012259Z-3-001 - Copy/BDC2026/train/1_Electronic/4.Dealing-with-Electronic-Waste-Best-Practices-for-Businesses.png,Electronic,768,427,PNG,P,1.7985948477751756,False,1c20bd174e1c7a23802bc49f259413a2,ce94370e846b2f72,0,34
/kaggle/input/datasets/jessicamercya/satria-data-2026/BDC2026-20260708T012259Z-3-001 - Copy/BDC2026/train/1_Electronic/72.office-furniture-removal-540x540.jpg,Electronic,540,540,JPEG,RGB,1.0,False,3d0feea31141747502d447f415269421,aa90cd8fe678172c,0,0
/kaggle/input/datasets/jessicamercya/satria-data-2026/BDC2026-20260708T012259Z-3-001 - Copy/BDC2026/train/1_Electronic/Player_31.jpg,Electronic,150,150,JPEG,RGB,1.0,False,e065293989be0f2b557d793a9b27abca,afb1d04c2f8272b5,9,21
/kaggle/input/datasets/jessicamercya/satria-data-2026/BDC2026-20260708T012259Z-3-001 - Copy/BDC2026/train/1_Electronic/Mobile_232.jpg,Electronic,150,150,JPEG,RGB,1.0,False,1fb49e2fda8f4ece78f3e8fd031c6f75,a8b0956a5a7827bb,1,16
/kaggle/input/datasets/jessicamercya/satria-data-2026/BDC2026-20260708T012259Z-3-001 - Copy/BDC2026/train/1_Electronic/Copy of IMG_20200328_132000.jpg,Electronic,3456,4608,JPEG,RGB,0.75,False,15ef3adc43525bb3873f4de321142f0c,bd35c1d2d2c349c5,5,29
/kaggle/input/datasets/jessicamercya/satria-data-2026/BDC2026-20260708T012259Z-3-001 - Copy/BDC2026/train/1_Electronic/Keyboard_193.jpg,Electronic,150,150,JPEG,RGB,1.0,False,3e32886afb811b2a93f6d48e45562ce8,ae0be442b46f2dac,2,5
/kaggle/input/datasets/jessicamercya/satria-data-2026/BDC2026-20260708T012259Z-3-001 - Copy/BDC2026/train/1_Electronic/Washing_Machine_264.jpg,Electronic,150,150,JPEG,RGB,1.0,False,097b04c2b01cc005afea6a42836c4782,e464cdc63299999b,3,8
/kaggle/input/datasets/jessicamercya/satria-data-2026/BDC2026-20260708T012259Z-3-001 - Copy/BDC2026/train/1_Electronic/Mouse_188.jpg,Electronic,150,150,JPEG,RGB,1.0,False,19439d7802ed4b2b0cb7991ee86e0432,c59222ccbba337c3,5,3
/kaggle/input/datasets/jessicamercya/satria-data-2026/BDC2026-20260708T012259Z-3-001 - Copy/BDC2026/train/1_Electronic/Television_203.jpg,Electronic,150,150,JPEG,RGB,1.0,False,cdd46d9635d13843d20bb9aad5adf1ae,fac63d562d13a807,4,12
/kaggle/input/datasets/jessicamercya/satria-data-2026/BDC2026-20260708T012259Z-3-001 - Copy/BDC2026/train/1_Electronic/66.pngtree-young-technician-working-on-broken-computer-concentrated-electronics-broken-photo-image_29061628.jpg,Electronic,360,540,JPEG,RGB,0.6666666666666666,False,455e6ac5e8f212b997a70fc60b0c3ab6,bee8c11e80339fb1,0,54
/kaggle/input/datasets/jessicamercya/satria-data-2026/BDC2026-20260708T012259Z-3-001 - Copy/BDC2026/train/1_Electronic/26.depositphotos_326846882-stock-photo-closeup-shot-of-a-broken.jpg,Electronic,600,400,JPEG,RGB,1.5,False,d55ad4733a21e1d9e5c9d13c8a5480c3,c8b92f62369b98cc,4,12
/kaggle/input/datasets/jessicamercya/satria-data-2026/BDC2026-20260708T012259Z-3-001 - Copy/BDC2026/train/1_Electronic/4.Jasa-Service-Mesin-Cuci-Cibitung-Bekasi.jpg,Electronic,1600,1200,JPEG,RGB,1.3333333333333333,False,9eac412a704d4bb7d374990b65e045e7,b2c04c7667b69c3a,3,28
/kaggle/input/datasets/jessicamercya/satria-data-2026/BDC2026-20260708T012259Z-3-001 - Copy/BDC2026/train/1_Electronic/206.jpeg,Electronic,1032,581,JPEG,RGB,1.7762478485370052,False,9b92265c802b4d91f9101f61b6ae5974,c61a6574a98f2d74,10,2
/kaggle/input/datasets/jessicamercya/satria-data-2026/BDC2026-20260708T012259Z-3-001 - Copy/BDC2026/train/1_Electronic/Mouse_207.jpg,Electronic,150,150,JPEG,RGB,1.0,False,bee2235467ac7fa6287d72e123b003ee,8ced3926cc5963cc,5,3
/kaggle/input/datasets/jessicamercya/satria-data-2026/BDC2026-20260708T012259Z-3-001 - Copy/BDC2026/train/1_Electronic/14.damaged-laptop-computer-with-broken-screen-attachment-2A89M0B.jpg,Electronic,1300,956,JPEG,RGB,1.3598326359832635,False,fa5885c244fb8297a00fa9f853cad4cd,ff7f3f9e00c060a0,0,43
/kaggle/input/datasets/jessicamercya/satria-data-2026/BDC2026-20260708T012259Z-3-001 - Copy/BDC2026/train/1_Electronic/Player_2.jpg,Electronic,150,150,JPEG,RGB,1.0,False,dae7ba1e94f74e93d35e23b9f432101c,eee0951bc0a576c6,9,21
/kaggle/input/datasets/jessicamercya/satria-data-2026/BDC2026-20260708T012259Z-3-001 - Copy/BDC2026/train/1_Electronic/236.jpeg,Electronic,780,1040,JPEG,RGB,0.75,False,cd79ffd5b6c2fa3e6bd8df4f05c92f92,d784c02b3bd62a6e,10,56
/kaggle/input/datasets/jessicamercya/satria-data-2026/BDC2026-20260708T012259Z-3-001 - Copy/BDC2026/train/1_Electronic/IMG_20200329_152730.jpg,Electronic,3456,4608,JPEG,RGB,0.75,False,23b3fb457d5f533bb356057df31b65bc,af7cc0c2b0764fb0,10,2
/kaggle/input/datasets/jessicamercya/satria-data-2026/BDC2026-20260708T012259Z-3-001 - Copy/BDC2026/train/1_Electronic/71.SONY-BRAVIA-32-INCH-ANDRIOD-SMART-TV-VB201705171774173-ak_LWBP143044850-1780035209.png,Electronic,424,319,PNG,RGBA,1.329153605015674,False,0585d1e0ad4c9f5dfbece19c85b628cc,afc7d0c4d4847393,4,49
/kaggle/input/datasets/jessicamercya/satria-data-2026/BDC2026-20260708T012259Z-3-001 - Copy/BDC2026/train/1_Electronic/342.jpeg,Electronic,1152,864,JPEG,RGB,1.3333333333333333,False,96e845d0a2a9c9593b5cc0cff2b1cdb4,9c9cf56363636162,11,44
/kaggle/input/datasets/jessicamercya/satria-data-2026/BDC2026-20260708T012259Z-3-001 - Copy/BDC2026/train/1_Electronic/343.jpeg,Electronic,1152,864,JPEG,RGB,1.3333333333333333,False,a5aa32e5403b0ccdf8903752eb1c5ba5,cc1cd686798162f7,11,44
/kaggle/input/datasets/jessicamercya/satria-data-2026/BDC2026-20260708T012259Z-3-001 - Copy/BDC2026/train/1_Electronic/63.FA02LXHI697S5OH.png,Electronic,1024,568,PNG,RGB,1.8028169014084507,False,1a156188cd53855e7b91ea2fb3e85ace,b595c04ac1cbc3cf,11,47
/kaggle/input/datasets/jessicamercya/satria-data-2026/BDC2026-20260708T012259Z-3-001 - Copy/BDC2026/train/1_Electronic/Television_296.jpg,Electronic,150,150,JPEG,RGB,1.0,False,981180336caaf243a5c47b574379d036,e2ea8d6d95947891,4,12
/kaggle/input/datasets/jessicamercya/satria-data-2026/BDC2026-20260708T012259Z-3-001 - Copy/BDC2026/train/1_Electronic/Mobile_33.jpg,Electronic,150,150,JPEG,RGB,1.0,False,adb0b4b2f7c469f9994b6c2a3d122504,b5b5424297df4b82,1,16
/kaggle/input/datasets/jessicamercya/satria-data-2026/BDC2026-20260708T012259Z-3-001 - Copy/BDC2026/train/1_Electronic/Washing_Machine_176.jpg,Electronic,150,150,JPEG,RGB,1.0,False,43b9ee678a1fc879f9557a186265cf33,bc39c3662cd133cc,3,8
/kaggle/input/datasets/jessicamercya/satria-data-2026/BDC2026-20260708T012259Z-3-001 - Copy/BDC2026/train/1_Electronic/IMG_20200329_201131.jpg,Electronic,4000,3000,JPEG,RGB,1.3333333333333333,False,841d803fce8ba7b763773a138a1ca3c9,fdbf3fe0d010d090,11,31
/kaggle/input/datasets/jessicamercya/satria-data-2026/BDC2026-20260708T012259Z-3-001 - Copy/BDC2026/train/1_Electronic/Printer_85.jpg,Electronic,150,150,JPEG,RGB,1.0,False,b9ac6b2a1328578495963767cc46d6a6,bdb99045ce25c596,6,6
/kaggle/input/datasets/jessicamercya/satria-data-2026/BDC2026-20260708T012259Z-3-001 - Copy/BDC2026/train/1_Electronic/WhatsApp Image 2020-11-01 at 1.27.40 PM.jpeg,Electronic,1280,720,JPEG,RGB,1.7777777777777777,False,f5341f72eb3e36ac4fe5b8d99671f620,f08c1f325987ce99,15,46
/kaggle/input/datasets/jessicamercya/satria-data-2026/BDC2026-20260708T012259Z-3-001 - Copy/BDC2026/train/1_Electronic/Microwave_11.jpg,Electronic,150,150,JPEG,RGB,1.0,False,106cb82c637a6477916012e55bded325,ee8074db935ac196,8,20
/kaggle/input/datasets/jessicamercya/satria-data-2026/BDC2026-20260708T012259Z-3-001 - Copy/BDC2026/train/1_Electronic/Keyboard_38.jpg,Electronic,150,150,JPEG,RGB,1.0,False,a6e88104a1fd6714119caca2130c1725,e379057f0456164f,2,40
/kaggle/input/datasets/jessicamercya/satria-data-2026/BDC2026-20260708T012259Z-3-001 - Copy/BDC2026/train/1_Electronic/Television_14.jpg,Electronic,150,150,JPEG,RGB,1.0,False,a57509a8ce31b63910773276354ab548,90c23b07f83ff826,4,10
/kaggle/input/datasets/jessicamercya/satria-data-2026/BDC2026-20260708T012259Z-3-001 - Copy/BDC2026/train/1_Electronic/Washing_Machine_15.jpg,Electronic,150,150,JPEG,RGB,1.0,False,40f0e4420278c50b93d4bcad66fa92ad,a5d01a0f75155a5f,3,28
/kaggle/input/datasets/jessicamercya/satria-data-2026/BDC2026-20260708T012259Z-3-001 - Copy/BDC2026/train/1_Electronic/Washing_Machine_159.jpg,Electronic,150,150,JPEG,RGB,1.0,False,799b8a3cef65f49ff1fed8136cbcd92f,e1938cccb333c64d,3,27
/kaggle/input/datasets/jessicamercya/satria-data-2026/BDC2026-20260708T012259Z-3-001 - Copy/BDC2026/train/1_Electronic/Washing_Machine_112.jpg,Electronic,150,150,JPEG,RGB,1.0,False,e49b177360dd462ca6ad7e7564ccd16a,aa802f2a1b3f9b39,3,33
/kaggle/input/datasets/jessicamercya/satria-data-2026/BDC2026-20260708T012259Z-3-001 - Copy/BDC2026/train/1_Electronic/Mouse_135.jpg,Electronic,150,150,JPEG,RGB,1.0,False,f558f391b32e33500b57121eadd4fa70,ab96e1709e43c16e,5,26
/kaggle/input/datasets/jessicamercya/satria-data-2026/BDC2026-20260708T012259Z-3-001 - Copy/BDC2026/train/1_Electronic/69.Service_Kabel-Elektroschrott.jpg,Electronic,1920,1281,JPEG,RGB,1.4988290398126465,False,18c08ccfe7e1ab1f40ea4800a202db22,a1055e7aa570897f,0,14
/kaggle/input/datasets/jessicamercya/satria-data-2026/BDC2026-20260708T012259Z-3-001 - Copy/BDC2026/train/1_Electronic/Mobile_179.jpg,Electronic,150,150,JPEG,RGB,1.0,False,d62bf544c39f06e43a006990c6220ec8,ec94506a3d62f89e,2,25
/kaggle/input/datasets/jessicamercya/satria-data-2026/BDC2026-20260708T012259Z-3-001 - Copy/BDC2026/train/1_Electronic/Washing_Machine_40.jpg,Electronic,150,150,JPEG,RGB,1.0,False,736f7b3de4dd4cb00d49e88506237641,9f1ec2671fc0398a,3,28
/kaggle/input/datasets/jessicamercya/satria-data-2026/BDC2026-20260708T012259Z-3-001 - Copy/BDC2026/train/1_Electronic/WhatsApp Image 2020-11-01 at 1.26.24 PM.jpeg,Electronic,720,1280,JPEG,RGB,0.5625,False,4214e16577ea099669a1a4cadc0a50ab,b1f288ccc7cece18,15,46
/kaggle/input/datasets/jessicamercya/satria-data-2026/BDC2026-20260708T012259Z-3-001 - Copy/BDC2026/train/1_Electronic/battery_285.jpg,Electronic,150,150,JPEG,RGB,1.0,False,5917d4610f2c1abd34c002b13d3e3f5c,bfc09f34ec0ae60c,14,24
/kaggle/input/datasets/jessicamercya/satria-data-2026/BDC2026-20260708T012259Z-3-001 - Copy/BDC2026/train/1_Electronic/Mouse_26.jpg,Electronic,150,150,JPEG,RGB,1.0,False,df7b7e378df4089e794168419cc128ae,ae35c4ca9c3b99c1,5,26
/kaggle/input/datasets/jessicamercya/satria-data-2026/BDC2026-20260708T012259Z-3-001 - Copy/BDC2026/train/1_Electronic/Mouse_7.jpg,Electronic,150,150,JPEG,RGB,1.0,False,1bff3c0ccd26028f61b7c5c5f071a2e6,9e1867a3d93931d1,5,36
/kaggle/input/datasets/jessicamercya/satria-data-2026/BDC2026-20260708T012259Z-3-001 - Copy/BDC2026/train/1_Electronic/Microwave_60.jpg,Electronic,150,150,JPEG,RGB,1.0,False,da2518a344d6d81f57bf3a257e2c2fc7,fd9baad0c3c04536,8,20
/kaggle/input/datasets/jessicamercya/satria-data-2026/BDC2026-20260708T012259Z-3-001 - Copy/BDC2026/train/1_Electronic/Microwave_198.jpg,Electronic,150,150,JPEG,RGB,1.0,False,4fbb493639ba18ff89e8c127f5a339b4,ef2f903e943885c5,8,1
/kaggle/input/datasets/jessicamercya/satria-data-2026/BDC2026-20260708T012259Z-3-001 - Copy/BDC2026/train/1_Electronic/Microwave_127.jpg,Electronic,150,150,JPEG,RGB,1.0,False,1846453ca14af80009095f406f2405fb,bf4ac0a52f4a2ea5,8,1
/kaggle/input/datasets/jessicamercya/satria-data-2026/BDC2026-20260708T012259Z-3-001 - Copy/BDC2026/train/1_Electronic/Microwave_123.jpg,Electronic,150,150,JPEG,RGB,1.0,False,797bb4411d5fe5c7a2d459631e5d2da8,eb3e94c195856a95,8,1
/kaggle/input/datasets/jessicamercya/satria-data-2026/BDC2026-20260708T012259Z-3-001 - Copy/BDC2026/train/1_Electronic/17.pngtree-pile-of-broken-electronics-ready-for-recycling-processing-dump-recycle-photo-image_42968254.jpg,Electronic,605,404,JPEG,RGB,1.4975247524752475,False,acb14d55397aa7e7658631dfe5a85396,b9001037f664cfdd,0,22
/kaggle/input/datasets/jessicamercya/satria-data-2026/BDC2026-20260708T012259Z-3-001 - Copy/BDC2026/train/1_Electronic/Microwave_69.jpg,Electronic,150,150,JPEG,RGB,1.0,False,e04febb44f77ec7e80dec09b9a384200,bbcaccb4b435b148,8,1
/kaggle/input/datasets/jessicamercya/satria-data-2026/BDC2026-20260708T012259Z-3-001 - Copy/BDC2026/train/1_Electronic/Keyboard_141.jpg,Electronic,150,150,JPEG,RGB,1.0,False,5279074dc32af9a4b9e2764b13efa3ff,bf1ec0c02d1fd668,2,5
/kaggle/input/datasets/jessicamercya/satria-data-2026/BDC2026-20260708T012259Z-3-001 - Copy/BDC2026/train/1_Electronic/Mouse_219.jpg,Electronic,150,150,JPEG,RGB,1.0,False,dff846eb623a31f7b5cf84af01fcdad2,eba7955c46b13906,5,26
/kaggle/input/datasets/jessicamercya/satria-data-2026/BDC2026-20260708T012259Z-3-001 - Copy/BDC2026/train/1_Electronic/Keyboard_264.jpg,Electronic,150,150,JPEG,RGB,1.0,False,48c995fcf77114e3d7be8049af78eb78,be1580e02517deed,2,5
/kaggle/input/datasets/jessicamercya/satria-data-2026/BDC2026-20260708T012259Z-3-001 - Copy/BDC2026/train/1_Electronic/793.jpeg,Electronic,581,1032,JPEG,RGB,0.562984496124031,False,b537fbdffe80f881e01e19ee49f0cba4,f2564a3b051dcdc5,5,29
/kaggle/input/datasets/jessicamercya/satria-data-2026/BDC2026-20260708T012259Z-3-001 - Copy/BDC2026/train/1_Electronic/battery_109.jpg,Electronic,150,150,JPEG,RGB,1.0,False,242797d5d6978f6ac65597365c75d616,e563929c98c96b78,13,19
/kaggle/input/datasets/jessicamercya/satria-data-2026/BDC2026-20260708T012259Z-3-001 - Copy/BDC2026/train/1_Electronic/Microwave_106.jpg,Electronic,150,150,JPEG,RGB,1.0,False,796703cfb02c4c90e7878208f601eb46,eed59b0a813db5c0,8,1
/kaggle/input/datasets/jessicamercya/satria-data-2026/BDC2026-20260708T012259Z-3-001 - Copy/BDC2026/train/1_Electronic/Player_40.jpg,Electronic,150,150,JPEG,RGB,1.0,False,a8c104c27a3056c8215294b4cc5053e7,ba91e017819fe53c,9,21
/kaggle/input/datasets/jessicamercya/satria-data-2026/BDC2026-20260708T012259Z-3-001 - Copy/BDC2026/train/1_Electronic/67.maxresdefault.jpg,Electronic,1280,720,JPEG,RGB,1.7777777777777777,False,73c6ce24f8e1bdbac37a696b8b08e8b5,9b6208dfc555ab1c,0,30
/kaggle/input/datasets/jessicamercya/satria-data-2026/BDC2026-20260708T012259Z-3-001 - Copy/BDC2026/train/1_Electronic/12.lcd-monitors-scrap-1363500.jpg,Electronic,500,375,JPEG,RGB,1.3333333333333333,False,9dff96111a1ee3aa6191c24d831580ea,c63b34a14e3aa7cc,0,0
/kaggle/input/datasets/jessicamercya/satria-data-2026/BDC2026-20260708T012259Z-3-001 - Copy/BDC2026/train/1_Electronic/15.sampah_elektronik-ylCL_large.jpg,Electronic,733,488,JPEG,RGB,1.5020491803278688,False,78627e50b747aba6114d8bfd569f7620,8b7b46c40f78f225,0,0
/kaggle/input/datasets/jessicamercya/satria-data-2026/BDC2026-20260708T012259Z-3-001 - Copy/BDC2026/train/1_Electronic/Television_38.jpg,Electronic,150,150,JPEG,RGB,1.0,False,f88824da4f8ea36d58acfebbefbb0876,ae2dc266916cc66b,4,10
/kaggle/input/datasets/jessicamercya/satria-data-2026/BDC2026-20260708T012259Z-3-001 - Copy/BDC2026/train/1_Electronic/Printer_72.jpg,Electronic,150,150,JPEG,RGB,1.0,False,9bf16bcdebbf04b7692b09a19030dd31,ee92f4a9e3389e80,6,42
/kaggle/input/datasets/jessicamercya/satria-data-2026/BDC2026-20260708T012259Z-3-001 - Copy/BDC2026/train/1_Electronic/Keyboard_104.jpg,Electronic,150,150,JPEG,RGB,1.0,False,2972096e6e34c64680e3b155459286f9,ead1b48c917e8539,2,13
/kaggle/input/datasets/jessicamercya/satria-data-2026/BDC2026-20260708T012259Z-3-001 - Copy/BDC2026/train/1_Electronic/Printer_247.jpg,Electronic,150,150,JPEG,RGB,1.0,False,0ba5234131e249120eca85df551e651e,ee58918f3231ce35,6,52
/kaggle/input/datasets/jessicamercya/satria-data-2026/BDC2026-20260708T012259Z-3-001 - Copy/BDC2026/train/1_Electronic/Keyboard_290.jpg,Electronic,150,150,JPEG,RGB,1.0,False,fd54cef53eb673ce6007ea3bbd28be1b,aadbaf49b468a449,2,13
/kaggle/input/datasets/jessicamercya/satria-data-2026/BDC2026-20260708T012259Z-3-001 - Copy/BDC2026/train/1_Electronic/IMG-20200328-WA0045.jpg,Electronic,640,1280,JPEG,RGB,0.5,False,51734ad0b3764e3ccf574da8e27ac2fa,afea80af94811f95,1,51
/kaggle/input/datasets/jessicamercya/satria-data-2026/BDC2026-20260708T012259Z-3-001 - Copy/BDC2026/train/1_Electronic/37.39620-ilustrasi-mesin-cuci-unsplashchrissie-k.jpg,Electronic,653,366,JPEG,RGB,1.784153005464481,False,503650390ac808236bb15188e3e2c415,9de1040e4bb5e33e,3,28
/kaggle/input/datasets/jessicamercya/satria-data-2026/BDC2026-20260708T012259Z-3-001 - Copy/BDC2026/train/1_Electronic/Microwave_112.jpg,Electronic,150,150,JPEG,RGB,1.0,False,eb293e76129b5cc471f0383380c43978,991ee2b9e0e69986,8,1
/kaggle/input/datasets/jessicamercya/satria-data-2026/BDC2026-20260708T012259Z-3-001 - Copy/BDC2026/train/1_Electronic/Copy of IMG_20200328_135457.jpg,Electronic,3456,4608,JPEG,RGB,0.75,False,d497c7a07d3f05ce3dbb1d8ab25118f6,93cb653a3e34383c,1,4
/kaggle/input/datasets/jessicamercya/satria-data-2026/BDC2026-20260708T012259Z-3-001 - Copy/BDC2026/train/1_Electronic/Microwave_24.jpg,Electronic,150,150,JPEG,RGB,1.0,False,e1f35e2424ffb9f97f457fabddc2f338,bdd2c22d3dd2428b,8,1
/kaggle/input/datasets/jessicamercya/satria-data-2026/BDC2026-20260708T012259Z-3-001 - Copy/BDC2026/train/1_Electronic/Printer_203.jpg,Electronic,150,150,JPEG,RGB,1.0,False,dab4d99eb11612ab29c6040001b6c7bd,95d2b5aa3ce82a36,6,6
/kaggle/input/datasets/jessicamercya/satria-data-2026/BDC2026-20260708T012259Z-3-001 - Copy/BDC2026/train/1_Electronic/Player_207.jpg,Electronic,150,150,JPEG,RGB,1.0,False,8d7d72cea836588482c486ecc61cd2ae,cdc3323cc99336c9,9,48
/kaggle/input/datasets/jessicamercya/satria-data-2026/BDC2026-20260708T012259Z-3-001 - Copy/BDC2026/train/1_Electronic/IMG_20200328_131329.jpg,Electronic,4000,2250,JPEG,RGB,1.7777777777777777,False,fc8437093bad0e74ac070359925d4acf,aa3ac285d4eb8dca,10,2
/kaggle/input/datasets/jessicamercya/satria-data-2026/BDC2026-20260708T012259Z-3-001 - Copy/BDC2026/train/1_Electronic/Mobile_96.jpg,Electronic,150,150,JPEG,RGB,1.0,False,b07d23c5edacdca24b3385e02bce56af,c03c71c33ce0b3cf,2,25
/kaggle/input/datasets/jessicamercya/satria-data-2026/BDC2026-20260708T012259Z-3-001 - Copy/BDC2026/train/1_Electronic/11.1672001-discarded-medication.jpg,Electronic,640,512,JPEG,RGB,1.25,False,728bde7cfc660afe8c43b44aed404326,8ab5d8ce05bb5352,0,0
/kaggle/input/datasets/jessicamercya/satria-data-2026/BDC2026-20260708T012259Z-3-001 - Copy/BDC2026/train/1_Electronic/Mobile_288.jpg,Electronic,150,150,JPEG,RGB,1.0,False,b84c453376d1466e7f170fe159227a7a,b51bd23c09ef15d0,2,25
/kaggle/input/datasets/jessicamercya/satria-data-2026/BDC2026-20260708T012259Z-3-001 - Copy/BDC2026/train/1_Electronic/Washing_Machine_77.jpg,Electronic,150,150,JPEG,RGB,1.0,False,8785a21b1671c6c2e041f8ff573e2869,afc234b59393c23a,3,35
/kaggle/input/datasets/jessicamercya/satria-data-2026/BDC2026-20260708T012259Z-3-001 - Copy/BDC2026/train/1_Electronic/battery_147.jpg,Electronic,150,150,JPEG,RGB,1.0,False,6ee045b58ec5cdb1799b2eeceb8d70b6,a4319bc6cece9b21,12,37
/kaggle/input/datasets/jessicamercya/satria-data-2026/BDC2026-20260708T012259Z-3-001 - Copy/BDC2026/train/1_Electronic/Microwave_62.jpg,Electronic,150,150,JPEG,RGB,1.0,False,907c47100b6facaa4e84fa74abbd01c0,8d82cab5b1333373,8,20
/kaggle/input/datasets/jessicamercya/satria-data-2026/BDC2026-20260708T012259Z-3-001 - Copy/BDC2026/train/1_Electronic/Microwave_167.jpg,Electronic,150,150,JPEG,RGB,1.0,False,c08a3453fbaa77a12bad6ace60c080de,bec0912d813fc0bf,8,1
/kaggle/input/datasets/jessicamercya/satria-data-2026/BDC2026-20260708T012259Z-3-001 - Copy/BDC2026/train/1_Electronic/pcb_95.jpg,Electronic,150,150,JPEG,RGB,1.0,False,588955aa1621a1db0deeb887bda49116,ca3bebc0118e38ed,2,25
/kaggle/input/datasets/jessicamercya/satria-data-2026/BDC2026-20260708T012259Z-3-001 - Copy/BDC2026/train/1_Electronic/69.debu-laptop-banner.jpeg,Electronic,648,435,JPEG,RGB,1.4896551724137932,False,382b93fd0f034c10fd21e8b78cdeb8b2,fbe111da65461656,0,54
/kaggle/input/datasets/jessicamercya/satria-data-2026/BDC2026-20260708T012259Z-3-001 - Copy/BDC2026/train/1_Electronic/Television_202.jpg,Electronic,150,150,JPEG,RGB,1.0,False,50d2875eda813f20523a4b211da2f626,95383ac76ab86b94,2,40
/kaggle/input/datasets/jessicamercya/satria-data-2026/BDC2026-20260708T012259Z-3-001 - Copy/BDC2026/train/1_Electronic/71.Laptop-Recycling.jpg,Electronic,612,408,JPEG,RGB,1.5,False,201c2b645808ae89eb9978fa245fdaff,c2cadbc1d5172a2d,0,54
/kaggle/input/datasets/jessicamercya/satria-data-2026/BDC2026-20260708T012259Z-3-001 - Copy/BDC2026/train/1_Electronic/Television_91.jpg,Electronic,150,150,JPEG,RGB,1.0,False,3aee00d8bf04a7b5c6acb76ea16c7672,ef1a939998b19893,11,41
/kaggle/input/datasets/jessicamercya/satria-data-2026/BDC2026-20260708T012259Z-3-001 - Copy/BDC2026/train/1_Electronic/Copy of IMG_20200328_222043.jpg,Electronic,8000,6000,JPEG,RGB,1.3333333333333333,False,3adb722fcf957f78b5da988a9c2df605,e98e9661699c256e,1,4
/kaggle/input/datasets/jessicamercya/satria-data-2026/BDC2026-20260708T012259Z-3-001 - Copy/BDC2026/train/1_Electronic/233.jpeg,Electronic,780,1040,JPEG,RGB,0.75,False,764edcc4a7401a9da204db6a010ac27d,fa2a85d07c8f6bc0,10,2
/kaggle/input/datasets/jessicamercya/satria-data-2026/BDC2026-20260708T012259Z-3-001 - Copy/BDC2026/train/1_Electronic/pcb_299.jpg,Electronic,150,150,JPEG,RGB,1.0,False,660165c78c894265936784f3b6658d81,ff20905ec916699d,7,23
/kaggle/input/datasets/jessicamercya/satria-data-2026/BDC2026-20260708T012259Z-3-001 - Copy/BDC2026/train/1_Electronic/73.nairoi-electronic-waste.jpg,Electronic,720,441,JPEG,RGB,1.6326530612244898,False,38caad45d89b3e37aa588a7244e14e50,eace48ff609b6412,0,14
/kaggle/input/datasets/jessicamercya/satria-data-2026/BDC2026-20260708T012259Z-3-001 - Copy/BDC2026/train/1_Electronic/Keyboard_145.jpg,Electronic,150,150,JPEG,RGB,1.0,False,90bd683dc7bbbad551e951753da20a07,fcc8cccca7878172,2,13
/kaggle/input/datasets/jessicamercya/satria-data-2026/BDC2026-20260708T012259Z-3-001 - Copy/BDC2026/train/1_Electronic/IMG_20201101_130856.jpg,Electronic,4000,3000,JPEG,RGB,1.3333333333333333,False,2130f3b82af6fbae5516bf2d7883ea3b,c31e7861a39fd606,11,47
/kaggle/input/datasets/jessicamercya/satria-data-2026/BDC2026-20260708T012259Z-3-001 - Copy/BDC2026/train/1_Electronic/Printer_224.jpg,Electronic,150,150,JPEG,RGB,1.0,False,672dc0efb2f72f0b23ef5d820842c7a3,bad1c1076c389bd9,6,11
/kaggle/input/datasets/jessicamercya/satria-data-2026/BDC2026-20260708T012259Z-3-001 - Copy/BDC2026/train/1_Electronic/Printer_26.jpg,Electronic,150,150,JPEG,RGB,1.0,False,10cd8e004af356ce6d1836675e67b099,fb3484cb46e81b36,6,11
/kaggle/input/datasets/jessicamercya/satria-data-2026/BDC2026-20260708T012259Z-3-001 - Copy/BDC2026/train/1_Electronic/67.printed-circuit-board-scrap-794.jpg,Electronic,500,375,JPEG,RGB,1.3333333333333333,False,ab84afe2dbe708f99bb8584cb3fc5ebc,b12f1a84b71ed8a3,0,30
/kaggle/input/datasets/jessicamercya/satria-data-2026/BDC2026-20260708T012259Z-3-001 - Copy/BDC2026/train/1_Electronic/pcb_70.jpg,Electronic,150,150,JPEG,RGB,1.0,False,eeeae3b35faad9cf2e4c6a3deabe7d26,9680e97b8e37b489,7,23
/kaggle/input/datasets/jessicamercya/satria-data-2026/BDC2026-20260708T012259Z-3-001 - Copy/BDC2026/train/1_Electronic/Mobile_276.jpg,Electronic,150,150,JPEG,RGB,1.0,False,2294cf1481c835949fb5ccaf94efcfb5,ff3f80c07f2e600c,1,16
/kaggle/input/datasets/jessicamercya/satria-data-2026/BDC2026-20260708T012259Z-3-001 - Copy/BDC2026/train/1_Electronic/Mobile_220.jpg,Electronic,150,150,JPEG,RGB,1.0,False,f909c2e7e3df07b4157968a8c1bf05d2,ea7a9595c3c16a43,1,51
/kaggle/input/datasets/jessicamercya/satria-data-2026/BDC2026-20260708T012259Z-3-001 - Copy/BDC2026/train/1_Electronic/Microwave_136.jpg,Electronic,150,150,JPEG,RGB,1.0,False,7adba51bcb59e3c5c32e20f326d91760,adc3d23c3f4825c3,2,32
/kaggle/input/datasets/jessicamercya/satria-data-2026/BDC2026-20260708T012259Z-3-001 - Copy/BDC2026/train/1_Electronic/604.jpeg,Electronic,1280,720,JPEG,RGB,1.7777777777777777,False,fca2d1808ee689649bb3fc8d69e9718a,eaabd560afe054e0,11,41
/kaggle/input/datasets/jessicamercya/satria-data-2026/BDC2026-20260708T012259Z-3-001 - Copy/BDC2026/train/1_Electronic/Copy of IMG_20200328_131942.jpg,Electronic,4608,3456,JPEG,RGB,1.3333333333333333,False,d3d7d82df20a09b3b9a24ec6471110e4,fa52819e5e9c3c68,5,29
/kaggle/input/datasets/jessicamercya/satria-data-2026/BDC2026-20260708T012259Z-3-001 - Copy/BDC2026/train/1_Electronic/8.large-pile-of-e-waste-sadoff-e-recycling.jpeg,Electronic,1000,667,JPEG,RGB,1.4992503748125936,False,226c7ba8fa8071753f360dcfd63eda4c,cc1e21694d96f96a,0,14
/kaggle/input/datasets/jessicamercya/satria-data-2026/BDC2026-20260708T012259Z-3-001 - Copy/BDC2026/train/1_Electronic/Mobile_167.jpg,Electronic,150,150,JPEG,RGB,1.0,False,f29c387535c9173dc0526efa68996cba,e89f96e27e1c680c,1,16
/kaggle/input/datasets/jessicamercya/satria-data-2026/BDC2026-20260708T012259Z-3-001 - Copy/BDC2026/train/1_Electronic/Player_187.jpg,Electronic,150,150,JPEG,RGB,1.0,False,94d970286ec5d3c7e11c3ec695e54cda,ebc7c82997307067,9,17
/kaggle/input/datasets/jessicamercya/satria-data-2026/BDC2026-20260708T012259Z-3-001 - Copy/BDC2026/train/1_Electronic/Television_192.jpg,Electronic,150,150,JPEG,RGB,1.0,False,7604fc1a6838a8f5aeb695d55d22c66e,8a85307a6fd12b8f,4,12
/kaggle/input/datasets/jessicamercya/satria-data-2026/BDC2026-20260708T012259Z-3-001 - Copy/BDC2026/train/1_Electronic/Player_152.jpg,Electronic,150,150,JPEG,RGB,1.0,False,14f13cb2ae4d969cb2c51f8337102f0f,bfc0c83df0cd1934,9,48
/kaggle/input/datasets/jessicamercya/satria-data-2026/BDC2026-20260708T012259Z-3-001 - Copy/BDC2026/train/1_Electronic/battery_200.jpg,Electronic,150,150,JPEG,RGB,1.0,False,243b6b7f5b5d8b1425effa8805c13ecc,be01d9b68469c35e,12,38
/kaggle/input/datasets/jessicamercya/satria-data-2026/BDC2026-20260708T012259Z-3-001 - Copy/BDC2026/train/1_Electronic/pcb_64.jpg,Electronic,150,150,JPEG,RGB,1.0,False,3f374bd218a7accd4372e129ab981ed9,bbbb61c59d41c416,7,23
/kaggle/input/datasets/jessicamercya/satria-data-2026/BDC2026-20260708T012259Z-3-001 - Copy/BDC2026/train/1_Electronic/Printer_284.jpg,Electronic,150,150,JPEG,RGB,1.0,False,1e41896a8ba10427c0f5722c5fbb05ee,b070df0eb0bf29c2,6,6
/kaggle/input/datasets/jessicamercya/satria-data-2026/BDC2026-20260708T012259Z-3-001 - Copy/BDC2026/train/1_Electronic/6.20170119155741-intip-pusat-pemusnahan-limbah-elektronik-di-jepang-001-dru.jpg,Electronic,540,350,JPEG,RGB,1.542857142857143,False,a6f8a85008d9202697916d4aa3445a52,f1ee81307ccf8174,0,14
/kaggle/input/datasets/jessicamercya/satria-data-2026/BDC2026-20260708T012259Z-3-001 - Copy/BDC2026/train/1_Electronic/8.LCD-Monitor-scrap.jpg,Electronic,360,360,JPEG,RGB,1.0,False,457f7561902a7350ff1b71e37dbb5ac5,fa1681e08d59c76d,0,0
/kaggle/input/datasets/jessicamercya/satria-data-2026/BDC2026-20260708T012259Z-3-001 - Copy/BDC2026/train/1_Electronic/pcb_38.jpg,Electronic,150,150,JPEG,RGB,1.0,False,390e90db901e72cbc5bd80801393168d,ea788587c2d46b72,7,7
/kaggle/input/datasets/jessicamercya/satria-data-2026/BDC2026-20260708T012259Z-3-001 - Copy/BDC2026/train/1_Electronic/Mobile_233.jpg,Electronic,150,150,JPEG,RGB,1.0,False,1e8fd2ba206c5ec4e9ad5acc08474131,a795c38d59ca8536,1,9
/kaggle/input/datasets/jessicamercya/satria-data-2026/BDC2026-20260708T012259Z-3-001 - Copy/BDC2026/train/1_Electronic/Keyboard_94.jpg,Electronic,150,150,JPEG,RGB,1.0,False,d663b2f954a5699125d903777e9fc7f3,eb3694e802c76d36,2,5
/kaggle/input/datasets/jessicamercya/satria-data-2026/BDC2026-20260708T012259Z-3-001 - Copy/BDC2026/train/1_Electronic/Washing_Machine_217.jpg,Electronic,150,150,JPEG,RGB,1.0,False,1397237359b61bd5d28c7e1f775c0ad3,ec09c23b851cbce7,3,28
/kaggle/input/datasets/jessicamercya/satria-data-2026/BDC2026-20260708T012259Z-3-001 - Copy/BDC2026/train/1_Electronic/72.Where-to-sell-Old-and-Scrap-Laptops-in-Nigeria-for-Cash.jpeg,Electronic,1280,720,JPEG,RGB,1.7777777777777777,False,ed9c9842370173286a2ea2fe11568424,bec09917b0f286bc,10,56
/kaggle/input/datasets/jessicamercya/satria-data-2026/BDC2026-20260708T012259Z-3-001 - Copy/BDC2026/train/1_Electronic/496.jpeg,Electronic,583,1280,JPEG,RGB,0.45546875,False,b6e6bed8ab59558f17160f846bbabf82,e861855ea6ad78a5,1,4
/kaggle/input/datasets/jessicamercya/satria-data-2026/BDC2026-20260708T012259Z-3-001 - Copy/BDC2026/train/1_Electronic/Television_41.jpg,Electronic,150,150,JPEG,RGB,1.0,False,0e8a62f97606e6883497444a8f275c85,c0c23f353d2d3ed0,4,12
/kaggle/input/datasets/jessicamercya/satria-data-2026/BDC2026-20260708T012259Z-3-001 - Copy/BDC2026/train/1_Electronic/84.broken-pc.jpg,Electronic,500,501,JPEG,RGB,0.998003992015968,False,88791954ef57522fa9380a8f17f11a70,965ed8a11ed225ae,0,0
/kaggle/input/datasets/jessicamercya/satria-data-2026/BDC2026-20260708T012259Z-3-001 - Copy/BDC2026/train/1_Electronic/Printer_42.jpg,Electronic,150,150,JPEG,RGB,1.0,False,971b63642e58fe8381eb1ac881693ee3,dba53636c9c132c9,6,42
/kaggle/input/datasets/jessicamercya/satria-data-2026/BDC2026-20260708T012259Z-3-001 - Copy/BDC2026/train/1_Electronic/Mobile_202.jpg,Electronic,150,150,JPEG,RGB,1.0,False,decd96c6dbe3b73d34d064d58cac2a0c,85059e976c9e69cc,1,51
/kaggle/input/datasets/jessicamercya/satria-data-2026/BDC2026-20260708T012259Z-3-001 - Copy/BDC2026/train/1_Electronic/Television_93.jpg,Electronic,150,150,JPEG,RGB,1.0,False,0375a52612a81b1492a2eeaacd858405,eecae034b1199f1c,11,47
/kaggle/input/datasets/jessicamercya/satria-data-2026/BDC2026-20260708T012259Z-3-001 - Copy/BDC2026/train/1_Electronic/Microwave_299.jpg,Electronic,150,150,JPEG,RGB,1.0,False,c964febb627db2e55a6d452e6d8a7c53,c7de602719f0360f,8,20
/kaggle/input/datasets/jessicamercya/satria-data-2026/BDC2026-20260708T012259Z-3-001 - Copy/BDC2026/train/1_Electronic/battery_54.jpg,Electronic,150,150,JPEG,RGB,1.0,False,bfe67e21779e7e838ffd52c574776d24,ee9581623c95ca79,14,24
/kaggle/input/datasets/jessicamercya/satria-data-2026/BDC2026-20260708T012259Z-3-001 - Copy/BDC2026/train/1_Electronic/Washing_Machine_81.jpg,Electronic,150,150,JPEG,RGB,1.0,False,3bbb8c0140a4af208196f10e6f52868b,b986966bc7e06e90,3,27
/kaggle/input/datasets/jessicamercya/satria-data-2026/BDC2026-20260708T012259Z-3-001 - Copy/BDC2026/train/1_Electronic/Microwave_52.jpg,Electronic,150,150,JPEG,RGB,1.0,False,ae64835219c7f6c4557d051b49346eb1,b314ccfb01e2371d,8,1
/kaggle/input/datasets/jessicamercya/satria-data-2026/BDC2026-20260708T012259Z-3-001 - Copy/BDC2026/train/1_Electronic/16.e-waste-pile-discarded-electronics-environmental-concerns-close-up-shot-showcasing-pile-discarded-electronic-devices-406665791.jpg,Electronic,1600,1004,JPEG,RGB,1.593625498007968,False,90eab692c7eaad620099af53faa41d19,a487ed5d62908fac,0,14
/kaggle/input/datasets/jessicamercya/satria-data-2026/BDC2026-20260708T012259Z-3-001 - Copy/BDC2026/train/1_Electronic/Player_105.jpg,Electronic,150,150,JPEG,RGB,1.0,False,1730b85dd03214e24d44ce834cb6a95b,c8e05518c1bfba57,9,21
/kaggle/input/datasets/jessicamercya/satria-data-2026/BDC2026-20260708T012259Z-3-001 - Copy/BDC2026/train/1_Electronic/2.WASTE-articleLarge.jpg,Electronic,600,399,JPEG,RGB,1.5037593984962405,False,1205929d59d45275b7d1fd638389c30f,8b1774f3a1845bac,0,0
/kaggle/input/datasets/jessicamercya/satria-data-2026/BDC2026-20260708T012259Z-3-001 - Copy/BDC2026/train/1_Electronic/yj6-1354367.jpg,Electronic,1049,699,JPEG,RGB,1.5007153075822603,False,de3c55786a12f595107c4e95a403048d,bab485ca6673f02a,12,38
/kaggle/input/datasets/jessicamercya/satria-data-2026/BDC2026-20260708T012259Z-3-001 - Copy/BDC2026/train/1_Electronic/Television_257.jpg,Electronic,150,150,JPEG,RGB,1.0,False,97e940ad2a94fcb93f6faaaa5c80a075,cfca303e30dec1a5,4,12
/kaggle/input/datasets/jessicamercya/satria-data-2026/BDC2026-20260708T012259Z-3-001 - Copy/BDC2026/train/1_Electronic/IMG_20200329_152746.jpg,Electronic,3456,4608,JPEG,RGB,0.75,False,e06df25e059aba9ad39043163c102f89,e33194069a0dfc6f,10,2
/kaggle/input/datasets/jessicamercya/satria-data-2026/BDC2026-20260708T012259Z-3-001 - Copy/BDC2026/train/1_Electronic/Mouse_11.jpg,Electronic,150,150,JPEG,RGB,1.0,False,563164a36a10e30f498fcc1ca73fd4b4,852e9e39696726cc,5,36
/kaggle/input/datasets/jessicamercya/satria-data-2026/BDC2026-20260708T012259Z-3-001 - Copy/BDC2026/train/1_Electronic/pcb_153.jpg,Electronic,150,150,JPEG,RGB,1.0,False,548f70c228ce37b308c9aa5e90add4f0,fea2b75486d6801b,7,18
/kaggle/input/datasets/jessicamercya/satria-data-2026/BDC2026-20260708T012259Z-3-001 - Copy/BDC2026/train/1_Electronic/15.20240110204813.png,Electronic,750,750,PNG,RGB,1.0,False,31726718bb59b0cdf55cad6bc5a89cf9,83e310f84f12ff19,0,30
/kaggle/input/datasets/jessicamercya/satria-data-2026/BDC2026-20260708T012259Z-3-001 - Copy/BDC2026/train/1_Electronic/IMG_20200329_201049.jpg,Electronic,4000,3000,JPEG,RGB,1.3333333333333333,False,abd586a0f5b6a3f9edefe09b492f14c1,b8d9d2644f353d30,5,29
/kaggle/input/datasets/jessicamercya/satria-data-2026/BDC2026-20260708T012259Z-3-001 - Copy/BDC2026/train/1_Electronic/Microwave_143.jpg,Electronic,150,150,JPEG,RGB,1.0,False,6e1e321c4d67570d72d5d61c43ff439f,be68e83ce83a38b4,8,1
/kaggle/input/datasets/jessicamercya/satria-data-2026/BDC2026-20260708T012259Z-3-001 - Copy/BDC2026/train/1_Electronic/598.jpeg,Electronic,864,1152,JPEG,RGB,0.75,False,a9b177aa35fd7b0d50b92599838da50d,bc82c2c3c3cbc38f,1,4
/kaggle/input/datasets/jessicamercya/satria-data-2026/BDC2026-20260708T012259Z-3-001 - Copy/BDC2026/train/1_Electronic/battery_199.jpg,Electronic,150,150,JPEG,RGB,1.0,False,048ae29d1bed8cb6635158f1e70ae356,fe4881ecc3a4c73c,12,38
/kaggle/input/datasets/jessicamercya/satria-data-2026/BDC2026-20260708T012259Z-3-001 - Copy/BDC2026/train/1_Electronic/20.old-tv-monitor-scrap-for-sale--264.jpg,Electronic,500,309,JPEG,RGB,1.6181229773462784,False,d8b4bd4e71601324ece64756cdf80867,b5d0bdd6a05a3869,0,0
/kaggle/input/datasets/jessicamercya/satria-data-2026/BDC2026-20260708T012259Z-3-001 - Copy/BDC2026/train/1_Electronic/battery_259.jpg,Electronic,150,150,JPEG,RGB,1.0,False,83219e321c47763a5353f0b7f8dbed7a,bdc9c23c24c99b36,14,24
/kaggle/input/datasets/jessicamercya/satria-data-2026/BDC2026-20260708T012259Z-3-001 - Copy/BDC2026/train/1_Electronic/Printer_239.jpg,Electronic,150,150,JPEG,RGB,1.0,False,0eee2b15305d5f09d69f10a7caba14fe,87a5588e997324dd,6,6
/kaggle/input/datasets/jessicamercya/satria-data-2026/BDC2026-20260708T012259Z-3-001 - Copy/BDC2026/train/1_Electronic/Microwave_147.jpg,Electronic,150,150,JPEG,RGB,1.0,False,b993cdfaa20fd56590de2654c4617ec7,be9fc1d098613c2e,8,1
/kaggle/input/datasets/jessicamercya/satria-data-2026/BDC2026-20260708T012259Z-3-001 - Copy/BDC2026/train/1_Electronic/Printer_175.jpg,Electronic,150,150,JPEG,RGB,1.0,False,21130b837a4bbef1ccfc008221e72528,ee5b958cc1618f34,6,52
/kaggle/input/datasets/jessicamercya/satria-data-2026/BDC2026-20260708T012259Z-3-001 - Copy/BDC2026/train/1_Electronic/67.GettyImages-94616023.jpg,Electronic,1986,1160,JPEG,RGB,1.7120689655172414,False,178257fa91c6949919b1af4f33a86e06,c06829171f9fce6c,0,22
/kaggle/input/datasets/jessicamercya/satria-data-2026/BDC2026-20260708T012259Z-3-001 - Copy/BDC2026/train/1_Electronic/pcb_290.jpg,Electronic,150,150,JPEG,RGB,1.0,False,465b3f624f89daf528f6670238c15680,ae875669b97c0817,7,18
/kaggle/input/datasets/jessicamercya/satria-data-2026/BDC2026-20260708T012259Z-3-001 - Copy/BDC2026/train/1_Electronic/IMG-20200328-WA0033.jpg,Electronic,640,1280,JPEG,RGB,0.5,False,b16b937e24b0b761738ec70623eeb437,d5c03b3f969561c1,1,4
/kaggle/input/datasets/jessicamercya/satria-data-2026/BDC2026-20260708T012259Z-3-001 - Copy/BDC2026/train/1_Electronic/Washing_Machine_126.jpg,Electronic,150,150,JPEG,RGB,1.0,False,9387b94abdecfc70a49c268fa6cbcf08,bcc769d1d2969292,3,28
/kaggle/input/datasets/jessicamercya/satria-data-2026/BDC2026-20260708T012259Z-3-001 - Copy/BDC2026/train/1_Electronic/Printer_44.jpg,Electronic,150,150,JPEG,RGB,1.0,False,875d3b933677929445bb27305841b8ab,cd9d08125f7de461,6,6
/kaggle/input/datasets/jessicamercya/satria-data-2026/BDC2026-20260708T012259Z-3-001 - Copy/BDC2026/train/1_Electronic/pcb_160.jpg,Electronic,150,150,JPEG,RGB,1.0,False,518ba0d3de27e7f564f3c8d397463172,9ccbc32fc3946c34,7,18
/kaggle/input/datasets/jessicamercya/satria-data-2026/BDC2026-20260708T012259Z-3-001 - Copy/BDC2026/train/1_Electronic/617.jpeg,Electronic,648,1152,JPEG,RGB,0.5625,False,e31b96ba7c98d3f6e6da22acfe11b22b,a92bdad21ed224dc,10,2
/kaggle/input/datasets/jessicamercya/satria-data-2026/BDC2026-20260708T012259Z-3-001 - Copy/BDC2026/train/1_Electronic/Mouse_196.jpg,Electronic,150,150,JPEG,RGB,1.0,False,37f1d046834fa8e916dd28e324a4b340,ea959962b3c916a3,5,3
/kaggle/input/datasets/jessicamercya/satria-data-2026/BDC2026-20260708T012259Z-3-001 - Copy/BDC2026/train/1_Electronic/Washing_Machine_247.jpg,Electronic,150,150,JPEG,RGB,1.0,False,70f0c2318507fccc5d2e85ecab58e67e,c081b786691f3737,2,40
/kaggle/input/datasets/jessicamercya/satria-data-2026/BDC2026-20260708T012259Z-3-001 - Copy/BDC2026/train/1_Electronic/Keyboard_208.jpg,Electronic,150,150,JPEG,RGB,1.0,False,a2dde02dc52bfe48c26178eff02509dc,bc65c39a3465ca9a,2,32
/kaggle/input/datasets/jessicamercya/satria-data-2026/BDC2026-20260708T012259Z-3-001 - Copy/BDC2026/train/1_Electronic/316.jpeg,Electronic,1032,581,JPEG,RGB,1.7762478485370052,False,70b3e85c970fc552e3ccda1f7af85759,928db8b3d86cd9a8,11,44
/kaggle/input/datasets/jessicamercya/satria-data-2026/BDC2026-20260708T012259Z-3-001 - Copy/BDC2026/train/1_Electronic/Television_276.jpg,Electronic,150,150,JPEG,RGB,1.0,False,5de06902e09756782f27c6b4413b7d22,a996d3d2866a3c6a,4,12
/kaggle/input/datasets/jessicamercya/satria-data-2026/BDC2026-20260708T012259Z-3-001 - Copy/BDC2026/train/1_Electronic/Printer_265.jpg,Electronic,150,150,JPEG,RGB,1.0,False,e813affe16330f2f0111d5a4f5df0224,92749fc39692a527,6,11
/kaggle/input/datasets/jessicamercya/satria-data-2026/BDC2026-20260708T012259Z-3-001 - Copy/BDC2026/train/1_Electronic/IMG-20200328-WA0028.jpg,Electronic,1280,960,JPEG,RGB,1.3333333333333333,False,d70fba9bbfb86208c96ffac56be437e5,e0f83e8e3e021b6b,10,2
/kaggle/input/datasets/jessicamercya/satria-data-2026/BDC2026-20260708T012259Z-3-001 - Copy/BDC2026/train/1_Electronic/Television_204.jpg,Electronic,150,150,JPEG,RGB,1.0,False,ece963a51a256ddecdb1a731b9544779,e19e6969169a6d61,4,15
/kaggle/input/datasets/jessicamercya/satria-data-2026/BDC2026-20260708T012259Z-3-001 - Copy/BDC2026/train/1_Electronic/13.free-photo-of-rusak-pecah-berantakan-ditinggalkan.jpeg,Electronic,3024,4032,JPEG,RGB,0.75,False,0f8f053ce2ae48c92eaa9e1ba521d69d,8798bd666235855d,0,0
/kaggle/input/datasets/jessicamercya/satria-data-2026/BDC2026-20260708T012259Z-3-001 - Copy/BDC2026/train/1_Electronic/Television_44.jpg,Electronic,150,150,JPEG,RGB,1.0,False,80c6a59f433ef044dbddffe529296c95,db3234c04b9736cd,4,15
/kaggle/input/datasets/jessicamercya/satria-data-2026/BDC2026-20260708T012259Z-3-001 - Copy/BDC2026/train/1_Electronic/broken-hair-dryer.jpg,Electronic,337,450,JPEG,RGB,0.7488888888888889,False,9e648bde72f2c0e38f22188de4363694,8ef3a53d5e868886,3,28
/kaggle/input/datasets/jessicamercya/satria-data-2026/BDC2026-20260708T012259Z-3-001 - Copy/BDC2026/train/1_Electronic/165.jpg,Electronic,3456,4608,JPEG,RGB,0.75,False,f0498cd6552651bce8248628f1e6ca68,bab6d5d295c295c0,10,2
/kaggle/input/datasets/jessicamercya/satria-data-2026/BDC2026-20260708T012259Z-3-001 - Copy/BDC2026/train/1_Electronic/15.jpeg,Electronic,1040,780,JPEG,RGB,1.3333333333333333,False,3ae05657e05c0f46aa58745fdce0c7c1,a6b2359a56344be5,11,31
/kaggle/input/datasets/jessicamercya/satria-data-2026/BDC2026-20260708T012259Z-3-001 - Copy/BDC2026/train/1_Electronic/IMG_20200329_142619.jpg,Electronic,4608,3456,JPEG,RGB,1.3333333333333333,False,849ca72170b67b46150faff2e5cb0cad,ad8c967385738437,10,2
/kaggle/input/datasets/jessicamercya/satria-data-2026/BDC2026-20260708T012259Z-3-001 - Copy/BDC2026/train/1_Electronic/Mouse_90.jpg,Electronic,150,150,JPEG,RGB,1.0,False,9577098586d7d4a80f06b2e62b3e579f,fc81d13e6ae125c6,5,3
/kaggle/input/datasets/jessicamercya/satria-data-2026/BDC2026-20260708T012259Z-3-001 - Copy/BDC2026/train/1_Electronic/570.jpg,Electronic,2340,4160,JPEG,RGB,0.5625,False,000a0f36e4955be90942a1d871fc9d36,af3dd4c0428bcf0b,1,4
/kaggle/input/datasets/jessicamercya/satria-data-2026/BDC2026-20260708T012259Z-3-001 - Copy/BDC2026/train/1_Electronic/Microwave_89.jpg,Electronic,150,150,JPEG,RGB,1.0,False,8a5657b532f3dad19b580db2a7b96554,affad085c1910f5a,8,1
/kaggle/input/datasets/jessicamercya/satria-data-2026/BDC2026-20260708T012259Z-3-001 - Copy/BDC2026/train/1_Electronic/Television_188.jpg,Electronic,150,150,JPEG,RGB,1.0,False,0dd81b4e1b5b58585975bd9c126c5392,e7e5889c975b502a,4,15
/kaggle/input/datasets/jessicamercya/satria-data-2026/BDC2026-20260708T012259Z-3-001 - Copy/BDC2026/train/1_Electronic/Mobile_218.jpg,Electronic,150,150,JPEG,RGB,1.0,False,788768399b66272ccd41f51d55ee12e1,e9d0960f967e9017,1,16
/kaggle/input/datasets/jessicamercya/satria-data-2026/BDC2026-20260708T012259Z-3-001 - Copy/BDC2026/train/1_Electronic/ert.jpg,Electronic,1400,939,JPEG,RGB,1.490947816826411,False,12fbd79371374b39b5eafc188f6f93ae,e39b38e03c3ec48e,0,22
/kaggle/input/datasets/jessicamercya/satria-data-2026/BDC2026-20260708T012259Z-3-001 - Copy/BDC2026/train/1_Electronic/Printer_96.jpg,Electronic,150,150,JPEG,RGB,1.0,False,d066704586867b191025f2cabeacb09a,aad5424282af6d7d,6,42
/kaggle/input/datasets/jessicamercya/satria-data-2026/BDC2026-20260708T012259Z-3-001 - Copy/BDC2026/train/1_Electronic/Microwave_210.jpg,Electronic,150,150,JPEG,RGB,1.0,False,0c6f9b94dd12dac5ba990b72d9b3b16e,ae3cd27dd1c2c143,8,1
/kaggle/input/datasets/jessicamercya/satria-data-2026/BDC2026-20260708T012259Z-3-001 - Copy/BDC2026/train/1_Electronic/Television_9.jpg,Electronic,150,150,JPEG,RGB,1.0,False,7825ccbe596257e8bc75c30c3dfdf13e,d31bbb1bb212b612,4,10
/kaggle/input/datasets/jessicamercya/satria-data-2026/BDC2026-20260708T012259Z-3-001 - Copy/BDC2026/train/1_Electronic/bennys-cracked-screen-768x1024.jpg,Electronic,768,1024,JPEG,RGB,0.75,False,9fe3a54f5b05521e46b2ff00db4e0346,f89dd6a0c3b2c698,1,9
/kaggle/input/datasets/jessicamercya/satria-data-2026/BDC2026-20260708T012259Z-3-001 - Copy/BDC2026/train/1_Electronic/543.jpeg,Electronic,864,1152,JPEG,RGB,0.75,False,c3b05a6069c737350fac6e6e0870759c,b6c2c9aac9458b3b,1,4
/kaggle/input/datasets/jessicamercya/satria-data-2026/BDC2026-20260708T012259Z-3-001 - Copy/BDC2026/train/1_Electronic/Washing_Machine_48.jpg,Electronic,150,150,JPEG,RGB,1.0,False,262ed5377f868ed7cbdf3a6a774031e6,e3ca9a94c06b9d65,3,8
/kaggle/input/datasets/jessicamercya/satria-data-2026/BDC2026-20260708T012259Z-3-001 - Copy/BDC2026/train/1_Electronic/67.pngtree-pile-of-discarded-electronic-deices-and-tangled-wires-forming-a-heap-png-image_15437632.png,Electronic,640,640,PNG,P,1.0,False,c1f3925f035acff08b4f95408f0dd332,ec86936a9b39c4e2,0,14
/kaggle/input/datasets/jessicamercya/satria-data-2026/BDC2026-20260708T012259Z-3-001 - Copy/BDC2026/train/1_Electronic/492.jpeg,Electronic,1280,720,JPEG,RGB,1.7777777777777777,False,11e0311c70b615c52309f0f52662428f,ea1598693c6c35da,1,4
/kaggle/input/datasets/jessicamercya/satria-data-2026/BDC2026-20260708T012259Z-3-001 - Copy/BDC2026/train/1_Electronic/Washing_Machine_242.jpg,Electronic,150,150,JPEG,RGB,1.0,False,e4d15ec9da2f8cac39d846194b2440ed,e1699696ce999a26,3,8
/kaggle/input/datasets/jessicamercya/satria-data-2026/BDC2026-20260708T012259Z-3-001 - Copy/BDC2026/train/1_Electronic/battery_298.jpg,Electronic,150,150,JPEG,RGB,1.0,False,22067cf81e85f10e0afae5cfe32450b2,bec0cc16b1a5e63c,14,24
/kaggle/input/datasets/jessicamercya/satria-data-2026/BDC2026-20260708T012259Z-3-001 - Copy/BDC2026/train/1_Electronic/Washing_Machine_17.jpg,Electronic,150,150,JPEG,RGB,1.0,False,9be7d3727bdea482723cc702b0cabac2,be7121e0a1cf9587,3,33
/kaggle/input/datasets/jessicamercya/satria-data-2026/BDC2026-20260708T012259Z-3-001 - Copy/BDC2026/train/1_Electronic/Keyboard_233.jpg,Electronic,150,150,JPEG,RGB,1.0,False,25ebca13e76df114b4796816e909a997,fa4cb5f28cb1c831,2,5
/kaggle/input/datasets/jessicamercya/satria-data-2026/BDC2026-20260708T012259Z-3-001 - Copy/BDC2026/train/1_Electronic/Television_275.jpg,Electronic,150,150,JPEG,RGB,1.0,False,9b3fcd197606e5bac284be2e1725bab4,8a8f743c25cbcf42,4,12
/kaggle/input/datasets/jessicamercya/satria-data-2026/BDC2026-20260708T012259Z-3-001 - Copy/BDC2026/train/1_Electronic/Microwave_146.jpg,Electronic,150,150,JPEG,RGB,1.0,False,1b80c32ce8d8ab84596c43961f72c5d6,af90906bc53e7a2a,8,1
/kaggle/input/datasets/jessicamercya/satria-data-2026/BDC2026-20260708T012259Z-3-001 - Copy/BDC2026/train/1_Electronic/Television_252.jpg,Electronic,150,150,JPEG,RGB,1.0,False,e0dca540b397a82107020b15bee258de,e83896c39ec76b18,4,10
/kaggle/input/datasets/jessicamercya/satria-data-2026/BDC2026-20260708T012259Z-3-001 - Copy/BDC2026/train/1_Electronic/pcb_296.jpg,Electronic,150,150,JPEG,RGB,1.0,False,b0d5ff291e779366dac981183d1a00bd,ba6f91c5cb968e10,7,23
/kaggle/input/datasets/jessicamercya/satria-data-2026/BDC2026-20260708T012259Z-3-001 - Copy/BDC2026/train/1_Electronic/Printer_21.jpg,Electronic,150,150,JPEG,RGB,1.0,False,578d0eaccc1833cef6010c2f7feeab5e,ef93b04fb0e8c491,2,32
/kaggle/input/datasets/jessicamercya/satria-data-2026/BDC2026-20260708T012259Z-3-001 - Copy/BDC2026/train/1_Electronic/battery_28.jpg,Electronic,150,150,JPEG,RGB,1.0,False,dcea45e497fa32b05eb4b3e065701616,aaca9f20eb32e41d,14,24
/kaggle/input/datasets/jessicamercya/satria-data-2026/BDC2026-20260708T012259Z-3-001 - Copy/BDC2026/train/1_Electronic/Microwave_149.jpg,Electronic,150,150,JPEG,RGB,1.0,False,b3b6bb743998895ed09e8f2380c31b8f,ea3595ea95c02a1f,8,1
/kaggle/input/datasets/jessicamercya/satria-data-2026/BDC2026-20260708T012259Z-3-001 - Copy/BDC2026/train/1_Electronic/59.b0cfa6d15748631cfdb17e4ee448ebd2_XL.jpg,Electronic,900,632,JPEG,RGB,1.4240506329113924,False,ca64a75dbe020c70811ca9b64733609a,fb9915a77a46211a,0,22
/kaggle/input/datasets/jessicamercya/satria-data-2026/BDC2026-20260708T012259Z-3-001 - Copy/BDC2026/train/1_Electronic/68.thrown-electronics-in-singapore.jpg,Electronic,720,540,JPEG,RGB,1.3333333333333333,False,f7d0f495d7064a5f2339ff3b8f3f1623,d67a2c570774384b,0,0
/kaggle/input/datasets/jessicamercya/satria-data-2026/BDC2026-20260708T012259Z-3-001 - Copy/BDC2026/train/1_Electronic/WhatsApp Image 2020-11-01 at 1.20.54 PM.jpeg,Electronic,1280,720,JPEG,RGB,1.7777777777777777,False,66321981f20e06ea5500ff8210fc7ae0,80d5f31e7c63c13c,15,46
/kaggle/input/datasets/jessicamercya/satria-data-2026/BDC2026-20260708T012259Z-3-001 - Copy/BDC2026/train/1_Electronic/Mouse_80.jpg,Electronic,150,150,JPEG,RGB,1.0,False,6b38cf4071c4edf2315cb618bede59ea,fac2850cd833e76a,5,26
/kaggle/input/datasets/jessicamercya/satria-data-2026/BDC2026-20260708T012259Z-3-001 - Copy/BDC2026/train/1_Electronic/315.jpeg,Electronic,581,1032,JPEG,RGB,0.562984496124031,False,f7e6db262a389228ab6873f240128128,958ac5d5f1d17462,11,31
/kaggle/input/datasets/jessicamercya/satria-data-2026/BDC2026-20260708T012259Z-3-001 - Copy/BDC2026/train/1_Electronic/pcb_289.jpg,Electronic,150,150,JPEG,RGB,1.0,False,b505e0ec90e4c4d0e87f8f83ab5c5fae,c1c0e07fed08f1e6,7,18
/kaggle/input/datasets/jessicamercya/satria-data-2026/BDC2026-20260708T012259Z-3-001 - Copy/BDC2026/train/1_Electronic/Copy of IMG_20200328_215107.jpg,Electronic,4000,3000,JPEG,RGB,1.3333333333333333,False,5a95f1b7c38758bf56c78b6684ae2bd3,bfc07966d26a4915,1,4
/kaggle/input/datasets/jessicamercya/satria-data-2026/BDC2026-20260708T012259Z-3-001 - Copy/BDC2026/train/1_Electronic/battery_15.jpg,Electronic,150,150,JPEG,RGB,1.0,False,d107f805d35897640978aca264f7d0b0,b998c73c39c99638,13,19
/kaggle/input/datasets/jessicamercya/satria-data-2026/BDC2026-20260708T012259Z-3-001 - Copy/BDC2026/train/1_Electronic/16.hq720.jpg,Electronic,1280,720,JPEG,RGB,1.7777777777777777,False,10bf611c790019a53990a658d7774c44,b5d998654a2f1656,0,22
/kaggle/input/datasets/jessicamercya/satria-data-2026/BDC2026-20260708T012259Z-3-001 - Copy/BDC2026/train/1_Electronic/pcb_76.jpg,Electronic,150,150,JPEG,RGB,1.0,False,28d82f28cca9b1c7ea0b234b629eed52,aadbd5ac8db08c8c,7,18
/kaggle/input/datasets/jessicamercya/satria-data-2026/BDC2026-20260708T012259Z-3-001 - Copy/BDC2026/train/1_Electronic/Mouse_264.jpg,Electronic,150,150,JPEG,RGB,1.0,False,eb1d42ef26ecccd591ea40583a2f2c3b,c2ef5dd52c8826a3,5,3
/kaggle/input/datasets/jessicamercya/satria-data-2026/BDC2026-20260708T012259Z-3-001 - Copy/BDC2026/train/1_Electronic/Printer_146.jpg,Electronic,150,150,JPEG,RGB,1.0,False,be2f4117117892df88ab7ac8c7a5cd77,ab83d57c2c8b2bb0,6,11
/kaggle/input/datasets/jessicamercya/satria-data-2026/BDC2026-20260708T012259Z-3-001 - Copy/BDC2026/train/1_Electronic/308.jpeg,Electronic,1032,581,JPEG,RGB,1.7762478485370052,False,df05c00b00aad46f35084fd71da0e7a9,adc5d2faa5a1c0d2,11,31
/kaggle/input/datasets/jessicamercya/satria-data-2026/BDC2026-20260708T012259Z-3-001 - Copy/BDC2026/train/1_Electronic/Microwave_56.jpg,Electronic,150,150,JPEG,RGB,1.0,False,3577b05a7bcc55664e869c981c0489e9,acd1d36e2c9132ce,2,25
/kaggle/input/datasets/jessicamercya/satria-data-2026/BDC2026-20260708T012259Z-3-001 - Copy/BDC2026/train/1_Electronic/pcb_213.jpg,Electronic,150,150,JPEG,RGB,1.0,False,13323aa2a828b98b7f9388c14568ead5,ff80857f6049853e,7,23
/kaggle/input/datasets/jessicamercya/satria-data-2026/BDC2026-20260708T012259Z-3-001 - Copy/BDC2026/train/1_Electronic/IMG_20201101_130505.jpg,Electronic,4000,3000,JPEG,RGB,1.3333333333333333,False,509ecfbc35cfe812afd03463c958fc66,93cc956ab72cd223,15,59
/kaggle/input/datasets/jessicamercya/satria-data-2026/BDC2026-20260708T012259Z-3-001 - Copy/BDC2026/train/1_Electronic/5.sddefault.jpg,Electronic,640,480,JPEG,RGB,1.3333333333333333,False,97264b127a271ae39359ddf4b89c0628,e2029c1d8d3dcdb5,4,49
/kaggle/input/datasets/jessicamercya/satria-data-2026/BDC2026-20260708T012259Z-3-001 - Copy/BDC2026/train/1_Electronic/WhatsApp Image 2020-11-01 at 1.15.29 PM.jpeg,Electronic,1280,720,JPEG,RGB,1.7777777777777777,False,9b98335529f183756ccc01656bb5787b,d7c7d96630996066,15,46
/kaggle/input/datasets/jessicamercya/satria-data-2026/BDC2026-20260708T012259Z-3-001 - Copy/BDC2026/train/1_Electronic/Mouse_4.jpg,Electronic,150,150,JPEG,RGB,1.0,False,a136bd2171efb97cf045ed8950620d93,fec0813e4bd236c5,5,3
/kaggle/input/datasets/jessicamercya/satria-data-2026/BDC2026-20260708T012259Z-3-001 - Copy/BDC2026/train/1_Electronic/Keyboard_262.jpg,Electronic,150,150,JPEG,RGB,1.0,False,52a8aced20e42496ed03032878e75db9,bfb4c44a61b1169e,2,5
/kaggle/input/datasets/jessicamercya/satria-data-2026/BDC2026-20260708T012259Z-3-001 - Copy/BDC2026/train/1_Electronic/battery_288.jpg,Electronic,150,150,JPEG,RGB,1.0,False,95dedf6ae68d0de5f86d908423639cc7,afca83c7996c5846,12,38
/kaggle/input/datasets/jessicamercya/satria-data-2026/BDC2026-20260708T012259Z-3-001 - Copy/BDC2026/train/1_Electronic/Mouse_250.jpg,Electronic,150,150,JPEG,RGB,1.0,False,e79c31550606712b5848c148e0466e4e,ea9c97636164969c,5,26
/kaggle/input/datasets/jessicamercya/satria-data-2026/BDC2026-20260708T012259Z-3-001 - Copy/BDC2026/train/1_Electronic/17.broken-laptop.jpg,Electronic,1680,840,JPEG,RGB,2.0,False,5c6d928c1ab3ca984a02f26046b7e69c,ec24931a107ebb2f,0,58
/kaggle/input/datasets/jessicamercya/satria-data-2026/BDC2026-20260708T012259Z-3-001 - Copy/BDC2026/train/1_Electronic/Washing_Machine_239.jpg,Electronic,150,150,JPEG,RGB,1.0,False,533519ec282b0a0464c5d832ae0c6625,b433cbf32ccc30cc,3,27
/kaggle/input/datasets/jessicamercya/satria-data-2026/BDC2026-20260708T012259Z-3-001 - Copy/BDC2026/train/1_Electronic/25.2021_06_10-00_08_41_b3452d0af1a06dccd6b83d404b1e303f_960x640_thumb.jpg,Electronic,960,640,JPEG,RGB,1.5,False,423f4805531da1957efde8e41b6e3e4f,f7e193cec07bc021,0,22
/kaggle/input/datasets/jessicamercya/satria-data-2026/BDC2026-20260708T012259Z-3-001 - Copy/BDC2026/train/1_Electronic/63.878436f7-cef3-4811-ba67-1ac0c2ae8920_47000465.jpg,Electronic,1200,630,JPEG,RGB,1.9047619047619047,False,f5b4d462bc68f92cb360a015d5c8b9a4,b8eeacd0a321f552,0,34
/kaggle/input/datasets/jessicamercya/satria-data-2026/BDC2026-20260708T012259Z-3-001 - Copy/BDC2026/train/1_Electronic/89348728c084feb85f92af58de0f6df7.jpg,Electronic,2227,2227,JPEG,RGB,1.0,False,15cff36ca3220a30580aa5d13d76270a,b17f87c06ed03e90,0,43
/kaggle/input/datasets/jessicamercya/satria-data-2026/BDC2026-20260708T012259Z-3-001 - Copy/BDC2026/train/1_Electronic/Mouse_146.jpg,Electronic,150,150,JPEG,RGB,1.0,False,ed9b9ed24fcebf53e7d5af96aeef18de,bae881b7ce9a841b,5,26
/kaggle/input/datasets/jessicamercya/satria-data-2026/BDC2026-20260708T012259Z-3-001 - Copy/BDC2026/train/1_Electronic/Washing_Machine_138.jpg,Electronic,150,150,JPEG,RGB,1.0,False,d8d0822d7c56a52ba0e089184ba3c803,e165ce8c93339666,3,8
"/kaggle/input/datasets/jessicamercya/satria-data-2026/BDC2026-20260708T012259Z-3-001 - Copy/BDC2026/train/1_Electronic/68.sampah-elektronik-di-guiyu,-china-kredit-theregister-xw21dw.png",Electronic,920,620,JPEG,RGB,1.4838709677419355,False,55c4f1b619bc0c24fb95769375b074a2,c0d6d995901b1f7a,0,22
/kaggle/input/datasets/jessicamercya/satria-data-2026/BDC2026-20260708T012259Z-3-001 - Copy/BDC2026/train/1_Electronic/pcb_168.jpg,Electronic,150,150,JPEG,RGB,1.0,False,c221e4c3262b334ce599074870a05e99,ba8785783a95ed06,7,23
/kaggle/input/datasets/jessicamercya/satria-data-2026/BDC2026-20260708T012259Z-3-001 - Copy/BDC2026/train/1_Electronic/807.jpeg,Electronic,864,1152,JPEG,RGB,0.75,False,eb5ae279075e37c6b1ef7433cc402e7c,b0839e6758f733c0,5,29
/kaggle/input/datasets/jessicamercya/satria-data-2026/BDC2026-20260708T012259Z-3-001 - Copy/BDC2026/train/1_Electronic/battery_125.jpg,Electronic,150,150,JPEG,RGB,1.0,False,8d748a980fccfbd5eee56d160c048e67,eb94c56b988c6393,13,19
/kaggle/input/datasets/jessicamercya/satria-data-2026/BDC2026-20260708T012259Z-3-001 - Copy/BDC2026/train/1_Electronic/74.e-waste_recycling_laptops_002.jpg,Electronic,830,468,JPEG,RGB,1.7735042735042734,False,b3846d12d167a62482b38f1c67c78e1c,fd1f31b0e8262731,0,0
/kaggle/input/datasets/jessicamercya/satria-data-2026/BDC2026-20260708T012259Z-3-001 - Copy/BDC2026/train/1_Electronic/Player_148.jpg,Electronic,150,150,JPEG,RGB,1.0,False,3d471b892509571b9ed09e7854f4dd1f,ba96c93e78830d6c,9,17
/kaggle/input/datasets/jessicamercya/satria-data-2026/BDC2026-20260708T012259Z-3-001 - Copy/BDC2026/train/1_Electronic/Player_215.jpg,Electronic,150,150,JPEG,RGB,1.0,False,7468475c5338986e8a486eb0b4bbf574,be6a9195c1c03e6b,9,50
/kaggle/input/datasets/jessicamercya/satria-data-2026/BDC2026-20260708T012259Z-3-001 - Copy/BDC2026/train/1_Electronic/534.jpeg,Electronic,648,1152,JPEG,RGB,0.5625,False,744af8de7d6b3f50ffe6a0392b7432d2,c93c62c33cda3c1b,1,4
/kaggle/input/datasets/jessicamercya/satria-data-2026/BDC2026-20260708T012259Z-3-001 - Copy/BDC2026/train/1_Electronic/battery_108.jpg,Electronic,150,150,JPEG,RGB,1.0,False,c49422ff0de442fa6a9ffe16f547f76b,ab9ade2d3a341296,12,38
/kaggle/input/datasets/jessicamercya/satria-data-2026/BDC2026-20260708T012259Z-3-001 - Copy/BDC2026/train/1_Electronic/Player_129.jpg,Electronic,150,150,JPEG,RGB,1.0,False,024b661d7192a2fb958fbe3b80839e00,ad26d2f0c2cd8b87,9,17
/kaggle/input/datasets/jessicamercya/satria-data-2026/BDC2026-20260708T012259Z-3-001 - Copy/BDC2026/train/1_Electronic/209.jpeg,Electronic,864,1152,JPEG,RGB,0.75,False,062a48f9c8194c22030b20a0945573bb,afd6402df4cad360,10,2
/kaggle/input/datasets/jessicamercya/satria-data-2026/BDC2026-20260708T012259Z-3-001 - Copy/BDC2026/train/1_Electronic/Mouse_69.jpg,Electronic,150,150,JPEG,RGB,1.0,False,198760f6bbde190f6fc46e5fd588ccc9,e38c9869a5e69cd8,5,3
/kaggle/input/datasets/jessicamercya/satria-data-2026/BDC2026-20260708T012259Z-3-001 - Copy/BDC2026/train/1_Electronic/76.e-waste-in-a-container-1-930x450.jpg,Electronic,930,450,JPEG,RGB,2.066666666666667,False,bcc80e06dcedd6c83b84e673ccf96f2a,abc2d3a49bb09696,0,0
/kaggle/input/datasets/jessicamercya/satria-data-2026/BDC2026-20260708T012259Z-3-001 - Copy/BDC2026/train/1_Electronic/battery_61.jpg,Electronic,150,150,JPEG,RGB,1.0,False,a68cc4b50c00ed5be4be7ffaf7544000,ebabd4c0ad542e2a,12,37
/kaggle/input/datasets/jessicamercya/satria-data-2026/BDC2026-20260708T012259Z-3-001 - Copy/BDC2026/train/1_Electronic/Washing_Machine_244.jpg,Electronic,150,150,JPEG,RGB,1.0,False,9d71c0551ac9ee6258c929912f55d27e,d07b69ab2d40d794,3,28
/kaggle/input/datasets/jessicamercya/satria-data-2026/BDC2026-20260708T012259Z-3-001 - Copy/BDC2026/train/1_Electronic/77.recycle-electronics-drop-off-points-min.jpg,Electronic,800,536,JPEG,RGB,1.492537313432836,False,4b82582d546d1207013b851cafe46160,d00327de43393ee9,0,34
/kaggle/input/datasets/jessicamercya/satria-data-2026/BDC2026-20260708T012259Z-3-001 - Copy/BDC2026/train/1_Electronic/Keyboard_197.jpg,Electronic,150,150,JPEG,RGB,1.0,False,dcfea81f1c4cce6283b7283fa110e287,fe4ff00fc7308530,2,5
/kaggle/input/datasets/jessicamercya/satria-data-2026/BDC2026-20260708T012259Z-3-001 - Copy/BDC2026/train/1_Electronic/Mouse_283.jpg,Electronic,150,150,JPEG,RGB,1.0,False,01937769e0217daa797a7db0f0aaadeb,e5851bda2d692356,5,36
/kaggle/input/datasets/jessicamercya/satria-data-2026/BDC2026-20260708T012259Z-3-001 - Copy/BDC2026/train/1_Electronic/Printer_286.jpg,Electronic,150,150,JPEG,RGB,1.0,False,3c04804d0ee43a7808561cc3f20e62a2,85326b3ec1e34e87,6,6
/kaggle/input/datasets/jessicamercya/satria-data-2026/BDC2026-20260708T012259Z-3-001 - Copy/BDC2026/train/1_Electronic/17.Screen-Shot-2016-08-04-at-12.32.42-PM.png,Electronic,789,530,PNG,RGB,1.4886792452830189,False,9f6020d42d752e053128622f093cec54,a570835e89d7788d,0,58
/kaggle/input/datasets/jessicamercya/satria-data-2026/BDC2026-20260708T012259Z-3-001 - Copy/BDC2026/train/1_Electronic/18.discarded-electronics-mountain-obsolete-circuit-boards-ewaste-ready-recycling-salvage-background-showcases-pile-369851638.jpg,Electronic,800,343,JPEG,RGB,2.3323615160349855,False,14bbe1ae3fb82565bf9a7cefa80247bc,80df5a3ae2d03e59,0,14
/kaggle/input/datasets/jessicamercya/satria-data-2026/BDC2026-20260708T012259Z-3-001 - Copy/BDC2026/train/1_Electronic/Keyboard_62.jpg,Electronic,150,150,JPEG,RGB,1.0,False,d68c5f04488b4bacf71478b795cae1e7,ad61dd60ce2d2995,2,13
/kaggle/input/datasets/jessicamercya/satria-data-2026/BDC2026-20260708T012259Z-3-001 - Copy/BDC2026/train/1_Electronic/pcb_111.jpg,Electronic,150,150,JPEG,RGB,1.0,False,03e9d456b279e9b780c7212868abe3df,9d15f48dd1c84ad9,7,18
/kaggle/input/datasets/jessicamercya/satria-data-2026/BDC2026-20260708T012259Z-3-001 - Copy/BDC2026/train/1_Electronic/Washing_Machine_124.jpg,Electronic,150,150,JPEG,RGB,1.0,False,1ef3ecb4333e447b89faa9c0f5991210,b8c3c33cc73ccb30,3,33
/kaggle/input/datasets/jessicamercya/satria-data-2026/BDC2026-20260708T012259Z-3-001 - Copy/BDC2026/train/1_Electronic/Mobile_244.jpg,Electronic,150,150,JPEG,RGB,1.0,False,38595161d360c303fb484c9bf7b07f13,f4bc8a1cc3c1c5cb,1,16
/kaggle/input/datasets/jessicamercya/satria-data-2026/BDC2026-20260708T012259Z-3-001 - Copy/BDC2026/train/1_Electronic/Mobile_248.jpg,Electronic,150,150,JPEG,RGB,1.0,False,f4e71423ed3c4dc8be8142cbb052e581,e19e1db337c4ccc0,2,25
/kaggle/input/datasets/jessicamercya/satria-data-2026/BDC2026-20260708T012259Z-3-001 - Copy/BDC2026/train/1_Electronic/Microwave_114.jpg,Electronic,150,150,JPEG,RGB,1.0,False,e4eab673ff03391e1e185b7f28a97f01,a9c0d637d695c9d0,8,1
/kaggle/input/datasets/jessicamercya/satria-data-2026/BDC2026-20260708T012259Z-3-001 - Copy/BDC2026/train/1_Electronic/Keyboard_139.jpg,Electronic,150,150,JPEG,RGB,1.0,False,3780586d760a50941112a5d872ad7e73,aaafd5400aad2fb2,2,5
/kaggle/input/datasets/jessicamercya/satria-data-2026/BDC2026-20260708T012259Z-3-001 - Copy/BDC2026/train/1_Electronic/Printer_4.jpg,Electronic,150,150,JPEG,RGB,1.0,False,aa255bd5da3284cab56f597f15ad7a2f,fcc3e32cc938324d,6,11
/kaggle/input/datasets/jessicamercya/satria-data-2026/BDC2026-20260708T012259Z-3-001 - Copy/BDC2026/train/1_Electronic/Mouse_204.jpg,Electronic,150,150,JPEG,RGB,1.0,False,06a6db19c03ddd1fd30022f7dcac0ee9,b8c7c2368ed8634d,2,32
/kaggle/input/datasets/jessicamercya/satria-data-2026/BDC2026-20260708T012259Z-3-001 - Copy/BDC2026/train/1_Electronic/IMG_20200329_142653.jpg,Electronic,4608,3456,JPEG,RGB,1.3333333333333333,False,af33e01547638fb5eee160eb568a39ce,9d4a8395ce1ce5ca,10,2
/kaggle/input/datasets/jessicamercya/satria-data-2026/BDC2026-20260708T012259Z-3-001 - Copy/BDC2026/train/1_Electronic/Mouse_174.jpg,Electronic,150,150,JPEG,RGB,1.0,False,ee1b49749c2e0a9d28b8ba658ca76503,ae87916862b58f36,5,3
/kaggle/input/datasets/jessicamercya/satria-data-2026/BDC2026-20260708T012259Z-3-001 - Copy/BDC2026/train/1_Electronic/Mobile_78.jpg,Electronic,150,150,JPEG,RGB,1.0,False,df554d197a6c96e837357a62a6db8cd3,c0ecb7c5b4dd442a,1,51
/kaggle/input/datasets/jessicamercya/satria-data-2026/BDC2026-20260708T012259Z-3-001 - Copy/BDC2026/train/1_Electronic/24.laptop-computer-that-has-been-260nw-488215342.jpg,Electronic,242,280,JPEG,RGB,0.8642857142857143,False,9cbcefd3b67c911c7a8fc6f6b5570dd4,b410ed4ed231ed6c,0,43
/kaggle/input/datasets/jessicamercya/satria-data-2026/BDC2026-20260708T012259Z-3-001 - Copy/BDC2026/train/1_Electronic/Mobile_271.jpg,Electronic,150,150,JPEG,RGB,1.0,False,37fdb3d2d4ea62bf55ff476b80b5f08d,c87387ca6e349b4c,1,16
/kaggle/input/datasets/jessicamercya/satria-data-2026/BDC2026-20260708T012259Z-3-001 - Copy/BDC2026/train/1_Electronic/264.jpeg,Electronic,1152,864,JPEG,RGB,1.3333333333333333,False,89bb6f500ca1af019c8bcd588e9a7a3f,cbc3263c3cda383c,10,2
/kaggle/input/datasets/jessicamercya/satria-data-2026/BDC2026-20260708T012259Z-3-001 - Copy/BDC2026/train/1_Electronic/Television_196.jpg,Electronic,150,150,JPEG,RGB,1.0,False,80d8e5680c0bd5f249e65495830823f2,aee6d1901703787e,4,15
/kaggle/input/datasets/jessicamercya/satria-data-2026/BDC2026-20260708T012259Z-3-001 - Copy/BDC2026/train/1_Electronic/301.jpeg,Electronic,864,1152,JPEG,RGB,0.75,False,5d64625319fb48dca636b8a045f155d1,c649846ab17ceee4,5,29
/kaggle/input/datasets/jessicamercya/satria-data-2026/BDC2026-20260708T012259Z-3-001 - Copy/BDC2026/train/1_Electronic/533.jpeg,Electronic,864,1152,JPEG,RGB,0.75,False,c2820dba955a268e99867e7f7bf09021,b4cfcf69e9707020,1,4
/kaggle/input/datasets/jessicamercya/satria-data-2026/BDC2026-20260708T012259Z-3-001 - Copy/BDC2026/train/1_Electronic/13.30c577a0-9219-11ef-b3c2-754b6219680e.jpg,Electronic,1200,674,JPEG,RGB,1.7804154302670623,False,990e1eea9d92a5a70aee6158cc8ea8b1,e19a87d0888fb9f2,0,22
/kaggle/input/datasets/jessicamercya/satria-data-2026/BDC2026-20260708T012259Z-3-001 - Copy/BDC2026/train/1_Electronic/18.415762_620.jpg,Electronic,620,354,JPEG,RGB,1.7514124293785311,False,3d8fbb8971fbab799f65fbd89c358667,9b9967245b91ce70,0,14
/kaggle/input/datasets/jessicamercya/satria-data-2026/BDC2026-20260708T012259Z-3-001 - Copy/BDC2026/train/1_Electronic/Keyboard_291.jpg,Electronic,150,150,JPEG,RGB,1.0,False,babb18864d34b5882f74858d84b88408,bbc5c43ae1c48a3b,2,5
/kaggle/input/datasets/jessicamercya/satria-data-2026/BDC2026-20260708T012259Z-3-001 - Copy/BDC2026/train/1_Electronic/Player_246.jpg,Electronic,150,150,JPEG,RGB,1.0,False,fb47a0e8334165b59ee14ba647cb46e4,fe2991964acb39c8,9,21
/kaggle/input/datasets/jessicamercya/satria-data-2026/BDC2026-20260708T012259Z-3-001 - Copy/BDC2026/train/1_Electronic/Mobile_229.jpg,Electronic,150,150,JPEG,RGB,1.0,False,d2a8903c517e86da10d23ef7f6d3c8df,ffeaa0e0c1c5c0c7,1,9
/kaggle/input/datasets/jessicamercya/satria-data-2026/BDC2026-20260708T012259Z-3-001 - Copy/BDC2026/train/1_Electronic/Player_117.jpg,Electronic,150,150,JPEG,RGB,1.0,False,2d9f411467cd8410fc2b38678b89f7d9,e8e5a7869ea6868a,9,45
/kaggle/input/datasets/jessicamercya/satria-data-2026/BDC2026-20260708T012259Z-3-001 - Copy/BDC2026/train/1_Electronic/Television_163.jpg,Electronic,150,150,JPEG,RGB,1.0,False,d02193260e1ba978a1e12691985f4626,dad3e187cc0d8b98,4,15
/kaggle/input/datasets/jessicamercya/satria-data-2026/BDC2026-20260708T012259Z-3-001 - Copy/BDC2026/train/1_Electronic/battery_90.jpg,Electronic,150,150,JPEG,RGB,1.0,False,4cc4c66b504d57e667261d99025d5763,e983861cca7acb35,13,19
/kaggle/input/datasets/jessicamercya/satria-data-2026/BDC2026-20260708T012259Z-3-001 - Copy/BDC2026/train/1_Electronic/battery_121.jpg,Electronic,150,150,JPEG,RGB,1.0,False,55b65b09bfc2fc2dfd27eb5b451cecae,e3289cc79d939c34,13,19
/kaggle/input/datasets/jessicamercya/satria-data-2026/BDC2026-20260708T012259Z-3-001 - Copy/BDC2026/train/1_Electronic/YzEbi9.jpg,Electronic,3264,2448,JPEG,RGB,1.3333333333333333,False,abf766efa2b392ae1f807f945d3497ce,ff83f0c4c3f0c0c3,4,49
/kaggle/input/datasets/jessicamercya/satria-data-2026/BDC2026-20260708T012259Z-3-001 - Copy/BDC2026/train/1_Electronic/7.20220410_113908-compress-scaled.jpg,Electronic,2560,1153,JPEG,RGB,2.220294882914137,False,7b9cdf43bbbf152be140632143670e00,ebce8d93036d1a92,0,0
/kaggle/input/datasets/jessicamercya/satria-data-2026/BDC2026-20260708T012259Z-3-001 - Copy/BDC2026/train/1_Electronic/WhatsApp Image 2020-11-01 at 1.25.01 PM.jpeg,Electronic,1280,720,JPEG,RGB,1.7777777777777777,False,70757061637a9f5bead6c6c6927ac031,8466629d199f1bb9,15,46
/kaggle/input/datasets/jessicamercya/satria-data-2026/BDC2026-20260708T012259Z-3-001 - Copy/BDC2026/train/1_Electronic/Printer_236.jpg,Electronic,150,150,JPEG,RGB,1.0,False,a1d18d45a8c18fcbcae6a8ecb7e49110,e993966879974c68,6,11
/kaggle/input/datasets/jessicamercya/satria-data-2026/BDC2026-20260708T012259Z-3-001 - Copy/BDC2026/train/1_Electronic/2.e-waste.jpg,Electronic,1200,675,JPEG,RGB,1.7777777777777777,False,f2c11891dc3d276b84d351deb7f46095,9a780a23b394c7dd,0,14
/kaggle/input/datasets/jessicamercya/satria-data-2026/BDC2026-20260708T012259Z-3-001 - Copy/BDC2026/train/1_Electronic/24.screenshot_2024_12_18_at_21402_pm.png,Electronic,600,334,PNG,RGB,1.7964071856287425,False,c2f794114746a98822de092e6bdf1fc6,fe64fbd226802e0b,0,0
/kaggle/input/datasets/jessicamercya/satria-data-2026/BDC2026-20260708T012259Z-3-001 - Copy/BDC2026/train/1_Electronic/Smashtop.jpg,Electronic,1600,1200,JPEG,RGB,1.3333333333333333,False,e4d307bd51c46bd7ddf8b7fc36fdfee5,ed41d03e5a33661b,0,58
/kaggle/input/datasets/jessicamercya/satria-data-2026/BDC2026-20260708T012259Z-3-001 - Copy/BDC2026/train/1_Electronic/Mouse_73.jpg,Electronic,150,150,JPEG,RGB,1.0,False,ec77d10ac2f6dafdc1ce5ffee51018f6,ea9dc4629947936c,5,26
/kaggle/input/datasets/jessicamercya/satria-data-2026/BDC2026-20260708T012259Z-3-001 - Copy/BDC2026/train/1_Electronic/Washing_Machine_75.jpg,Electronic,150,150,JPEG,RGB,1.0,False,a82b67813cc2153934b943c539a76c73,e7668c9c33339899,3,8
/kaggle/input/datasets/jessicamercya/satria-data-2026/BDC2026-20260708T012259Z-3-001 - Copy/BDC2026/train/1_Electronic/pcb_52.jpg,Electronic,150,150,JPEG,RGB,1.0,False,ac31289e0f6d58fd1c8a1542e6e8bdca,a63d9b378a2e8721,7,7
/kaggle/input/datasets/jessicamercya/satria-data-2026/BDC2026-20260708T012259Z-3-001 - Copy/BDC2026/train/1_Electronic/305.jpg,Electronic,3456,4608,JPEG,RGB,0.75,False,0b1f1173e41ec1098543875eaa9f33b4,a179c383692d6e96,11,31
/kaggle/input/datasets/jessicamercya/satria-data-2026/BDC2026-20260708T012259Z-3-001 - Copy/BDC2026/train/1_Electronic/Microwave_46.jpg,Electronic,150,150,JPEG,RGB,1.0,False,5720300be6a4b59304e6415625a0b43c,af78d183f0879607,8,1
/kaggle/input/datasets/jessicamercya/satria-data-2026/BDC2026-20260708T012259Z-3-001 - Copy/BDC2026/train/1_Electronic/268.jpeg,Electronic,1152,864,JPEG,RGB,1.3333333333333333,False,f30235fbcdefc9556f73ea082283911c,e0e067d3803175bf,10,2
/kaggle/input/datasets/jessicamercya/satria-data-2026/BDC2026-20260708T012259Z-3-001 - Copy/BDC2026/train/1_Electronic/pcb_142.jpg,Electronic,150,150,JPEG,RGB,1.0,False,be1afbcc4d1155f4b48834f5d1884f38,cf611f97b11ab032,7,18
/kaggle/input/datasets/jessicamercya/satria-data-2026/BDC2026-20260708T012259Z-3-001 - Copy/BDC2026/train/1_Electronic/Washing_Machine_240.jpg,Electronic,150,150,JPEG,RGB,1.0,False,55d579c16910c0e76747848257b63a3f,e56730d6329a9a9a,3,35
/kaggle/input/datasets/jessicamercya/satria-data-2026/BDC2026-20260708T012259Z-3-001 - Copy/BDC2026/train/1_Electronic/Washing_Machine_119.jpg,Electronic,150,150,JPEG,RGB,1.0,False,e73220907b28159a226465063aead070,eb62d49de3c20c8d,3,8
/kaggle/input/datasets/jessicamercya/satria-data-2026/BDC2026-20260708T012259Z-3-001 - Copy/BDC2026/train/1_Electronic/72.laptop-base-scrsp-500x500.jpg,Electronic,500,313,JPEG,RGB,1.597444089456869,False,8f946cadb38014e01014d48fc802e5b2,95da48ea45ed58c5,0,30
/kaggle/input/datasets/jessicamercya/satria-data-2026/BDC2026-20260708T012259Z-3-001 - Copy/BDC2026/train/1_Electronic/Television_143.jpg,Electronic,150,150,JPEG,RGB,1.0,False,28348bc7b490899d3a3e9f4836173213,c17bbf389c35c182,4,15
/kaggle/input/datasets/jessicamercya/satria-data-2026/BDC2026-20260708T012259Z-3-001 - Copy/BDC2026/train/1_Electronic/Washing_Machine_135.jpg,Electronic,150,150,JPEG,RGB,1.0,False,ecd6b307129e93ed291adedd81a4e891,bccbc3c49624cb3c,3,33
/kaggle/input/datasets/jessicamercya/satria-data-2026/BDC2026-20260708T012259Z-3-001 - Copy/BDC2026/train/1_Electronic/Mobile_57.jpg,Electronic,150,150,JPEG,RGB,1.0,False,e16db831fc5f09bb5a4f14d42ebbeb51,bfc941762136493e,1,16
/kaggle/input/datasets/jessicamercya/satria-data-2026/BDC2026-20260708T012259Z-3-001 - Copy/BDC2026/train/1_Electronic/Printer_65.jpg,Electronic,150,150,JPEG,RGB,1.0,False,4d8d16bf3fd959b13c6b8b4b339d72de,ed9af4651ae4c132,6,11
/kaggle/input/datasets/jessicamercya/satria-data-2026/BDC2026-20260708T012259Z-3-001 - Copy/BDC2026/train/1_Electronic/68.electronic10.jpg,Electronic,1600,1200,JPEG,RGB,1.3333333333333333,False,5f317a4b5409baf0be6dd88f26fa1790,97a16dd31525e272,0,54
/kaggle/input/datasets/jessicamercya/satria-data-2026/BDC2026-20260708T012259Z-3-001 - Copy/BDC2026/train/1_Electronic/11.bad-day-1490652.jpg,Electronic,1383,1080,JPEG,RGB,1.2805555555555554,False,8b04053b5e61ff42bb7859e33877fe15,f1674796cc18cd83,0,39
/kaggle/input/datasets/jessicamercya/satria-data-2026/BDC2026-20260708T012259Z-3-001 - Copy/BDC2026/train/1_Electronic/battery_202.jpg,Electronic,150,150,JPEG,RGB,1.0,False,14fe4a923f5fa8e30e497d707bade609,b424cbd3342ccfc3,14,24
/kaggle/input/datasets/jessicamercya/satria-data-2026/BDC2026-20260708T012259Z-3-001 - Copy/BDC2026/train/1_Electronic/Washing_Machine_226.jpg,Electronic,150,150,JPEG,RGB,1.0,False,8da88ad6bc7463b292fc93dfe224d6d9,bc636539611bc393,3,35
/kaggle/input/datasets/jessicamercya/satria-data-2026/BDC2026-20260708T012259Z-3-001 - Copy/BDC2026/train/1_Electronic/pcb_66.jpg,Electronic,150,150,JPEG,RGB,1.0,False,06f3da305984f3b60e54a475d66a7ecd,e38bc69419e66595,7,7
/kaggle/input/datasets/jessicamercya/satria-data-2026/BDC2026-20260708T012259Z-3-001 - Copy/BDC2026/train/1_Electronic/Keyboard_103.jpg,Electronic,150,150,JPEG,RGB,1.0,False,83b0a3c2028b3bf0c6e63608aee0151e,aa6ad595346acaa9,2,5
/kaggle/input/datasets/jessicamercya/satria-data-2026/BDC2026-20260708T012259Z-3-001 - Copy/BDC2026/train/1_Electronic/Keyboard_161.jpg,Electronic,150,150,JPEG,RGB,1.0,False,c78d2ba5bc3cb3c75658401714351cf2,95ea6a15b5ef8142,2,5
/kaggle/input/datasets/jessicamercya/satria-data-2026/BDC2026-20260708T012259Z-3-001 - Copy/BDC2026/train/1_Electronic/Printer_31.jpg,Electronic,150,150,JPEG,RGB,1.0,False,18c572541e1e553a6565851cb8146cc7,9354c12ad6613d7b,6,6
/kaggle/input/datasets/jessicamercya/satria-data-2026/BDC2026-20260708T012259Z-3-001 - Copy/BDC2026/train/1_Electronic/Player_128.jpg,Electronic,150,150,JPEG,RGB,1.0,False,03715456b03136bcc41c7302ee8caa1d,ea6e98b0959995e2,9,45
/kaggle/input/datasets/jessicamercya/satria-data-2026/BDC2026-20260708T012259Z-3-001 - Copy/BDC2026/train/1_Electronic/16.service_mesin_cuci_1713406018_e8a1895a_progressive.jpg,Electronic,813,1024,JPEG,RGB,0.7939453125,False,f646df08f5d84d4b584e6a1ba4c98edb,86c2dcf36d8476a1,3,28
/kaggle/input/datasets/jessicamercya/satria-data-2026/BDC2026-20260708T012259Z-3-001 - Copy/BDC2026/train/1_Electronic/67.xelectronics-disposal-1.jpg,Electronic,850,400,JPEG,RGB,2.125,False,1b7ec2aae29716183a6445f4ecbb6ee4,bb0eedca06d104ed,0,14
/kaggle/input/datasets/jessicamercya/satria-data-2026/BDC2026-20260708T012259Z-3-001 - Copy/BDC2026/train/1_Electronic/Mouse_173.jpg,Electronic,150,150,JPEG,RGB,1.0,False,bfd912c0bce4120683f7f3a553842846,ad83d23c976459e1,5,3
/kaggle/input/datasets/jessicamercya/satria-data-2026/BDC2026-20260708T012259Z-3-001 - Copy/BDC2026/train/1_Electronic/Printer_77.jpg,Electronic,150,150,JPEG,RGB,1.0,False,b3512562bd5347f2e11ef233e3fcbc1c,e99796686895919e,6,42
/kaggle/input/datasets/jessicamercya/satria-data-2026/BDC2026-20260708T012259Z-3-001 - Copy/BDC2026/train/1_Electronic/IMG-20200328-WA0048(1).jpg,Electronic,640,1280,JPEG,RGB,0.5,False,7a2ae7187a7d4f3cefeb7f2450a78eb8,abd4d029d175b0f1,1,4
/kaggle/input/datasets/jessicamercya/satria-data-2026/BDC2026-20260708T012259Z-3-001 - Copy/BDC2026/train/1_Electronic/502.jpeg,Electronic,1280,720,JPEG,RGB,1.7777777777777777,False,0551a8933dca730a4081df17be9851d8,cc93832cda136cf3,1,4
/kaggle/input/datasets/jessicamercya/satria-data-2026/BDC2026-20260708T012259Z-3-001 - Copy/BDC2026/train/1_Electronic/Copy of IMG_20200328_222105.jpg,Electronic,8000,6000,JPEG,RGB,1.3333333333333333,False,de50045517824c0f13608bd3c7cb0c3d,ea6ad58504152e7f,1,4
/kaggle/input/datasets/jessicamercya/satria-data-2026/BDC2026-20260708T012259Z-3-001 - Copy/BDC2026/train/1_Electronic/IMG-20200328-WA0046.jpg,Electronic,640,1280,JPEG,RGB,0.5,False,20af3e8ae0761d805567bbb4f94ce9d7,f8fc85c207d52b43,1,51
/kaggle/input/datasets/jessicamercya/satria-data-2026/BDC2026-20260708T012259Z-3-001 - Copy/BDC2026/train/1_Electronic/Printer_73.jpg,Electronic,150,150,JPEG,RGB,1.0,False,6a33f30cac1262ba125827fcc9ee7e6c,d18e6c5d68c3c59a,6,6
/kaggle/input/datasets/jessicamercya/satria-data-2026/BDC2026-20260708T012259Z-3-001 - Copy/BDC2026/train/1_Electronic/Television_173.jpg,Electronic,150,150,JPEG,RGB,1.0,False,f1f6e8eb6b26097544f865ddeb81bcbf,ca16bc6be92e90b1,4,15
/kaggle/input/datasets/jessicamercya/satria-data-2026/BDC2026-20260708T012259Z-3-001 - Copy/BDC2026/train/1_Electronic/battery_268.jpg,Electronic,150,150,JPEG,RGB,1.0,False,bc8cf9298bb5fa3e8220c020a2eb6ed3,bfc0c03f2ac0d0bf,14,24
/kaggle/input/datasets/jessicamercya/satria-data-2026/BDC2026-20260708T012259Z-3-001 - Copy/BDC2026/train/1_Electronic/210.jpg,Electronic,4160,3120,JPEG,RGB,1.3333333333333333,False,855056a4d155fdd47c63d93670b0c17c,fe35e0f0f3c38141,10,2
/kaggle/input/datasets/jessicamercya/satria-data-2026/BDC2026-20260708T012259Z-3-001 - Copy/BDC2026/train/1_Electronic/Printer_98.jpg,Electronic,150,150,JPEG,RGB,1.0,False,e32c97dbd4f3b21ef22f88fb8fd844fa,c0293ed63c7d69c1,6,53
/kaggle/input/datasets/jessicamercya/satria-data-2026/BDC2026-20260708T012259Z-3-001 - Copy/BDC2026/train/1_Electronic/Washing_Machine_8.jpg,Electronic,150,150,JPEG,RGB,1.0,False,650098fb5c2d8ab2cbb346376c8f7e48,c27169cb699a6996,3,35
/kaggle/input/datasets/jessicamercya/satria-data-2026/BDC2026-20260708T012259Z-3-001 - Copy/BDC2026/train/1_Electronic/20.Sampah_Elektronik_1.jpg,Electronic,1000,563,JPEG,RGB,1.7761989342806395,False,625970aa2e6821663923255675afcb66,a7ac98c967b1bc0a,0,14
/kaggle/input/datasets/jessicamercya/satria-data-2026/BDC2026-20260708T012259Z-3-001 - Copy/BDC2026/train/1_Electronic/Microwave_28.jpg,Electronic,150,150,JPEG,RGB,1.0,False,ea4f43765b9f6035f625269b2b546d45,958038be409fcf76,8,20
/kaggle/input/datasets/jessicamercya/satria-data-2026/BDC2026-20260708T012259Z-3-001 - Copy/BDC2026/train/1_Electronic/Microwave_48.jpg,Electronic,150,150,JPEG,RGB,1.0,False,7be1fb38fc6db4d805ff642abea650d5,bc24c39b3c64cb99,8,1
/kaggle/input/datasets/jessicamercya/satria-data-2026/BDC2026-20260708T012259Z-3-001 - Copy/BDC2026/train/1_Electronic/Mobile_267.jpg,Electronic,150,150,JPEG,RGB,1.0,False,b708609c9b327f515e054ad184cf8ed0,e035c6b8c290c7df,1,16
/kaggle/input/datasets/jessicamercya/satria-data-2026/BDC2026-20260708T012259Z-3-001 - Copy/BDC2026/train/1_Electronic/IMG-20200328-WA0043.jpg,Electronic,640,1280,JPEG,RGB,0.5,False,c28fac8aad41157210dd4fffddf02a66,83dfbce0d01fc0e4,5,29
/kaggle/input/datasets/jessicamercya/satria-data-2026/BDC2026-20260708T012259Z-3-001 - Copy/BDC2026/train/1_Electronic/pcb_264.jpg,Electronic,150,150,JPEG,RGB,1.0,False,0c585fec9395f478a901806ff40d5cd6,9bc084f8eb3c3b0e,7,7
/kaggle/input/datasets/jessicamercya/satria-data-2026/BDC2026-20260708T012259Z-3-001 - Copy/BDC2026/train/1_Electronic/Mouse_297.jpg,Electronic,150,150,JPEG,RGB,1.0,False,f42ac68808b9b7c79418b763fd191b3c,a1e71e9669a965a4,5,36
/kaggle/input/datasets/jessicamercya/satria-data-2026/BDC2026-20260708T012259Z-3-001 - Copy/BDC2026/train/1_Electronic/asdgghjghjghjgftyhjhjh.jpg,Electronic,260,194,JPEG,RGB,1.3402061855670102,False,5bfa89baac475e32c59e5ccdc6a4806b,d1fdc8009fae486b,0,0
/kaggle/input/datasets/jessicamercya/satria-data-2026/BDC2026-20260708T012259Z-3-001 - Copy/BDC2026/train/1_Electronic/Printer_2.jpg,Electronic,150,150,JPEG,RGB,1.0,False,d8e20959c26c2e43dd608054fe695b64,d1f2158d4e0d4bd5,6,6
/kaggle/input/datasets/jessicamercya/satria-data-2026/BDC2026-20260708T012259Z-3-001 - Copy/BDC2026/train/1_Electronic/Keyboard_140.jpg,Electronic,150,150,JPEG,RGB,1.0,False,e32ca632f8d8b280d45f1c61e643ca2a,aad56920f4e76525,2,5
/kaggle/input/datasets/jessicamercya/satria-data-2026/BDC2026-20260708T012259Z-3-001 - Copy/BDC2026/train/1_Electronic/Washing_Machine_258.jpg,Electronic,150,150,JPEG,RGB,1.0,False,f210ce7e4b803126325c7aa6491d186c,abc43a3cc13bd495,3,33
/kaggle/input/datasets/jessicamercya/satria-data-2026/BDC2026-20260708T012259Z-3-001 - Copy/BDC2026/train/1_Electronic/Mouse_252.jpg,Electronic,150,150,JPEG,RGB,1.0,False,54bcbf617a868eb271caf63e482fbcc8,ea4891b59b36cc59,5,26
/kaggle/input/datasets/jessicamercya/satria-data-2026/BDC2026-20260708T012259Z-3-001 - Copy/BDC2026/train/1_Electronic/Washing_Machine_60.jpg,Electronic,150,150,JPEG,RGB,1.0,False,caac2606b43c03ebc4757069b494378a,e9ce943193269ccd,3,27
/kaggle/input/datasets/jessicamercya/satria-data-2026/BDC2026-20260708T012259Z-3-001 - Copy/BDC2026/train/1_Electronic/72.190617-3875-RAM-Riegel_Arbeitsspeicher_web.jpg,Electronic,1000,640,JPEG,RGB,1.5625,False,b01bd27e1bab4457aeede8fff7291bb1,917836ee660c4f1b,0,34
/kaggle/input/datasets/jessicamercya/satria-data-2026/BDC2026-20260708T012259Z-3-001 - Copy/BDC2026/train/1_Electronic/Microwave_49.jpg,Electronic,150,150,JPEG,RGB,1.0,False,89cfd1d1015b60b68edac405cba223cc,d5ad2ac02a932f97,8,20
/kaggle/input/datasets/jessicamercya/satria-data-2026/BDC2026-20260708T012259Z-3-001 - Copy/BDC2026/train/1_Electronic/Printer_30.jpg,Electronic,150,150,JPEG,RGB,1.0,False,3971087b7271f5d6002c565482d9a2ad,fac79871cc32d298,6,11
/kaggle/input/datasets/jessicamercya/satria-data-2026/BDC2026-20260708T012259Z-3-001 - Copy/BDC2026/train/1_Electronic/Printer_194.jpg,Electronic,150,150,JPEG,RGB,1.0,False,1a9683dfbebe2636c126cb2349dddad1,ef5a903691859ec3,6,11
/kaggle/input/datasets/jessicamercya/satria-data-2026/BDC2026-20260708T012259Z-3-001 - Copy/BDC2026/train/1_Electronic/Printer_49.jpg,Electronic,150,150,JPEG,RGB,1.0,False,1756562c260d2b7cb256903566cb4c6c,c05c6eb637c32be0,6,6
/kaggle/input/datasets/jessicamercya/satria-data-2026/BDC2026-20260708T012259Z-3-001 - Copy/BDC2026/train/1_Electronic/Keyboard_167.jpg,Electronic,150,150,JPEG,RGB,1.0,False,e30666f3ee2f0584073d80918ececbe8,fb52d34363358f80,2,5
/kaggle/input/datasets/jessicamercya/satria-data-2026/BDC2026-20260708T012259Z-3-001 - Copy/BDC2026/train/1_Electronic/Washing_Machine_19.jpg,Electronic,150,150,JPEG,RGB,1.0,False,0c639b8d569c13d3fe3c99b87128f2ad,b62c999966669993,3,8
/kaggle/input/datasets/jessicamercya/satria-data-2026/BDC2026-20260708T012259Z-3-001 - Copy/BDC2026/train/1_Electronic/Mouse_259.jpg,Electronic,150,150,JPEG,RGB,1.0,False,3b7df2f0a10f6bea703a4580c94d7c7d,a9d2966d3cb46133,5,3
/kaggle/input/datasets/jessicamercya/satria-data-2026/BDC2026-20260708T012259Z-3-001 - Copy/BDC2026/train/1_Electronic/Keyboard_106.jpg,Electronic,150,150,JPEG,RGB,1.0,False,a8d03f9e3833d8d834992440daf630da,a63630f0bd1f9c0e,2,13
/kaggle/input/datasets/jessicamercya/satria-data-2026/BDC2026-20260708T012259Z-3-001 - Copy/BDC2026/train/1_Electronic/35.barang-bekas-elektronik.jpg,Electronic,1000,1000,JPEG,RGB,1.0,False,aa44ae34749bb0fc40ddbc3db91af8c9,f7d4108ee8d083f3,0,0
/kaggle/input/datasets/jessicamercya/satria-data-2026/BDC2026-20260708T012259Z-3-001 - Copy/BDC2026/train/1_Electronic/Mouse_293.jpg,Electronic,150,150,JPEG,RGB,1.0,False,d190e9b658d400fff9ccd63e6f769f8b,e6659299ccd9906d,5,36
/kaggle/input/datasets/jessicamercya/satria-data-2026/BDC2026-20260708T012259Z-3-001 - Copy/BDC2026/train/1_Electronic/Washing_Machine_74.jpg,Electronic,150,150,JPEG,RGB,1.0,False,9bc2087b606b2fd3531496ca49e85054,e86987c596969a96,3,33
/kaggle/input/datasets/jessicamercya/satria-data-2026/BDC2026-20260708T012259Z-3-001 - Copy/BDC2026/train/1_Electronic/pcb_274.jpg,Electronic,150,150,JPEG,RGB,1.0,False,b3ab051a3caacab36e0b84047e56fda4,ec39337c1cc8c0fc,7,18
/kaggle/input/datasets/jessicamercya/satria-data-2026/BDC2026-20260708T012259Z-3-001 - Copy/BDC2026/train/1_Electronic/Player_44.jpg,Electronic,150,150,JPEG,RGB,1.0,False,212d5ce735f5fe6c6fc2d8d1e6c5312a,eb2b9c78908d03b7,9,48
/kaggle/input/datasets/jessicamercya/satria-data-2026/BDC2026-20260708T012259Z-3-001 - Copy/BDC2026/train/1_Electronic/Television_218.jpg,Electronic,150,150,JPEG,RGB,1.0,False,2749f927f21c8cafcf884d29790186d3,ea4aa51bb582b993,4,10
/kaggle/input/datasets/jessicamercya/satria-data-2026/BDC2026-20260708T012259Z-3-001 - Copy/BDC2026/train/1_Electronic/3.galaxys5reviewpocketnow-1000x466.jpg,Electronic,1000,466,JPEG,RGB,2.1459227467811157,False,79fdf31f6050c53cbd7df897f55fc5cf,c3c7c9866cfa3419,1,4
/kaggle/input/datasets/jessicamercya/satria-data-2026/BDC2026-20260708T012259Z-3-001 - Copy/BDC2026/train/1_Electronic/Printer_217.jpg,Electronic,150,150,JPEG,RGB,1.0,False,41868ee3eccdff1733abad534c277e3c,bfc1f47ac0944387,6,11
/kaggle/input/datasets/jessicamercya/satria-data-2026/BDC2026-20260708T012259Z-3-001 - Copy/BDC2026/train/1_Electronic/Keyboard_70.jpg,Electronic,150,150,JPEG,RGB,1.0,False,5f8986ad6dbf6661e7bf5c62975ccd96,c08c8f1e1f9e3e1c,2,13
/kaggle/input/datasets/jessicamercya/satria-data-2026/BDC2026-20260708T012259Z-3-001 - Copy/BDC2026/train/1_Electronic/310.jpeg,Electronic,1032,581,JPEG,RGB,1.7762478485370052,False,f690df81da728e2706cd0bcac2115f82,ae60d7b032f69037,11,31
/kaggle/input/datasets/jessicamercya/satria-data-2026/BDC2026-20260708T012259Z-3-001 - Copy/BDC2026/train/1_Electronic/Television_12.jpg,Electronic,150,150,JPEG,RGB,1.0,False,8c065b5924af7ddfdb68058bf99575b9,d0d0636bc56385cf,4,15
/kaggle/input/datasets/jessicamercya/satria-data-2026/BDC2026-20260708T012259Z-3-001 - Copy/BDC2026/train/1_Electronic/Printer_280.jpg,Electronic,150,150,JPEG,RGB,1.0,False,2095da48cdd98ea773a8e8ccc74582a3,b8c8c513da36c6d9,6,11
/kaggle/input/datasets/jessicamercya/satria-data-2026/BDC2026-20260708T012259Z-3-001 - Copy/BDC2026/train/1_Electronic/Printer_109.jpg,Electronic,150,150,JPEG,RGB,1.0,False,8d2da92297062d5feb712fa0d9aa7d6c,bb2be0ebd1908794,6,6
/kaggle/input/datasets/jessicamercya/satria-data-2026/BDC2026-20260708T012259Z-3-001 - Copy/BDC2026/train/1_Electronic/Mouse_160.jpg,Electronic,150,150,JPEG,RGB,1.0,False,2cc2b59d4ff53457c1900ee9b02d0db0,e96996b66c494936,2,40
/kaggle/input/datasets/jessicamercya/satria-data-2026/BDC2026-20260708T012259Z-3-001 - Copy/BDC2026/train/1_Electronic/Printer_207.jpg,Electronic,150,150,JPEG,RGB,1.0,False,a9ef9d5cb3773a70ec70da739438db51,ba979568c16b87b0,6,11
/kaggle/input/datasets/jessicamercya/satria-data-2026/BDC2026-20260708T012259Z-3-001 - Copy/BDC2026/train/1_Electronic/151.jpeg,Electronic,1152,864,JPEG,RGB,1.3333333333333333,False,0154da1afa608e325926400aaf5daff2,85ca797c6e3d2834,10,2
/kaggle/input/datasets/jessicamercya/satria-data-2026/BDC2026-20260708T012259Z-3-001 - Copy/BDC2026/train/1_Electronic/63.piles-discarded-electronic-waste-recycled-laptop-parts-gathered-sustainable-reuse-recycling-process-concept-environmental-crisis-e-waste-management_73523-13964.jpg,Electronic,626,351,JPEG,RGB,1.7834757834757835,False,9901e3826053136397b5c46ed735a039,afdb4e24009bf0f2,0,0
/kaggle/input/datasets/jessicamercya/satria-data-2026/BDC2026-20260708T012259Z-3-001 - Copy/BDC2026/train/1_Electronic/Keyboard_263.jpg,Electronic,150,150,JPEG,RGB,1.0,False,ac20bbfb9bf237ce5e12985d5a4cf1e2,ae64d1894f963a69,2,5
/kaggle/input/datasets/jessicamercya/satria-data-2026/BDC2026-20260708T012259Z-3-001 - Copy/BDC2026/train/1_Electronic/Microwave_264.jpg,Electronic,150,150,JPEG,RGB,1.0,False,695970ec7893252d65ef8aabc00b2aef,e1cc473ab3d82663,8,20
/kaggle/input/datasets/jessicamercya/satria-data-2026/BDC2026-20260708T012259Z-3-001 - Copy/BDC2026/train/1_Electronic/8.integrated-circuit-scrap-2219584681-25l4g2bt.jpg,Electronic,480,639,JPEG,RGB,0.7511737089201878,False,71a95b842a6d94496deda070f954a455,99256eacaeb3c461,0,30
/kaggle/input/datasets/jessicamercya/satria-data-2026/BDC2026-20260708T012259Z-3-001 - Copy/BDC2026/train/1_Electronic/Washing_Machine_113.jpg,Electronic,150,150,JPEG,RGB,1.0,False,81b58c39bd484efd59b2f5b26cb02682,eac23946996dc26d,3,33
/kaggle/input/datasets/jessicamercya/satria-data-2026/BDC2026-20260708T012259Z-3-001 - Copy/BDC2026/train/1_Electronic/maxresdefault (1).jpg,Electronic,1280,720,JPEG,RGB,1.7777777777777777,False,eb88772901713cd46bf5b8b2525ec89b,f8c0e951a9d46e93,0,43
/kaggle/input/datasets/jessicamercya/satria-data-2026/BDC2026-20260708T012259Z-3-001 - Copy/BDC2026/train/1_Electronic/10.kondem1684770266.jpeg,Electronic,640,480,JPEG,RGB,1.3333333333333333,False,89bd3c9ec6f5ec7a26726e0fd448859c,ad2bd6d0b1d19709,10,2
/kaggle/input/datasets/jessicamercya/satria-data-2026/BDC2026-20260708T012259Z-3-001 - Copy/BDC2026/train/1_Electronic/pcb_29.jpg,Electronic,150,150,JPEG,RGB,1.0,False,3816dc1064a60ddbf6f93a1bcb0e9d8f,b220f0e3f81e6f07,7,7
/kaggle/input/datasets/jessicamercya/satria-data-2026/BDC2026-20260708T012259Z-3-001 - Copy/BDC2026/train/1_Electronic/Washing_Machine_44.jpg,Electronic,150,150,JPEG,RGB,1.0,False,88a8b8e011bfd9bd91f40b6c42777ec4,e524c6cb983b939a,3,35
/kaggle/input/datasets/jessicamercya/satria-data-2026/BDC2026-20260708T012259Z-3-001 - Copy/BDC2026/train/1_Electronic/1-theworldprod.jpg,Electronic,768,480,JPEG,RGB,1.6,False,fd19bd873b7c44904942b5584d84013c,91964e9e92c63ba9,0,14
/kaggle/input/datasets/jessicamercya/satria-data-2026/BDC2026-20260708T012259Z-3-001 - Copy/BDC2026/train/1_Electronic/Keyboard_194.jpg,Electronic,150,150,JPEG,RGB,1.0,False,6c1288b15aa611716212a27d90aa2da1,abc4960b3db5621e,2,13
/kaggle/input/datasets/jessicamercya/satria-data-2026/BDC2026-20260708T012259Z-3-001 - Copy/BDC2026/train/1_Electronic/pcb_143.jpg,Electronic,150,150,JPEG,RGB,1.0,False,18967b1395ee384666edae47adea1efc,be87d5f0d00fc078,7,7
/kaggle/input/datasets/jessicamercya/satria-data-2026/BDC2026-20260708T012259Z-3-001 - Copy/BDC2026/train/1_Electronic/19.pile-of-discarded-laptops-tablets-and-keyboards-e-waste-recycling-concept-photo.jpg,Electronic,1749,980,JPEG,RGB,1.7846938775510204,False,8b376b54e4d69f6ddadadaae88265dbb,ca862793c92cb2bb,0,14
/kaggle/input/datasets/jessicamercya/satria-data-2026/BDC2026-20260708T012259Z-3-001 - Copy/BDC2026/train/1_Electronic/Player_94.jpg,Electronic,150,150,JPEG,RGB,1.0,False,eb74a86e726abc6f4437465e779f0aae,aef9a892a19ad962,9,45
/kaggle/input/datasets/jessicamercya/satria-data-2026/BDC2026-20260708T012259Z-3-001 - Copy/BDC2026/train/1_Electronic/550.jpg,Electronic,2340,4160,JPEG,RGB,0.5625,False,242b1414bf48f4d2118b5d35a714e264,bd68c01edac96db0,1,4
/kaggle/input/datasets/jessicamercya/satria-data-2026/BDC2026-20260708T012259Z-3-001 - Copy/BDC2026/train/1_Electronic/Player_138.jpg,Electronic,150,150,JPEG,RGB,1.0,False,3018bedfb6c11a016a213638a176aa2e,b04f99b4ce998e4c,9,17
/kaggle/input/datasets/jessicamercya/satria-data-2026/BDC2026-20260708T012259Z-3-001 - Copy/BDC2026/train/1_Electronic/65.il_300x300.8035950339_6ubo.jpg,Electronic,300,300,JPEG,RGB,1.0,False,e91d0c1c9644aecbecd6787a5c46733b,b9fcbc06c602a6b5,0,30
/kaggle/input/datasets/jessicamercya/satria-data-2026/BDC2026-20260708T012259Z-3-001 - Copy/BDC2026/train/1_Electronic/Keyboard_132.jpg,Electronic,150,150,JPEG,RGB,1.0,False,f8d758850e2876388a029701a13664e0,af4001be3fe0d81f,2,13
/kaggle/input/datasets/jessicamercya/satria-data-2026/BDC2026-20260708T012259Z-3-001 - Copy/BDC2026/train/1_Electronic/Mouse_131.jpg,Electronic,150,150,JPEG,RGB,1.0,False,fce32dbd5a1c88de99cbd7a8d4b5b3a3,bb6281a7cc97a499,5,26
/kaggle/input/datasets/jessicamercya/satria-data-2026/BDC2026-20260708T012259Z-3-001 - Copy/BDC2026/train/1_Electronic/Printer_3.jpg,Electronic,150,150,JPEG,RGB,1.0,False,76e5a2e2049b910780d54995623cde12,beccc13ee039c5a4,6,11
/kaggle/input/datasets/jessicamercya/satria-data-2026/BDC2026-20260708T012259Z-3-001 - Copy/BDC2026/train/1_Electronic/Washing_Machine_97.jpg,Electronic,150,150,JPEG,RGB,1.0,False,102e834f80c68859309ba710f19e1517,e764cc8c339b9a92,3,8
/kaggle/input/datasets/jessicamercya/satria-data-2026/BDC2026-20260708T012259Z-3-001 - Copy/BDC2026/train/1_Electronic/Washing_Machine_206.jpg,Electronic,150,150,JPEG,RGB,1.0,False,1b1d9ba54c7f478c1612f8c9a8283baf,e5c7ce389a389a32,2,32
/kaggle/input/datasets/jessicamercya/satria-data-2026/BDC2026-20260708T012259Z-3-001 - Copy/BDC2026/train/1_Electronic/Keyboard_4.jpg,Electronic,150,150,JPEG,RGB,1.0,False,c6d2588bc21aaea711827c3b6e4b9eda,fac4053b3f3e5980,2,5
/kaggle/input/datasets/jessicamercya/satria-data-2026/BDC2026-20260708T012259Z-3-001 - Copy/BDC2026/train/1_Electronic/10.jpeg,Electronic,1032,581,JPEG,RGB,1.7762478485370052,False,db92c8ea074a6d37b52f899f583045bb,8137c20af8daded4,11,31
/kaggle/input/datasets/jessicamercya/satria-data-2026/BDC2026-20260708T012259Z-3-001 - Copy/BDC2026/train/1_Electronic/Microwave_273.jpg,Electronic,150,150,JPEG,RGB,1.0,False,92481e3b93741a3f8749b65e027557de,cb95cdc0c4363637,8,1
/kaggle/input/datasets/jessicamercya/satria-data-2026/BDC2026-20260708T012259Z-3-001 - Copy/BDC2026/train/1_Electronic/Printer_78.jpg,Electronic,150,150,JPEG,RGB,1.0,False,0cb88875ed722fbeab2684fc614af643,ebe5a9739910c22e,6,42
/kaggle/input/datasets/jessicamercya/satria-data-2026/BDC2026-20260708T012259Z-3-001 - Copy/BDC2026/train/1_Electronic/Mobile_228.jpg,Electronic,150,150,JPEG,RGB,1.0,False,01dd0f3eb2b6b1b389cec3415f56953c,ea1e95e09e8d6896,1,9
/kaggle/input/datasets/jessicamercya/satria-data-2026/BDC2026-20260708T012259Z-3-001 - Copy/BDC2026/train/1_Electronic/5.card-img-4.jpg,Electronic,600,300,JPEG,RGB,2.0,False,ab50852d4da4265d9f34a317d108c71c,fb61d3f47810415e,0,0
/kaggle/input/datasets/jessicamercya/satria-data-2026/BDC2026-20260708T012259Z-3-001 - Copy/BDC2026/train/1_Electronic/15.ewaste-Michigan-televisionsimage-recpbdfApJMjZuRuq-1.jpg,Electronic,1920,1094,JPEG,RGB,1.7550274223034734,False,7ae82833b3f281db337c0c26f8aab032,849ae996f589c6b1,0,0
/kaggle/input/datasets/jessicamercya/satria-data-2026/BDC2026-20260708T012259Z-3-001 - Copy/BDC2026/train/1_Electronic/63.Optical-Drive-PCB-Scrap-580-930x620.jpg,Electronic,930,620,JPEG,RGB,1.5,False,6e5c2fe5048fce52a7a7a9968e2a6797,815f3dc10a6fe4d8,0,30
/kaggle/input/datasets/jessicamercya/satria-data-2026/BDC2026-20260708T012259Z-3-001 - Copy/BDC2026/train/1_Electronic/Player_166.jpg,Electronic,150,150,JPEG,RGB,1.0,False,1db6471c01ec20efcd20beb9a372050f,ea9485ca252fdcf0,9,45
/kaggle/input/datasets/jessicamercya/satria-data-2026/BDC2026-20260708T012259Z-3-001 - Copy/BDC2026/train/1_Electronic/2.Computer-Ram-Scrap-for-Sale-Scrap-Board-Computer-Motherboard-Ceramic-Cpu-Scrap-for-Gold-Recovery-Cheap-Price.jpg,Electronic,1274,1275,JPEG,RGB,0.9992156862745099,False,cb5561abd37937be6586a9c04c9801ff,af30c0cb906d6f78,0,30
/kaggle/input/datasets/jessicamercya/satria-data-2026/BDC2026-20260708T012259Z-3-001 - Copy/BDC2026/train/1_Electronic/Washing_Machine_151.jpg,Electronic,150,150,JPEG,RGB,1.0,False,6e0837a78b29101e8b8fa8026b1b7e7c,b03833c1cfcccf26,3,33
/kaggle/input/datasets/jessicamercya/satria-data-2026/BDC2026-20260708T012259Z-3-001 - Copy/BDC2026/train/1_Electronic/230.jpeg,Electronic,1152,864,JPEG,RGB,1.3333333333333333,False,40dbddb83fd93eb3fe59fd2f7c40fd84,ed1fea2f36409065,10,2
/kaggle/input/datasets/jessicamercya/satria-data-2026/BDC2026-20260708T012259Z-3-001 - Copy/BDC2026/train/1_Electronic/Washing_Machine_232.jpg,Electronic,150,150,JPEG,RGB,1.0,False,a1dc11718b971946db9c52069db636af,f3d80c2633394ee6,3,8
/kaggle/input/datasets/jessicamercya/satria-data-2026/BDC2026-20260708T012259Z-3-001 - Copy/BDC2026/train/1_Electronic/Mouse_89.jpg,Electronic,150,150,JPEG,RGB,1.0,False,61670401742f3df3cd1d92e9df9a1722,df60306dcb32dc31,5,26
/kaggle/input/datasets/jessicamercya/satria-data-2026/BDC2026-20260708T012259Z-3-001 - Copy/BDC2026/train/1_Electronic/WhatsApp Image 2020-11-01 at 1.23.23 PM.jpeg,Electronic,1280,720,JPEG,RGB,1.7777777777777777,False,19356cfcb050dd01a7309cb30b60a0ea,eac39f1e962c81e1,15,46
/kaggle/input/datasets/jessicamercya/satria-data-2026/BDC2026-20260708T012259Z-3-001 - Copy/BDC2026/train/1_Electronic/Player_261.jpg,Electronic,150,150,JPEG,RGB,1.0,False,b75f4d843713e0085552564534b56384,f7aad43c9181159e,2,32
/kaggle/input/datasets/jessicamercya/satria-data-2026/BDC2026-20260708T012259Z-3-001 - Copy/BDC2026/train/1_Electronic/Printer_94.jpg,Electronic,150,150,JPEG,RGB,1.0,False,3b495d19c267a22a44417c6c1a09a981,e835985683cdc6d3,6,11
/kaggle/input/datasets/jessicamercya/satria-data-2026/BDC2026-20260708T012259Z-3-001 - Copy/BDC2026/train/1_Electronic/468.jpeg,Electronic,680,1280,JPEG,RGB,0.53125,False,fef2e62972817ce635c8ada8895a810d,ea3e1ccbc13585d4,1,4
/kaggle/input/datasets/jessicamercya/satria-data-2026/BDC2026-20260708T012259Z-3-001 - Copy/BDC2026/train/1_Electronic/battery_71.jpg,Electronic,150,150,JPEG,RGB,1.0,False,299bfe21d729ca0702ed5c88d6e42641,b9c7b10c587689ba,13,19
/kaggle/input/datasets/jessicamercya/satria-data-2026/BDC2026-20260708T012259Z-3-001 - Copy/BDC2026/train/1_Electronic/battery_197.jpg,Electronic,150,150,JPEG,RGB,1.0,False,115528286a8f908bd48519ccac917bc3,ee64a52592d2d98b,13,19
/kaggle/input/datasets/jessicamercya/satria-data-2026/BDC2026-20260708T012259Z-3-001 - Copy/BDC2026/train/1_Electronic/Player_273.jpg,Electronic,150,150,JPEG,RGB,1.0,False,3ec1d7d60adb000ed8d12d5e4201ee32,c58e78fb6cc02395,9,21
/kaggle/input/datasets/jessicamercya/satria-data-2026/BDC2026-20260708T012259Z-3-001 - Copy/BDC2026/train/1_Electronic/Keyboard_123.jpg,Electronic,150,150,JPEG,RGB,1.0,False,2515fc86c2a75df7dd6624bc12f67491,95d150966ae96eb2,2,13
/kaggle/input/datasets/jessicamercya/satria-data-2026/BDC2026-20260708T012259Z-3-001 - Copy/BDC2026/train/1_Electronic/Player_3.jpg,Electronic,150,150,JPEG,RGB,1.0,False,3a7052f74d546c76f6880307173a6e58,fbf18087d0686a3e,9,45
/kaggle/input/datasets/jessicamercya/satria-data-2026/BDC2026-20260708T012259Z-3-001 - Copy/BDC2026/train/1_Electronic/Keyboard_174.jpg,Electronic,150,150,JPEG,RGB,1.0,False,e2b6e1f2468bffa6dc6af54463500c38,ba72c59c6a63b434,2,5
/kaggle/input/datasets/jessicamercya/satria-data-2026/BDC2026-20260708T012259Z-3-001 - Copy/BDC2026/train/1_Electronic/Washing_Machine_12.jpg,Electronic,150,150,JPEG,RGB,1.0,False,82ae56ceb442d9828021915c68b1a810,e86d99c396389a66,3,27
/kaggle/input/datasets/jessicamercya/satria-data-2026/BDC2026-20260708T012259Z-3-001 - Copy/BDC2026/train/1_Electronic/Printer_37.jpg,Electronic,150,150,JPEG,RGB,1.0,False,cdc0e6660006b167c6f67ad5134cf9bc,814a436f7c78dad8,6,42
/kaggle/input/datasets/jessicamercya/satria-data-2026/BDC2026-20260708T012259Z-3-001 - Copy/BDC2026/train/1_Electronic/Microwave_288.jpg,Electronic,150,150,JPEG,RGB,1.0,False,7adba64ea760cb08bbba37fae6132d21,a4784f75492731b6,8,20
/kaggle/input/datasets/jessicamercya/satria-data-2026/BDC2026-20260708T012259Z-3-001 - Copy/BDC2026/train/1_Electronic/Mobile_273.jpg,Electronic,150,150,JPEG,RGB,1.0,False,0ac868210cdfc76588589081b7a7a61e,f09f8f78873130c6,1,9
/kaggle/input/datasets/jessicamercya/satria-data-2026/BDC2026-20260708T012259Z-3-001 - Copy/BDC2026/train/1_Electronic/2.b4f4de90-db8c-4a4a-a0b6-2b2cf3fac074.jpg,Electronic,250,250,JPEG,RGB,1.0,False,e4a36f30f26bf77fef0eb0fa109b8051,c881377c7637c863,11,41
/kaggle/input/datasets/jessicamercya/satria-data-2026/BDC2026-20260708T012259Z-3-001 - Copy/BDC2026/train/1_Electronic/Washing_Machine_227.jpg,Electronic,150,150,JPEG,RGB,1.0,False,08725ec90e4aaa411bcda4110c1d1c4b,a54d4f257486c7a9,3,28
/kaggle/input/datasets/jessicamercya/satria-data-2026/BDC2026-20260708T012259Z-3-001 - Copy/BDC2026/train/1_Electronic/pcb_40.jpg,Electronic,150,150,JPEG,RGB,1.0,False,9b974a0eac034fa121f1d903dde11d4c,c4575fe2cac185c6,7,7
/kaggle/input/datasets/jessicamercya/satria-data-2026/BDC2026-20260708T012259Z-3-001 - Copy/BDC2026/train/1_Electronic/Mouse_223.jpg,Electronic,150,150,JPEG,RGB,1.0,False,c1be5e1c832c8fbf2211b414f5e92923,d6294d66323b65a6,5,36
/kaggle/input/datasets/jessicamercya/satria-data-2026/BDC2026-20260708T012259Z-3-001 - Copy/BDC2026/train/1_Electronic/Keyboard_59.jpg,Electronic,150,150,JPEG,RGB,1.0,False,8cd54cde68ceecde15776063d73730b7,822afee2ea8f8e0c,2,5
/kaggle/input/datasets/jessicamercya/satria-data-2026/BDC2026-20260708T012259Z-3-001 - Copy/BDC2026/train/1_Electronic/Mobile_207.jpg,Electronic,150,150,JPEG,RGB,1.0,False,1765036439e6d81dd3028c6c7eaba919,8a6b7037f49436f0,1,16
/kaggle/input/datasets/jessicamercya/satria-data-2026/BDC2026-20260708T012259Z-3-001 - Copy/BDC2026/train/1_Electronic/83.hq720.jpg,Electronic,1280,720,JPEG,RGB,1.7777777777777777,False,4b14bf46ced36d7fbe8a18e0d6916124,c66d6c38b69538c3,0,54
/kaggle/input/datasets/jessicamercya/satria-data-2026/BDC2026-20260708T012259Z-3-001 - Copy/BDC2026/train/1_Electronic/battery_275.jpg,Electronic,150,150,JPEG,RGB,1.0,False,0f8726c6fb03535decbb44855c8e4798,bf67c09c9660ce92,12,38
/kaggle/input/datasets/jessicamercya/satria-data-2026/BDC2026-20260708T012259Z-3-001 - Copy/BDC2026/train/1_Electronic/Television_263.jpg,Electronic,150,150,JPEG,RGB,1.0,False,ef0f11506cfca4d687314336dae43ce0,cac23d533d3dc02d,4,12
/kaggle/input/datasets/jessicamercya/satria-data-2026/BDC2026-20260708T012259Z-3-001 - Copy/BDC2026/train/1_Electronic/Television_168.jpg,Electronic,150,150,JPEG,RGB,1.0,False,05a121fde5aeaa3b0c6a4b23deae36ca,c181be3f90ff81e0,4,12
/kaggle/input/datasets/jessicamercya/satria-data-2026/BDC2026-20260708T012259Z-3-001 - Copy/BDC2026/train/1_Electronic/Television_235.jpg,Electronic,150,150,JPEG,RGB,1.0,False,c7e1df024a0ec0277170188ea52a28db,ffd090d0d0c9c26f,4,15
/kaggle/input/datasets/jessicamercya/satria-data-2026/BDC2026-20260708T012259Z-3-001 - Copy/BDC2026/train/1_Electronic/6.1872049-1000xauto-komputer-konslet.jpg,Electronic,1000,991,JPEG,RGB,1.0090817356205852,False,76dcb5aee344c362847d1734e52b9016,fe4c5c9dc1701ba1,11,31
/kaggle/input/datasets/jessicamercya/satria-data-2026/BDC2026-20260708T012259Z-3-001 - Copy/BDC2026/train/1_Electronic/Television_35.jpg,Electronic,150,150,JPEG,RGB,1.0,False,eeda0ce80cb036cf9afe64fb0ace2649,b51f6b4ae01b9ca4,4,10
/kaggle/input/datasets/jessicamercya/satria-data-2026/BDC2026-20260708T012259Z-3-001 - Copy/BDC2026/train/1_Electronic/battery_292.jpg,Electronic,150,150,JPEG,RGB,1.0,False,5728b211fea4c5bd6d1f0c1e2fb54a99,e6e49b9199c664cc,12,37
/kaggle/input/datasets/jessicamercya/satria-data-2026/BDC2026-20260708T012259Z-3-001 - Copy/BDC2026/train/1_Electronic/17.motherboard-scrap-org-40950358103883243.jpg,Electronic,500,500,JPEG,RGB,1.0,False,2835d958f3ea5bcf4c63cf1b422cf142,c441b8bcbfc1e4b8,0,30
/kaggle/input/datasets/jessicamercya/satria-data-2026/BDC2026-20260708T012259Z-3-001 - Copy/BDC2026/train/1_Electronic/pcb_53.jpg,Electronic,150,150,JPEG,RGB,1.0,False,75bea649bf79ee1e67a4f11a1bc142be,ea808005953fd7ef,7,7
/kaggle/input/datasets/jessicamercya/satria-data-2026/BDC2026-20260708T012259Z-3-001 - Copy/BDC2026/train/1_Electronic/72.black-white-image-showing-large-260nw-2772833361.jpg,Electronic,458,280,JPEG,RGB,1.6357142857142857,False,80661c03f7f434bca922ccaa2b086511,d58eeb129465fa11,0,0
/kaggle/input/datasets/jessicamercya/satria-data-2026/BDC2026-20260708T012259Z-3-001 - Copy/BDC2026/train/1_Electronic/Copy of IMG_20200328_132109.jpg,Electronic,4608,3456,JPEG,RGB,1.3333333333333333,False,9d585a598008c9712e90fec297044d54,e8d59f8555746868,10,2
/kaggle/input/datasets/jessicamercya/satria-data-2026/BDC2026-20260708T012259Z-3-001 - Copy/BDC2026/train/1_Electronic/791.jpg,Electronic,4608,2176,JPEG,RGB,2.1176470588235294,False,ad32114277948787b54149aec57295d8,f043d27e9a38ed18,5,29
/kaggle/input/datasets/jessicamercya/satria-data-2026/BDC2026-20260708T012259Z-3-001 - Copy/BDC2026/train/1_Electronic/6366afaa51fef1ce31d87c9bf69b08e2.jpg,Electronic,612,612,JPEG,RGB,1.0,False,8eefffdf1d9dc3118fd52a9ff4eca84e,a0de9e4b4d9c2d1a,1,9
/kaggle/input/datasets/jessicamercya/satria-data-2026/BDC2026-20260708T012259Z-3-001 - Copy/BDC2026/train/1_Electronic/Television_156.jpg,Electronic,150,150,JPEG,RGB,1.0,False,f45ff25edf5fda993ddeaa1b022c3531,c33e7cc3c2cc3ec0,4,12
/kaggle/input/datasets/jessicamercya/satria-data-2026/BDC2026-20260708T012259Z-3-001 - Copy/BDC2026/train/1_Electronic/18.E-Waste_Landfill.jpg,Electronic,1632,1224,JPEG,RGB,1.3333333333333333,False,3d3d78b2abc93659c19c59edcd2e1698,d3efcda0bc7c2208,0,0
/kaggle/input/datasets/jessicamercya/satria-data-2026/BDC2026-20260708T012259Z-3-001 - Copy/BDC2026/train/1_Electronic/Keyboard_121.jpg,Electronic,150,150,JPEG,RGB,1.0,False,647b5fdf5370ee06f12e0f8b23319edb,9865659649d9b46b,2,25
/kaggle/input/datasets/jessicamercya/satria-data-2026/BDC2026-20260708T012259Z-3-001 - Copy/BDC2026/train/1_Electronic/Mouse_103.jpg,Electronic,150,150,JPEG,RGB,1.0,False,3e5496c9eb21c93deeeb6bf88cda63be,b33652a948b356ad,5,3
/kaggle/input/datasets/jessicamercya/satria-data-2026/BDC2026-20260708T012259Z-3-001 - Copy/BDC2026/train/1_Electronic/Television_11.jpg,Electronic,150,150,JPEG,RGB,1.0,False,2df5290ef0a873cceba85711785b8267,cad8a7329107b53d,4,12
/kaggle/input/datasets/jessicamercya/satria-data-2026/BDC2026-20260708T012259Z-3-001 - Copy/BDC2026/train/1_Electronic/Mouse_237.jpg,Electronic,150,150,JPEG,RGB,1.0,False,f14769e545bad3f9930e81c68ba34e95,b99be669924c874c,5,26
/kaggle/input/datasets/jessicamercya/satria-data-2026/BDC2026-20260708T012259Z-3-001 - Copy/BDC2026/train/1_Electronic/Television_260.jpg,Electronic,150,150,JPEG,RGB,1.0,False,9fb3e44c863d702a2c02c4a8960ddf5d,c38f2ff0b0197b30,2,25
/kaggle/input/datasets/jessicamercya/satria-data-2026/BDC2026-20260708T012259Z-3-001 - Copy/BDC2026/train/1_Electronic/IMG_20201101_125955.jpg,Electronic,4000,3000,JPEG,RGB,1.3333333333333333,False,f53ba60a9c65ba03ebf0d9efe69e3155,b8a39c98cfcc6cc4,11,47
/kaggle/input/datasets/jessicamercya/satria-data-2026/BDC2026-20260708T012259Z-3-001 - Copy/BDC2026/train/1_Electronic/Mouse_99.jpg,Electronic,150,150,JPEG,RGB,1.0,False,87c95ef190eca755735cbc85c61d8371,c9666699366c9966,5,3
/kaggle/input/datasets/jessicamercya/satria-data-2026/BDC2026-20260708T012259Z-3-001 - Copy/BDC2026/train/1_Electronic/Microwave_278.jpg,Electronic,150,150,JPEG,RGB,1.0,False,392f91bcaeffbb359de200639f06c7e7,939ce0f02f0b783e,8,1
/kaggle/input/datasets/jessicamercya/satria-data-2026/BDC2026-20260708T012259Z-3-001 - Copy/BDC2026/train/1_Electronic/Television_241.jpg,Electronic,150,150,JPEG,RGB,1.0,False,9ad35474236f0ce9ec917edc22ae9d7e,fe5fff52803208e0,4,10
/kaggle/input/datasets/jessicamercya/satria-data-2026/BDC2026-20260708T012259Z-3-001 - Copy/BDC2026/train/1_Electronic/Keyboard_162.jpg,Electronic,150,150,JPEG,RGB,1.0,False,71d3d766b39b7c29a5ef4b5cf6c3d611,e449c235ab722377,2,13
/kaggle/input/datasets/jessicamercya/satria-data-2026/BDC2026-20260708T012259Z-3-001 - Copy/BDC2026/train/1_Electronic/Keyboard_14.jpg,Electronic,150,150,JPEG,RGB,1.0,False,874142336ee2a436e2392d676995af50,a705e60bdf92cb90,11,57
/kaggle/input/datasets/jessicamercya/satria-data-2026/BDC2026-20260708T012259Z-3-001 - Copy/BDC2026/train/1_Electronic/pcb_152.jpg,Electronic,150,150,JPEG,RGB,1.0,False,3114278fa71db9322dd2d038d3a7302f,cb423556769eccc4,7,7
/kaggle/input/datasets/jessicamercya/satria-data-2026/BDC2026-20260708T012259Z-3-001 - Copy/BDC2026/train/1_Electronic/Microwave_119.jpg,Electronic,150,150,JPEG,RGB,1.0,False,bf05dac83335eab9c936364adda993bf,dea505da2926b84f,8,20
/kaggle/input/datasets/jessicamercya/satria-data-2026/BDC2026-20260708T012259Z-3-001 - Copy/BDC2026/train/1_Electronic/Player_238.jpg,Electronic,150,150,JPEG,RGB,1.0,False,c4168bb66ad7016b66925f19c804d034,9e2ce1c10e3ef1c3,9,50
/kaggle/input/datasets/jessicamercya/satria-data-2026/BDC2026-20260708T012259Z-3-001 - Copy/BDC2026/train/1_Electronic/240.jpeg,Electronic,1280,640,JPEG,RGB,2.0,False,2e3be56d79f2a5530b1cdf67a24d0002,ca3dd40e97c294dc,10,2
/kaggle/input/datasets/jessicamercya/satria-data-2026/BDC2026-20260708T012259Z-3-001 - Copy/BDC2026/train/1_Electronic/battery_148.jpg,Electronic,150,150,JPEG,RGB,1.0,False,d1f762c4d750248d9ed20519a27288c9,fec0953f6ac09561,12,37
/kaggle/input/datasets/jessicamercya/satria-data-2026/BDC2026-20260708T012259Z-3-001 - Copy/BDC2026/train/1_Electronic/Microwave_270.jpg,Electronic,150,150,JPEG,RGB,1.0,False,ddf15095e2a8fc040333b17a10b2fa24,d6012b7a748dc9f1,8,20
/kaggle/input/datasets/jessicamercya/satria-data-2026/BDC2026-20260708T012259Z-3-001 - Copy/BDC2026/train/1_Electronic/Printer_254.jpg,Electronic,150,150,JPEG,RGB,1.0,False,94c0b0ffd8d9c9800165b15e0fef18d1,f09f50a18758ede4,6,11
/kaggle/input/datasets/jessicamercya/satria-data-2026/BDC2026-20260708T012259Z-3-001 - Copy/BDC2026/train/1_Electronic/Washing_Machine_215.jpg,Electronic,150,150,JPEG,RGB,1.0,False,a99f97a0baa93f531a612fc82a04fefe,e8e8cbcb26ac63c1,3,27
/kaggle/input/datasets/jessicamercya/satria-data-2026/BDC2026-20260708T012259Z-3-001 - Copy/BDC2026/train/1_Electronic/Microwave_53.jpg,Electronic,150,150,JPEG,RGB,1.0,False,f10e1edff74a097e98478115aae4971e,b06d4f323c333fc0,8,1
/kaggle/input/datasets/jessicamercya/satria-data-2026/BDC2026-20260708T012259Z-3-001 - Copy/BDC2026/train/1_Electronic/battery_260.jpg,Electronic,150,150,JPEG,RGB,1.0,False,a967763be3bd14ab5573c03b86e89c97,e19999939a869ec6,13,19
/kaggle/input/datasets/jessicamercya/satria-data-2026/BDC2026-20260708T012259Z-3-001 - Copy/BDC2026/train/1_Electronic/pcb_100.jpg,Electronic,150,150,JPEG,RGB,1.0,False,d9776614a3faf07ff61fec06d04d3ca2,c84dd968c4789d5e,7,18
/kaggle/input/datasets/jessicamercya/satria-data-2026/BDC2026-20260708T012259Z-3-001 - Copy/BDC2026/train/1_Electronic/Keyboard_156.jpg,Electronic,150,150,JPEG,RGB,1.0,False,8bc1c8e32a1af093799ff8c3f87f6df3,cf1aa1c719e1a699,2,13
/kaggle/input/datasets/jessicamercya/satria-data-2026/BDC2026-20260708T012259Z-3-001 - Copy/BDC2026/train/1_Electronic/763.jpeg,Electronic,1040,780,JPEG,RGB,1.3333333333333333,False,cc919f1e5d55e477d8b68f260f335836,e1e79e9868e43169,5,29
/kaggle/input/datasets/jessicamercya/satria-data-2026/BDC2026-20260708T012259Z-3-001 - Copy/BDC2026/train/1_Electronic/Washing_Machine_234.jpg,Electronic,150,150,JPEG,RGB,1.0,False,5ed7155c08e0cc989783d3b68748a6d4,f5d5ca0d7034cb32,3,27
/kaggle/input/datasets/jessicamercya/satria-data-2026/BDC2026-20260708T012259Z-3-001 - Copy/BDC2026/train/1_Electronic/battery_262.jpg,Electronic,150,150,JPEG,RGB,1.0,False,f9cd4f5521c9d98d5d466448debd8384,b02ccfc6c3f39093,12,37
/kaggle/input/datasets/jessicamercya/satria-data-2026/BDC2026-20260708T012259Z-3-001 - Copy/BDC2026/train/1_Electronic/Printer_34.jpg,Electronic,150,150,JPEG,RGB,1.0,False,135521d100b6ed86c209765777b02dbd,bed8c107f32cc0b3,6,52
/kaggle/input/datasets/jessicamercya/satria-data-2026/BDC2026-20260708T012259Z-3-001 - Copy/BDC2026/train/1_Electronic/70.handphone-dan-barang-elektronik-bekas-di-pasar-loak-jatinegara-jakarta-timur-cnbc-indonesiaintan-1759908166736_169.jpeg,Electronic,200,113,JPEG,RGB,1.7699115044247788,False,8e5dc78f5368d6b5238f7f1d92222670,a11a9e0e9ae3c74d,0,0
/kaggle/input/datasets/jessicamercya/satria-data-2026/BDC2026-20260708T012259Z-3-001 - Copy/BDC2026/train/1_Electronic/Microwave_201.jpg,Electronic,150,150,JPEG,RGB,1.0,False,26fa69b0e78c3b58e04ce73d54d95b46,afd2d0a5d02dd07a,2,32
/kaggle/input/datasets/jessicamercya/satria-data-2026/BDC2026-20260708T012259Z-3-001 - Copy/BDC2026/train/1_Electronic/Mobile_34.jpg,Electronic,150,150,JPEG,RGB,1.0,False,eff0078aa78c14c60f2a0ba6e78667f2,955e68a16ba9c35c,1,4
/kaggle/input/datasets/jessicamercya/satria-data-2026/BDC2026-20260708T012259Z-3-001 - Copy/BDC2026/train/1_Electronic/battery_123.jpg,Electronic,150,150,JPEG,RGB,1.0,False,9059ba276bfbd64b4abe2579fb8bde70,bbc0c61de16f08d3,14,24
/kaggle/input/datasets/jessicamercya/satria-data-2026/BDC2026-20260708T012259Z-3-001 - Copy/BDC2026/train/1_Electronic/battery_209.jpg,Electronic,150,150,JPEG,RGB,1.0,False,1f4797035e81f0f0882eacd23706c2e6,e4d5ef889508953d,12,37
/kaggle/input/datasets/jessicamercya/satria-data-2026/BDC2026-20260708T012259Z-3-001 - Copy/BDC2026/train/1_Electronic/Player_91.jpg,Electronic,150,150,JPEG,RGB,1.0,False,9affe1ff00d136daa7fca471c8fd532a,b134836dcd929bc3,2,32
/kaggle/input/datasets/jessicamercya/satria-data-2026/BDC2026-20260708T012259Z-3-001 - Copy/BDC2026/train/1_Electronic/istockphoto-174876806-612x612.jpg,Electronic,612,408,JPEG,RGB,1.5,False,f248fe4eaee9b92b0706c44cc82fbf88,bd93c26c9a6c9c64,0,0
/kaggle/input/datasets/jessicamercya/satria-data-2026/BDC2026-20260708T012259Z-3-001 - Copy/BDC2026/train/1_Electronic/vwldhp6z3g941.jpg,Electronic,1920,1080,JPEG,RGB,1.7777777777777777,False,8d71b4b9bffd443a3967cde95d95e6a9,f42c972dca28869f,10,56
/kaggle/input/datasets/jessicamercya/satria-data-2026/BDC2026-20260708T012259Z-3-001 - Copy/BDC2026/train/1_Electronic/73.motherboard-1024x576.jpg,Electronic,1024,576,WEBP,RGB,1.7777777777777777,False,92beec4c59c5f08dedd95f46f79e775e,c12fe1f60a675c07,7,18
/kaggle/input/datasets/jessicamercya/satria-data-2026/BDC2026-20260708T012259Z-3-001 - Copy/BDC2026/train/1_Electronic/Washing_Machine_86.jpg,Electronic,150,150,JPEG,RGB,1.0,False,0a1bd8ea772094acbc983b0a3e0e2b64,bcb6343260d3c3cb,3,28
/kaggle/input/datasets/jessicamercya/satria-data-2026/BDC2026-20260708T012259Z-3-001 - Copy/BDC2026/train/1_Electronic/Washing_Machine_198.jpg,Electronic,150,150,JPEG,RGB,1.0,False,487c7b781e035478b67f69bae7d37bc8,b83887879792c7c3,3,35
/kaggle/input/datasets/jessicamercya/satria-data-2026/BDC2026-20260708T012259Z-3-001 - Copy/BDC2026/train/1_Electronic/battery_101.jpg,Electronic,150,150,JPEG,RGB,1.0,False,729c751b388413c0ba3762b0b2166fee,ef48d1b724e55548,14,24
/kaggle/input/datasets/jessicamercya/satria-data-2026/BDC2026-20260708T012259Z-3-001 - Copy/BDC2026/train/1_Electronic/14.Ha811c3cd45794163a77ba7994663b662I.jpg,Electronic,350,350,JPEG,RGB,1.0,False,e2bbd6de9dfcbeed63052cfde4655e93,84aca680fab7db43,0,0
/kaggle/input/datasets/jessicamercya/satria-data-2026/BDC2026-20260708T012259Z-3-001 - Copy/BDC2026/train/1_Electronic/Microwave_197.jpg,Electronic,150,150,JPEG,RGB,1.0,False,0ab72e586505755bf76f3bbfba18ea4e,ef90902fc97e3e80,8,1
/kaggle/input/datasets/jessicamercya/satria-data-2026/BDC2026-20260708T012259Z-3-001 - Copy/BDC2026/train/1_Electronic/battery_51.jpg,Electronic,150,150,JPEG,RGB,1.0,False,41e8d0bd243390565bdd622c74556935,ea3696cac961cca5,13,19
/kaggle/input/datasets/jessicamercya/satria-data-2026/BDC2026-20260708T012259Z-3-001 - Copy/BDC2026/train/1_Electronic/65.various-used-integrated-circuits-ics-260nw-2698469757.jpg,Electronic,385,280,JPEG,RGB,1.375,False,fff29b89a4e9a58ac4aec95e58d20db9,eb7e860a9144d31f,0,34
/kaggle/input/datasets/jessicamercya/satria-data-2026/BDC2026-20260708T012259Z-3-001 - Copy/BDC2026/train/1_Electronic/5.terima_jual_beli_tv_rusak_di_j_1675120594_db93bf4a_progressive.jpg,Electronic,648,1080,JPEG,RGB,0.6,False,277571d663bb22289a3f41244c656cad,aa16f6cb9529c28d,4,10
/kaggle/input/datasets/jessicamercya/satria-data-2026/BDC2026-20260708T012259Z-3-001 - Copy/BDC2026/train/1_Electronic/7.masalah-yang-terjadi-pada-kamera-dslr.jpg,Electronic,900,600,JPEG,RGB,1.5,False,3eb3b932b9ac3052751af080508ea6ee,beeb4984b52d603c,0,0
/kaggle/input/datasets/jessicamercya/satria-data-2026/BDC2026-20260708T012259Z-3-001 - Copy/BDC2026/train/1_Electronic/Keyboard_131.jpg,Electronic,150,150,JPEG,RGB,1.0,False,e14d4024f68d15d0da7a80bba73ed5b0,af4bd0b44a2a3d4d,2,5
/kaggle/input/datasets/jessicamercya/satria-data-2026/BDC2026-20260708T012259Z-3-001 - Copy/BDC2026/train/1_Electronic/Copy of IMG_20200328_132135.jpg,Electronic,3456,4608,JPEG,RGB,0.75,False,69480d58c3f8287d445600a6f36f4e4e,a7ca9c394365ae34,10,2
/kaggle/input/datasets/jessicamercya/satria-data-2026/BDC2026-20260708T012259Z-3-001 - Copy/BDC2026/train/1_Electronic/Printer_69.jpg,Electronic,150,150,JPEG,RGB,1.0,False,532d6a6ab17f108e499f05daada9e692,85d2ae2b9db4425e,6,6
/kaggle/input/datasets/jessicamercya/satria-data-2026/BDC2026-20260708T012259Z-3-001 - Copy/BDC2026/train/1_Electronic/Copy of IMG_20200328_132156.jpg,Electronic,4608,3456,JPEG,RGB,1.3333333333333333,False,a68406ee8156daf08e52a67b0bfe78f4,bbcdc5c2e566a260,10,2
/kaggle/input/datasets/jessicamercya/satria-data-2026/BDC2026-20260708T012259Z-3-001 - Copy/BDC2026/train/1_Electronic/Player_245.jpg,Electronic,150,150,JPEG,RGB,1.0,False,d61d6958decb3095767fb40755528ce9,af34c0d01e4fcc3d,9,48
/kaggle/input/datasets/jessicamercya/satria-data-2026/BDC2026-20260708T012259Z-3-001 - Copy/BDC2026/train/1_Electronic/battery_32.jpg,Electronic,150,150,JPEG,RGB,1.0,False,b6e5bb1f4206d27ff38eb882a44161dd,ad2fc2d0b036c7c9,13,19
/kaggle/input/datasets/jessicamercya/satria-data-2026/BDC2026-20260708T012259Z-3-001 - Copy/BDC2026/train/1_Electronic/battery_135.jpg,Electronic,150,150,JPEG,RGB,1.0,False,a654b7ef001c21f2395d25e60ff3a201,af2fd4d681e93890,12,38
/kaggle/input/datasets/jessicamercya/satria-data-2026/BDC2026-20260708T012259Z-3-001 - Copy/BDC2026/train/1_Electronic/9.computer-mcpv-motherboard-scrap-2220044466-1faggwtx.jpg,Electronic,640,480,JPEG,RGB,1.3333333333333333,False,defca5d3e74b8b7680f033aec2c88950,997a7748ac2678e1,0,30
/kaggle/input/datasets/jessicamercya/satria-data-2026/BDC2026-20260708T012259Z-3-001 - Copy/BDC2026/train/1_Electronic/Printer_131.jpg,Electronic,150,150,JPEG,RGB,1.0,False,148cd8b056edbd5df0a6584d3e9a0385,eb9c9463c5d0dac2,6,11
/kaggle/input/datasets/jessicamercya/satria-data-2026/BDC2026-20260708T012259Z-3-001 - Copy/BDC2026/train/1_Electronic/pcb_130.jpg,Electronic,150,150,JPEG,RGB,1.0,False,2450aab834a910ff5723c51c82e3b914,8060eb37574cc6cf,7,7
/kaggle/input/datasets/jessicamercya/satria-data-2026/BDC2026-20260708T012259Z-3-001 - Copy/BDC2026/train/1_Electronic/battery_291.jpg,Electronic,150,150,JPEG,RGB,1.0,False,8fab4a1a1a02f1c364393a41faafa0db,ba9dce62b1984d25,14,24
/kaggle/input/datasets/jessicamercya/satria-data-2026/BDC2026-20260708T012259Z-3-001 - Copy/BDC2026/train/1_Electronic/19.What_20is_20e-waste_20recycling.jpg,Electronic,885,885,JPEG,RGB,1.0,False,72ce32bd8d8ebef18e1f72fd28b85c5e,a8bd5d21e5e636c0,0,0
/kaggle/input/datasets/jessicamercya/satria-data-2026/BDC2026-20260708T012259Z-3-001 - Copy/BDC2026/train/1_Electronic/Television_205.jpg,Electronic,150,150,JPEG,RGB,1.0,False,fa93c60395edb1e185cdd2bd353ab230,fcd4c79085aa2ad5,4,10
/kaggle/input/datasets/jessicamercya/satria-data-2026/BDC2026-20260708T012259Z-3-001 - Copy/BDC2026/train/1_Electronic/Microwave_116.jpg,Electronic,150,150,JPEG,RGB,1.0,False,ca5147c510061101ded6b0627e5634c4,a474d2df1bda28c8,2,40
/kaggle/input/datasets/jessicamercya/satria-data-2026/BDC2026-20260708T012259Z-3-001 - Copy/BDC2026/train/1_Electronic/Player_130.jpg,Electronic,150,150,JPEG,RGB,1.0,False,84a5fdbcdc4be445f273aadb690103c7,bf64d419c2f2cbc0,9,21
/kaggle/input/datasets/jessicamercya/satria-data-2026/BDC2026-20260708T012259Z-3-001 - Copy/BDC2026/train/1_Electronic/185.jpeg,Electronic,780,1040,JPEG,RGB,0.75,False,6e4ef898edc4bbe2d8d79bff2e358c0a,ea4e80d1d5b30fb1,10,2
/kaggle/input/datasets/jessicamercya/satria-data-2026/BDC2026-20260708T012259Z-3-001 - Copy/BDC2026/train/1_Electronic/IMG_20200329_201109.jpg,Electronic,4000,3000,JPEG,RGB,1.3333333333333333,False,088119970637cebfb3894da3759cb301,a19fda39482537c6,1,4
/kaggle/input/datasets/jessicamercya/satria-data-2026/BDC2026-20260708T012259Z-3-001 - Copy/BDC2026/train/1_Electronic/battery_194.jpg,Electronic,150,150,JPEG,RGB,1.0,False,fad5f4daa3fe2bc6530de18ca06dcd63,ab6ac09735e50f58,14,24
/kaggle/input/datasets/jessicamercya/satria-data-2026/BDC2026-20260708T012259Z-3-001 - Copy/BDC2026/train/1_Electronic/Washing_Machine_210.jpg,Electronic,150,150,JPEG,RGB,1.0,False,3e6f0b45a4a0eeb5a160bbcdd358a2b9,bf3a9034c4cdc5c5,3,8
/kaggle/input/datasets/jessicamercya/satria-data-2026/BDC2026-20260708T012259Z-3-001 - Copy/BDC2026/train/1_Electronic/7.a-giant-messy-mountain-of-discarded-electronic-waste-e-waste-including-old-computers-and-monitors-piled-high-in-an-industrial-scrap-yard-3D7CA09.jpg,Electronic,1300,951,JPEG,RGB,1.3669821240799158,False,eb2c9948a756c6922ec53292cba1bf34,fcb0f991c38f06c8,0,14
/kaggle/input/datasets/jessicamercya/satria-data-2026/BDC2026-20260708T012259Z-3-001 - Copy/BDC2026/train/1_Electronic/7.s-l400.jpg,Electronic,400,300,JPEG,RGB,1.3333333333333333,False,28cd605872b37a02bf375975dab32c7e,8945ea3b449a5c3f,0,30
/kaggle/input/datasets/jessicamercya/satria-data-2026/BDC2026-20260708T012259Z-3-001 - Copy/BDC2026/train/1_Electronic/Keyboard_186.jpg,Electronic,150,150,JPEG,RGB,1.0,False,b5f1535b4693df85adb049d1e7ff57dd,bc6cc1903e6ec595,2,32
/kaggle/input/datasets/jessicamercya/satria-data-2026/BDC2026-20260708T012259Z-3-001 - Copy/BDC2026/train/1_Electronic/Washing_Machine_289.jpg,Electronic,150,150,JPEG,RGB,1.0,False,23db08186d79e0417c775c88c4d234ad,85c0d2996b9a6de5,2,40
/kaggle/input/datasets/jessicamercya/satria-data-2026/BDC2026-20260708T012259Z-3-001 - Copy/BDC2026/train/1_Electronic/Mouse_266.jpg,Electronic,150,150,JPEG,RGB,1.0,False,2b284c64d6a9a3212763371bde123383,e8cdb762c61cc01f,5,3
/kaggle/input/datasets/jessicamercya/satria-data-2026/BDC2026-20260708T012259Z-3-001 - Copy/BDC2026/train/1_Electronic/Television_32.jpg,Electronic,150,150,JPEG,RGB,1.0,False,55531acdf302e4dd9c551fd23b514347,f0f81f86c29e017e,4,15
/kaggle/input/datasets/jessicamercya/satria-data-2026/BDC2026-20260708T012259Z-3-001 - Copy/BDC2026/train/1_Electronic/pcb_202.jpg,Electronic,150,150,JPEG,RGB,1.0,False,3e8dcdc8605bc9ec3f197454aa9f554c,ea6ae0408fa5dcb6,7,23
/kaggle/input/datasets/jessicamercya/satria-data-2026/BDC2026-20260708T012259Z-3-001 - Copy/BDC2026/train/1_Electronic/325.jpeg,Electronic,1152,864,JPEG,RGB,1.3333333333333333,False,975ffdc92d235aa10c14e98e481bdb48,fc2985e2dd30ca35,11,44
/kaggle/input/datasets/jessicamercya/satria-data-2026/BDC2026-20260708T012259Z-3-001 - Copy/BDC2026/train/1_Electronic/Mouse_245.jpg,Electronic,150,150,JPEG,RGB,1.0,False,483269375a0d3d7037b9ae57cd65ae63,b368ce9d99c69832,5,26
/kaggle/input/datasets/jessicamercya/satria-data-2026/BDC2026-20260708T012259Z-3-001 - Copy/BDC2026/train/1_Electronic/12.large-pile-assorted-electronic-waste-including-components-devices-isolated-white-backg-1200x675.jpg,Electronic,1200,675,JPEG,RGB,1.7777777777777777,False,42a55a31022890c62ced01025f888d4d,b6ea98431f706ca3,0,14
/kaggle/input/datasets/jessicamercya/satria-data-2026/BDC2026-20260708T012259Z-3-001 - Copy/BDC2026/train/1_Electronic/Mobile_206.jpg,Electronic,150,150,JPEG,RGB,1.0,False,99e3b968b36fd221f04d08bbccb33283,ef8070d298179e97,1,16
/kaggle/input/datasets/jessicamercya/satria-data-2026/BDC2026-20260708T012259Z-3-001 - Copy/BDC2026/train/1_Electronic/4.IMG_20150921_095015766.jpg,Electronic,1600,1200,JPEG,RGB,1.3333333333333333,False,de885d97f60e2da0297119456bb23ee8,c0aa2fd26a2d353d,4,49
/kaggle/input/datasets/jessicamercya/satria-data-2026/BDC2026-20260708T012259Z-3-001 - Copy/BDC2026/train/1_Electronic/Mobile_247.jpg,Electronic,150,150,JPEG,RGB,1.0,False,5cbc31c551147f140c97645d8deeab91,ce319193b0c635cf,1,9
/kaggle/input/datasets/jessicamercya/satria-data-2026/BDC2026-20260708T012259Z-3-001 - Copy/BDC2026/train/1_Electronic/Microwave_51.jpg,Electronic,150,150,JPEG,RGB,1.0,False,df713bd4e0288f1d6c9f49995cf855d9,ae1fd1f2c4c9260b,8,1
/kaggle/input/datasets/jessicamercya/satria-data-2026/BDC2026-20260708T012259Z-3-001 - Copy/BDC2026/train/1_Electronic/Mouse_246.jpg,Electronic,150,150,JPEG,RGB,1.0,False,f9e186a6ce4399e023d6a914415f5db2,d18c6e799236669c,5,3
/kaggle/input/datasets/jessicamercya/satria-data-2026/BDC2026-20260708T012259Z-3-001 - Copy/BDC2026/train/1_Electronic/Printer_92.jpg,Electronic,150,150,JPEG,RGB,1.0,False,d2e6f477aa5bc5625e5b99888ca90e7d,d46dc2378c91fb06,2,40
/kaggle/input/datasets/jessicamercya/satria-data-2026/BDC2026-20260708T012259Z-3-001 - Copy/BDC2026/train/1_Electronic/Player_27.jpg,Electronic,150,150,JPEG,RGB,1.0,False,b7af8f68bd3c8cd0b839aac88a771b79,ebc6c43993644f32,9,48
/kaggle/input/datasets/jessicamercya/satria-data-2026/BDC2026-20260708T012259Z-3-001 - Copy/BDC2026/train/1_Electronic/Washing_Machine_63.jpg,Electronic,150,150,JPEG,RGB,1.0,False,8f311bb21cd9fa86edbd6980f5bbc875,f86787c385cc9790,3,27
/kaggle/input/datasets/jessicamercya/satria-data-2026/BDC2026-20260708T012259Z-3-001 - Copy/BDC2026/train/1_Electronic/Player_258.jpg,Electronic,150,150,JPEG,RGB,1.0,False,bc1cc41a98c762fefb22cfa4b0e63d0c,eff0940f52f06e0a,9,48
/kaggle/input/datasets/jessicamercya/satria-data-2026/BDC2026-20260708T012259Z-3-001 - Copy/BDC2026/train/1_Electronic/Keyboard_293.jpg,Electronic,150,150,JPEG,RGB,1.0,False,f4345b232c6f77e32368db1c51041ff9,ffc0803a7fc12ec2,2,5
/kaggle/input/datasets/jessicamercya/satria-data-2026/BDC2026-20260708T012259Z-3-001 - Copy/BDC2026/train/1_Electronic/Keyboard_18.jpg,Electronic,150,150,JPEG,RGB,1.0,False,60da0f18ec3f2d96ab4f4ba6a4a1245c,ffd087a7602d486c,2,13
/kaggle/input/datasets/jessicamercya/satria-data-2026/BDC2026-20260708T012259Z-3-001 - Copy/BDC2026/train/1_Electronic/Player_110.jpg,Electronic,150,150,JPEG,RGB,1.0,False,f00cb5a6e7a8b96ebb08cb4b6d9d546e,bee3a15cd0a59562,9,45
/kaggle/input/datasets/jessicamercya/satria-data-2026/BDC2026-20260708T012259Z-3-001 - Copy/BDC2026/train/1_Electronic/Printer_198.jpg,Electronic,150,150,JPEG,RGB,1.0,False,4a1259c37a3273d149fadb41fb5b414e,ed8991ce24b6d839,6,6
/kaggle/input/datasets/jessicamercya/satria-data-2026/BDC2026-20260708T012259Z-3-001 - Copy/BDC2026/train/1_Electronic/20.E-waste-disposal.jpg,Electronic,800,533,JPEG,RGB,1.5009380863039399,False,0509a95672aad781f425498c8556e14e,aed6b856132b34a9,0,34
/kaggle/input/datasets/jessicamercya/satria-data-2026/BDC2026-20260708T012259Z-3-001 - Copy/BDC2026/train/1_Electronic/Washing_Machine_121.jpg,Electronic,150,150,JPEG,RGB,1.0,False,b0ac98b147645fb8f4b1606525baa07f,eb6c346f94c790d0,3,33
/kaggle/input/datasets/jessicamercya/satria-data-2026/BDC2026-20260708T012259Z-3-001 - Copy/BDC2026/train/1_Electronic/Washing_Machine_94.jpg,Electronic,150,150,JPEG,RGB,1.0,False,42db78dd1ac796e2412694041b97fbd1,ed6c9a9bc161c664,3,27
/kaggle/input/datasets/jessicamercya/satria-data-2026/BDC2026-20260708T012259Z-3-001 - Copy/BDC2026/train/1_Electronic/25.led-tv-display-repair-services.jpg,Electronic,1080,809,JPEG,RGB,1.3349814585908528,False,299a3383edaaf53f378961177bdd1eba,fc583387ce30b0c7,4,49
/kaggle/input/datasets/jessicamercya/satria-data-2026/BDC2026-20260708T012259Z-3-001 - Copy/BDC2026/train/1_Electronic/16.943306_720.jpg,Electronic,720,405,JPEG,RGB,1.7777777777777777,False,031915bc6f947511df153ce78e733b09,d3c0dce1cd84c3ad,0,22
/kaggle/input/datasets/jessicamercya/satria-data-2026/BDC2026-20260708T012259Z-3-001 - Copy/BDC2026/train/1_Electronic/Printer_218.jpg,Electronic,150,150,JPEG,RGB,1.0,False,069fd91428b3f44298cdddf3a6ef35e9,f94b8f343486643e,6,11
/kaggle/input/datasets/jessicamercya/satria-data-2026/BDC2026-20260708T012259Z-3-001 - Copy/BDC2026/train/1_Electronic/Mouse_211.jpg,Electronic,150,150,JPEG,RGB,1.0,False,48f295d87bf07cdea9884659630db1b1,fb92b539dae0a0d0,5,3
/kaggle/input/datasets/jessicamercya/satria-data-2026/BDC2026-20260708T012259Z-3-001 - Copy/BDC2026/train/1_Electronic/Television_135.jpg,Electronic,150,150,JPEG,RGB,1.0,False,9fdb38d8cabbe8b90a25b1e92ef82826,faf2c0a067c862dd,4,10
/kaggle/input/datasets/jessicamercya/satria-data-2026/BDC2026-20260708T012259Z-3-001 - Copy/BDC2026/train/1_Electronic/Mobile_30.jpg,Electronic,150,150,JPEG,RGB,1.0,False,6c2e5baeec6dfe3691d2b4c1a32e6af4,bf69610596d24a97,1,9
/kaggle/input/datasets/jessicamercya/satria-data-2026/BDC2026-20260708T012259Z-3-001 - Copy/BDC2026/train/1_Electronic/Printer_174.jpg,Electronic,150,150,JPEG,RGB,1.0,False,067546060bfa495b5a8e33fc7f25917f,bbc6c4394d0f12e5,6,11
/kaggle/input/datasets/jessicamercya/satria-data-2026/BDC2026-20260708T012259Z-3-001 - Copy/BDC2026/train/1_Electronic/Washing_Machine_207.jpg,Electronic,150,150,JPEG,RGB,1.0,False,b7861fd870c844ba6f152b4335b60fa5,bf3f6acac1c1c130,3,33
/kaggle/input/datasets/jessicamercya/satria-data-2026/BDC2026-20260708T012259Z-3-001 - Copy/BDC2026/train/1_Electronic/17.severely-damaged-vintage-television-set-cracked-screen-surrounded-debris-356539203.jpg,Electronic,800,449,JPEG,RGB,1.78173719376392,False,3f0c0e06d26236c9bc99540aad9a0553,de87b5c8c0c59e29,0,39
/kaggle/input/datasets/jessicamercya/satria-data-2026/BDC2026-20260708T012259Z-3-001 - Copy/BDC2026/train/1_Electronic/battery_270.jpg,Electronic,150,150,JPEG,RGB,1.0,False,f369c3bdeb3b8b98875836c4e615e040,e4939b6c6c927331,13,19
/kaggle/input/datasets/jessicamercya/satria-data-2026/BDC2026-20260708T012259Z-3-001 - Copy/BDC2026/train/1_Electronic/6.electronics-monitor-screen-discarded-buried-retro-computer-screen-J9DERF.jpg,Electronic,1300,767,JPEG,RGB,1.694915254237288,False,6b0301f80cb6b4807042d51fbcb894f7,b89903c63cf963b2,0,39
/kaggle/input/datasets/jessicamercya/satria-data-2026/BDC2026-20260708T012259Z-3-001 - Copy/BDC2026/train/1_Electronic/battery_16.jpg,Electronic,150,150,JPEG,RGB,1.0,False,5e69f44cfe481edbdebc469b461a3b60,e1cb4d33929a9794,13,19
/kaggle/input/datasets/jessicamercya/satria-data-2026/BDC2026-20260708T012259Z-3-001 - Copy/BDC2026/train/1_Electronic/64.photo_servicedetail_hero_res_e_waste.jpg,Electronic,1600,600,JPEG,RGB,2.6666666666666665,False,2a969a97b6b6647897aca6bfeb71ac9c,d2a1c9c31faa39b8,0,0
/kaggle/input/datasets/jessicamercya/satria-data-2026/BDC2026-20260708T012259Z-3-001 - Copy/BDC2026/train/1_Electronic/Mobile_253.jpg,Electronic,150,150,JPEG,RGB,1.0,False,636ebecf5c051c5d248298cca9d08fd1,a07c86ead722c6d3,1,16
/kaggle/input/datasets/jessicamercya/satria-data-2026/BDC2026-20260708T012259Z-3-001 - Copy/BDC2026/train/1_Electronic/Mouse_121.jpg,Electronic,150,150,JPEG,RGB,1.0,False,7d18159d4ee89553cdd8702ee74d74a8,95ce6a6835b47293,5,3
/kaggle/input/datasets/jessicamercya/satria-data-2026/BDC2026-20260708T012259Z-3-001 - Copy/BDC2026/train/1_Electronic/63.LHULZyqg.jpg,Electronic,728,409,JPEG,RGB,1.7799511002444988,False,098b2769e0d4b3b014b2edbea975fa6e,893553c466e2e6f2,7,7
/kaggle/input/datasets/jessicamercya/satria-data-2026/BDC2026-20260708T012259Z-3-001 - Copy/BDC2026/train/1_Electronic/Television_285.jpg,Electronic,150,150,JPEG,RGB,1.0,False,8547141ffb18e5f9da52ab71a04c388b,af94b06ac3cbc50d,4,12
/kaggle/input/datasets/jessicamercya/satria-data-2026/BDC2026-20260708T012259Z-3-001 - Copy/BDC2026/train/1_Electronic/5d10ffd5e3ecba0ba12427c4.jpg,Electronic,1200,600,JPEG,RGB,2.0,False,f7114fd00b3db97bf7960db5faec91c5,8cb1714e6ace3399,1,9
/kaggle/input/datasets/jessicamercya/satria-data-2026/BDC2026-20260708T012259Z-3-001 - Copy/BDC2026/train/1_Electronic/Television_231.jpg,Electronic,150,150,JPEG,RGB,1.0,False,649ebfa9fbd3f26da99f0786d0287d61,affed0ba80d441d8,4,15
/kaggle/input/datasets/jessicamercya/satria-data-2026/BDC2026-20260708T012259Z-3-001 - Copy/BDC2026/train/1_Electronic/2.remains-mobile-phone-spread-on-260nw-2560076169.jpg,Electronic,390,280,JPEG,RGB,1.3928571428571428,False,4aeac0a6f55fda5f2cb442d8b5f0b846,cacca51b9a64e636,1,9
/kaggle/input/datasets/jessicamercya/satria-data-2026/BDC2026-20260708T012259Z-3-001 - Copy/BDC2026/train/1_Electronic/battery_113.jpg,Electronic,150,150,JPEG,RGB,1.0,False,37a9aebed5e60cbcf48bef96a23f4992,bce7cd909298326e,12,38
/kaggle/input/datasets/jessicamercya/satria-data-2026/BDC2026-20260708T012259Z-3-001 - Copy/BDC2026/train/1_Electronic/Player_254.jpg,Electronic,150,150,JPEG,RGB,1.0,False,09dc89c998fc6c2ea4e7a05e7e840816,eab1c5c6c536c613,9,45
/kaggle/input/datasets/jessicamercya/satria-data-2026/BDC2026-20260708T012259Z-3-001 - Copy/BDC2026/train/1_Electronic/Washing_Machine_203.jpg,Electronic,150,150,JPEG,RGB,1.0,False,bc3b526ad7d88a8fb0951e72328a8ddd,f8904fc72cd233cc,3,8
/kaggle/input/datasets/jessicamercya/satria-data-2026/BDC2026-20260708T012259Z-3-001 - Copy/BDC2026/train/1_Electronic/64.dampak-lingkungan-dari-ewaste-tangkap-konsekuensi-lingkungan-dari-pembuangan-ewaste-yang-tidak-tepat-seperti-perangkat-elektronik-yang-mengeluarkan-bahan-kimia-beracun-ke-dalam-tanah-dan-saluran-air-di-lokasi-pembuangan-ilegal_997534-43151.jpg,Electronic,626,351,JPEG,RGB,1.7834757834757835,False,e4b9dd9b6c5989812f65058bdcbb6a60,9a99a683656dcc59,0,0
/kaggle/input/datasets/jessicamercya/satria-data-2026/BDC2026-20260708T012259Z-3-001 - Copy/BDC2026/train/1_Electronic/Printer_201.jpg,Electronic,150,150,JPEG,RGB,1.0,False,bec2d9f47f02953bb5412df6e25f0c23,af9ce063d03e8d1a,6,11
/kaggle/input/datasets/jessicamercya/satria-data-2026/BDC2026-20260708T012259Z-3-001 - Copy/BDC2026/train/1_Electronic/Television_287.jpg,Electronic,150,150,JPEG,RGB,1.0,False,3f4694d95f0b4ff02b57f9b13f818e4a,c3ee141bea2499da,4,12
/kaggle/input/datasets/jessicamercya/satria-data-2026/BDC2026-20260708T012259Z-3-001 - Copy/BDC2026/train/1_Electronic/Mobile_262.jpg,Electronic,150,150,JPEG,RGB,1.0,False,db3ae83244aa2dd3b85518b635c5f13a,eef81f083ee1c486,1,9
/kaggle/input/datasets/jessicamercya/satria-data-2026/BDC2026-20260708T012259Z-3-001 - Copy/BDC2026/train/1_Electronic/Television_186.jpg,Electronic,150,150,JPEG,RGB,1.0,False,6888997e11e1901b9149e8c568187c70,aa6ab5b51db18439,4,15
/kaggle/input/datasets/jessicamercya/satria-data-2026/BDC2026-20260708T012259Z-3-001 - Copy/BDC2026/train/1_Electronic/IMG_20200328_131322.jpg,Electronic,4000,2250,JPEG,RGB,1.7777777777777777,False,c4e345e103b8cf1925d07c1d05c955ce,9e1f95b0e5a20a76,10,2
/kaggle/input/datasets/jessicamercya/satria-data-2026/BDC2026-20260708T012259Z-3-001 - Copy/BDC2026/train/1_Electronic/59.AdobeStock_500968458-800x250.jpeg,Electronic,800,250,JPEG,RGB,3.2,False,813aaae64395bd3f7dbd42befcec7eef,ede511d89366b292,0,0
/kaggle/input/datasets/jessicamercya/satria-data-2026/BDC2026-20260708T012259Z-3-001 - Copy/BDC2026/train/1_Electronic/Printer_88.jpg,Electronic,150,150,JPEG,RGB,1.0,False,9aafeb1c3ce65cb8ad05670a44f1ef50,edb192c9c326dc4c,6,11
/kaggle/input/datasets/jessicamercya/satria-data-2026/BDC2026-20260708T012259Z-3-001 - Copy/BDC2026/train/1_Electronic/205.jpeg,Electronic,790,581,JPEG,RGB,1.359724612736661,False,b839c29aaa37058df065550a6eb50b78,fa179529a961e594,10,2
/kaggle/input/datasets/jessicamercya/satria-data-2026/BDC2026-20260708T012259Z-3-001 - Copy/BDC2026/train/1_Electronic/71.60929530_902.jpg,Electronic,475,267,JPEG,RGB,1.7790262172284643,False,285fccd01ccc906b236ca8ec56f8c39c,d39032416d7fc794,0,14
/kaggle/input/datasets/jessicamercya/satria-data-2026/BDC2026-20260708T012259Z-3-001 - Copy/BDC2026/train/1_Electronic/Player_210.jpg,Electronic,150,150,JPEG,RGB,1.0,False,a9b9cfe6ae46b0f8af09d2a05c8958eb,aa907d2a6a5fd740,9,17
/kaggle/input/datasets/jessicamercya/satria-data-2026/BDC2026-20260708T012259Z-3-001 - Copy/BDC2026/train/1_Electronic/Keyboard_28.jpg,Electronic,150,150,JPEG,RGB,1.0,False,2a15226269c8db9831aaafd1e492f85b,faf8e0f8f070e031,2,5
/kaggle/input/datasets/jessicamercya/satria-data-2026/BDC2026-20260708T012259Z-3-001 - Copy/BDC2026/train/1_Electronic/battery_46.jpg,Electronic,150,150,JPEG,RGB,1.0,False,7147dcb8e36b774a951750b34132d39d,bac29a33e42de61c,14,24
/kaggle/input/datasets/jessicamercya/satria-data-2026/BDC2026-20260708T012259Z-3-001 - Copy/BDC2026/train/1_Electronic/pcb_282.jpg,Electronic,150,150,JPEG,RGB,1.0,False,5a37d01a8e1a2c8786e7c1cfd8d3eb22,f9e5861a87386578,7,23
/kaggle/input/datasets/jessicamercya/satria-data-2026/BDC2026-20260708T012259Z-3-001 - Copy/BDC2026/train/1_Electronic/29.jpeg,Electronic,864,1152,JPEG,RGB,0.75,False,2754cf760272391d49a2a2dd07774ae2,b4a2ca8d82c9c7cf,11,57
/kaggle/input/datasets/jessicamercya/satria-data-2026/BDC2026-20260708T012259Z-3-001 - Copy/BDC2026/train/1_Electronic/Television_85.jpg,Electronic,150,150,JPEG,RGB,1.0,False,13b3fd10507a9d4abfed2792d05eb361,a582aa0fa7e894bd,4,10
/kaggle/input/datasets/jessicamercya/satria-data-2026/BDC2026-20260708T012259Z-3-001 - Copy/BDC2026/train/1_Electronic/Printer_260.jpg,Electronic,150,150,JPEG,RGB,1.0,False,30d3deaf533fa4123e137656d0b60ddc,f87883855f855e54,6,6
/kaggle/input/datasets/jessicamercya/satria-data-2026/BDC2026-20260708T012259Z-3-001 - Copy/BDC2026/train/1_Electronic/60.028cabdd-cc31-419c-b95f-fa3d1346d79c_w408_r1_s.jpg,Electronic,408,230,JPEG,RGB,1.7739130434782608,False,3b302960e7edf349d1f9c10c17f5845f,9b5b26249bc2747c,0,14
/kaggle/input/datasets/jessicamercya/satria-data-2026/BDC2026-20260708T012259Z-3-001 - Copy/BDC2026/train/1_Electronic/Printer_290.jpg,Electronic,150,150,JPEG,RGB,1.0,False,db655b4b999f1a2a1f73d8d285527e2d,ea1fa53896c97229,6,42
/kaggle/input/datasets/jessicamercya/satria-data-2026/BDC2026-20260708T012259Z-3-001 - Copy/BDC2026/train/1_Electronic/Microwave_54.jpg,Electronic,150,150,JPEG,RGB,1.0,False,5ec3742a2f6f082bb3f42ffc56aa6c92,954f44233b1f4ce3,8,1
/kaggle/input/datasets/jessicamercya/satria-data-2026/BDC2026-20260708T012259Z-3-001 - Copy/BDC2026/train/1_Electronic/Washing_Machine_93.jpg,Electronic,150,150,JPEG,RGB,1.0,False,bd8703f9041f33c37ac893e9714b92b5,8701d9762799d965,3,28
/kaggle/input/datasets/jessicamercya/satria-data-2026/BDC2026-20260708T012259Z-3-001 - Copy/BDC2026/train/1_Electronic/Mouse_286.jpg,Electronic,150,150,JPEG,RGB,1.0,False,4ca4c96e1c78d7b8bb7672fbd2bd855d,e16796986865b16d,5,36
/kaggle/input/datasets/jessicamercya/satria-data-2026/BDC2026-20260708T012259Z-3-001 - Copy/BDC2026/train/1_Electronic/Printer_95.jpg,Electronic,150,150,JPEG,RGB,1.0,False,b680bae1e48fc90a07f1a7877041d5af,90353d5dca6a6ad2,6,6
/kaggle/input/datasets/jessicamercya/satria-data-2026/BDC2026-20260708T012259Z-3-001 - Copy/BDC2026/train/1_Electronic/Mobile_58.jpg,Electronic,150,150,JPEG,RGB,1.0,False,12934bd4b42d492a360ecadd7b876fc9,a715992f162666b9,1,16
/kaggle/input/datasets/jessicamercya/satria-data-2026/BDC2026-20260708T012259Z-3-001 - Copy/BDC2026/train/1_Electronic/17.broken-led-tv-screen.jpg,Electronic,700,525,JPEG,RGB,1.3333333333333333,False,8fc2a1c056ec47fa72588929a29c85cd,e0be3a487a4cb695,4,49
/kaggle/input/datasets/jessicamercya/satria-data-2026/BDC2026-20260708T012259Z-3-001 - Copy/BDC2026/train/1_Electronic/Washing_Machine_31.jpg,Electronic,150,150,JPEG,RGB,1.0,False,28b7f6db8fc4095d5c7c402816450495,ef7ac13ac13cc033,3,27
/kaggle/input/datasets/jessicamercya/satria-data-2026/BDC2026-20260708T012259Z-3-001 - Copy/BDC2026/train/1_Electronic/Player_239.jpg,Electronic,150,150,JPEG,RGB,1.0,False,059307bb6ad988372d0e1b792e78c46b,bfc0c03f83744f91,9,48
/kaggle/input/datasets/jessicamercya/satria-data-2026/BDC2026-20260708T012259Z-3-001 - Copy/BDC2026/train/1_Electronic/Copy of IMG_20200328_132038.jpg,Electronic,4608,3456,JPEG,RGB,1.3333333333333333,False,ae8947f63f08933de718e6efa1ebcf64,a2d55bd51ad5d015,10,2
/kaggle/input/datasets/jessicamercya/satria-data-2026/BDC2026-20260708T012259Z-3-001 - Copy/BDC2026/train/1_Electronic/Mobile_249.jpg,Electronic,150,150,JPEG,RGB,1.0,False,034b4214114a84aacb71bc1b3d28713a,c827963cb3ed8649,1,9
/kaggle/input/datasets/jessicamercya/satria-data-2026/BDC2026-20260708T012259Z-3-001 - Copy/BDC2026/train/1_Electronic/Television_198.jpg,Electronic,150,150,JPEG,RGB,1.0,False,a9d9143f0c465e30fc5b0a0f00fc8228,aaff9568c14ac949,4,15
/kaggle/input/datasets/jessicamercya/satria-data-2026/BDC2026-20260708T012259Z-3-001 - Copy/BDC2026/train/1_Electronic/Washing_Machine_90.jpg,Electronic,150,150,JPEG,RGB,1.0,False,5e848757701d527137b111fa5ded0094,e991cc9687ccce92,3,27
/kaggle/input/datasets/jessicamercya/satria-data-2026/BDC2026-20260708T012259Z-3-001 - Copy/BDC2026/train/1_Electronic/Microwave_88.jpg,Electronic,150,150,JPEG,RGB,1.0,False,467618d37ba6866977fba16549184fe8,bfd0d2c1c9856d16,2,40
/kaggle/input/datasets/jessicamercya/satria-data-2026/BDC2026-20260708T012259Z-3-001 - Copy/BDC2026/train/1_Electronic/68.01hcyge26wn3gpyy4t0dgvb5ke.jpg,Electronic,640,427,JPEG,RGB,1.4988290398126465,False,35bb9e58cd355ab8b90fecae5d417214,bba1f0b5f6560226,0,34
/kaggle/input/datasets/jessicamercya/satria-data-2026/BDC2026-20260708T012259Z-3-001 - Copy/BDC2026/train/1_Electronic/Keyboard_31.jpg,Electronic,150,150,JPEG,RGB,1.0,False,9b912cca0485d24523dac3d68e7abe9a,ee49c49fb1a4d981,2,5
/kaggle/input/datasets/jessicamercya/satria-data-2026/BDC2026-20260708T012259Z-3-001 - Copy/BDC2026/train/1_Electronic/Television_68.jpg,Electronic,150,150,JPEG,RGB,1.0,False,4382e20da0674110ecc05c08f024ca64,e09d1ee2bd0462b7,2,40
/kaggle/input/datasets/jessicamercya/satria-data-2026/BDC2026-20260708T012259Z-3-001 - Copy/BDC2026/train/1_Electronic/Keyboard_47.jpg,Electronic,150,150,JPEG,RGB,1.0,False,c9ba8032d29a80bc1d74c88ecc1ba992,e1868810d69fdabb,11,57
/kaggle/input/datasets/jessicamercya/satria-data-2026/BDC2026-20260708T012259Z-3-001 - Copy/BDC2026/train/1_Electronic/Copy of IMG_20200328_221613.jpg,Electronic,8000,6000,JPEG,RGB,1.3333333333333333,False,de0c1a2e9c0b5df3991657503be18416,ad7fda80c0d8e0da,11,47
/kaggle/input/datasets/jessicamercya/satria-data-2026/BDC2026-20260708T012259Z-3-001 - Copy/BDC2026/train/1_Electronic/71.electronic-waste-chaos-stockcake.jpg,Electronic,728,408,JPEG,RGB,1.7843137254901962,False,0892f4db5fe39aced7c80be00a4071c5,8ca638d55a37d4d2,0,14
/kaggle/input/datasets/jessicamercya/satria-data-2026/BDC2026-20260708T012259Z-3-001 - Copy/BDC2026/train/1_Electronic/Player_281.jpg,Electronic,150,150,JPEG,RGB,1.0,False,ccec43eb1da6562f64e3825f244b56a1,ee6ad1a18094e5cf,9,48
/kaggle/input/datasets/jessicamercya/satria-data-2026/BDC2026-20260708T012259Z-3-001 - Copy/BDC2026/train/1_Electronic/Washing_Machine_283.jpg,Electronic,150,150,JPEG,RGB,1.0,False,aa44ff6d2d6ec2de8b36bedce8094c71,fad27aa5bca19421,3,8
/kaggle/input/datasets/jessicamercya/satria-data-2026/BDC2026-20260708T012259Z-3-001 - Copy/BDC2026/train/1_Electronic/Mouse_232.jpg,Electronic,150,150,JPEG,RGB,1.0,False,50319411beb6fc94b47658dadc0208a4,adc3d6446a39f9a0,5,3
/kaggle/input/datasets/jessicamercya/satria-data-2026/BDC2026-20260708T012259Z-3-001 - Copy/BDC2026/train/1_Electronic/Keyboard_287.jpg,Electronic,150,150,JPEG,RGB,1.0,False,ccfc668089c665dc483082701251e607,eb9695293e5c6192,2,32
/kaggle/input/datasets/jessicamercya/satria-data-2026/BDC2026-20260708T012259Z-3-001 - Copy/BDC2026/train/1_Electronic/Printer_138.jpg,Electronic,150,150,JPEG,RGB,1.0,False,3c7f70cb2ec82171370366a29c9810e2,b90ea647d6dac314,6,6
/kaggle/input/datasets/jessicamercya/satria-data-2026/BDC2026-20260708T012259Z-3-001 - Copy/BDC2026/train/1_Electronic/IMG_20201101_130841.jpg,Electronic,4000,3000,JPEG,RGB,1.3333333333333333,False,38294884b77a4d45cb9ebc66a3594045,fcce889b903b033b,11,47
/kaggle/input/datasets/jessicamercya/satria-data-2026/BDC2026-20260708T012259Z-3-001 - Copy/BDC2026/train/1_Electronic/553.jpg,Electronic,2340,4160,JPEG,RGB,0.5625,False,560a45f7160b06851f35da7f2bfcd85c,bfea8195d24286da,1,4
/kaggle/input/datasets/jessicamercya/satria-data-2026/BDC2026-20260708T012259Z-3-001 - Copy/BDC2026/train/1_Electronic/Washing_Machine_51.jpg,Electronic,150,150,JPEG,RGB,1.0,False,35161a598a8009fe780f8100b17f25c8,b969c224cf9b9293,3,35
/kaggle/input/datasets/jessicamercya/satria-data-2026/BDC2026-20260708T012259Z-3-001 - Copy/BDC2026/train/1_Electronic/Player_180.jpg,Electronic,150,150,JPEG,RGB,1.0,False,86f7bad3107bcd08c44a57327c5b3877,ead2853f94e09365,9,17
/kaggle/input/datasets/jessicamercya/satria-data-2026/BDC2026-20260708T012259Z-3-001 - Copy/BDC2026/train/1_Electronic/Keyboard_169.jpg,Electronic,150,150,JPEG,RGB,1.0,False,a7873a63943ca7a5266030a0f366f564,af64d0902d5c3f27,2,5
/kaggle/input/datasets/jessicamercya/satria-data-2026/BDC2026-20260708T012259Z-3-001 - Copy/BDC2026/train/1_Electronic/istockphoto-876635272-1024x1024.jpg,Electronic,682,1024,JPEG,RGB,0.666015625,False,f39d3b3a41e56c80f03dca01dc36249d,f85c1bca2be191b1,0,0
/kaggle/input/datasets/jessicamercya/satria-data-2026/BDC2026-20260708T012259Z-3-001 - Copy/BDC2026/train/1_Electronic/battery_86.jpg,Electronic,150,150,JPEG,RGB,1.0,False,d956f6f97e414cf951fc5eef9bfc8545,b939c24ad2c697a5,13,19
/kaggle/input/datasets/jessicamercya/satria-data-2026/BDC2026-20260708T012259Z-3-001 - Copy/BDC2026/train/1_Electronic/Television_225.jpg,Electronic,150,150,JPEG,RGB,1.0,False,a3f31a9c450f3d2e6c707edee1d5fbd3,be4be13694e093e1,4,10
/kaggle/input/datasets/jessicamercya/satria-data-2026/BDC2026-20260708T012259Z-3-001 - Copy/BDC2026/train/1_Electronic/Mobile_76.jpg,Electronic,150,150,JPEG,RGB,1.0,False,d7f91fc4e75c919b3a7d95a5fba8f6c1,b6cbc985c5269636,1,9
/kaggle/input/datasets/jessicamercya/satria-data-2026/BDC2026-20260708T012259Z-3-001 - Copy/BDC2026/train/1_Electronic/battery_145.jpg,Electronic,150,150,JPEG,RGB,1.0,False,94d0884bf487723c8292ab42235595ea,b237e3d0dc6bc580,13,19
/kaggle/input/datasets/jessicamercya/satria-data-2026/BDC2026-20260708T012259Z-3-001 - Copy/BDC2026/train/1_Electronic/Microwave_213.jpg,Electronic,150,150,JPEG,RGB,1.0,False,1e01025ede8ed8906e2930f182b03205,ef7894c1c1166e3a,8,1
/kaggle/input/datasets/jessicamercya/satria-data-2026/BDC2026-20260708T012259Z-3-001 - Copy/BDC2026/train/1_Electronic/74.recycleIT-blog-post-safe-disposal2.jpg,Electronic,960,260,JPEG,RGB,3.6923076923076925,False,675193daa0f5cbe15cefd723a5da9ea7,cfe466963938d0e1,0,54
/kaggle/input/datasets/jessicamercya/satria-data-2026/BDC2026-20260708T012259Z-3-001 - Copy/BDC2026/train/1_Electronic/83653540-burned-and-damaged-car-battery-after-fire-accident.jpg,Electronic,866,1300,JPEG,RGB,0.6661538461538462,False,beeb8db14a3f05ee7dd5e8ddb9f6f5c4,809a16332997b7be,0,14
/kaggle/input/datasets/jessicamercya/satria-data-2026/BDC2026-20260708T012259Z-3-001 - Copy/BDC2026/train/1_Electronic/Microwave_161.jpg,Electronic,150,150,JPEG,RGB,1.0,False,c4caa12b7338090118eb4d4ed5e2d6d4,b7b868d248c6f0e5,8,20
/kaggle/input/datasets/jessicamercya/satria-data-2026/BDC2026-20260708T012259Z-3-001 - Copy/BDC2026/train/1_Electronic/35.depositphotos_213404014-stock-photo-electronic-waste-old-computers-monitors.jpg,Electronic,1600,1167,JPEG,RGB,1.3710368466152527,False,dace435d3fb65e42a96ea9340bf54ed6,a1f078a736c6669a,0,0
/kaggle/input/datasets/jessicamercya/satria-data-2026/BDC2026-20260708T012259Z-3-001 - Copy/BDC2026/train/1_Electronic/Keyboard_56.jpg,Electronic,150,150,JPEG,RGB,1.0,False,655cc3de933e882d68cf90f79e1c2307,fb6fa252a930ad50,2,5
/kaggle/input/datasets/jessicamercya/satria-data-2026/BDC2026-20260708T012259Z-3-001 - Copy/BDC2026/train/1_Electronic/Television_1.jpg,Electronic,150,150,JPEG,RGB,1.0,False,f957b9f7bd303d8b929c32443338472b,dfc47492306dc07d,4,12
/kaggle/input/datasets/jessicamercya/satria-data-2026/BDC2026-20260708T012259Z-3-001 - Copy/BDC2026/train/1_Electronic/Keyboard_1.jpg,Electronic,150,150,JPEG,RGB,1.0,False,7525db8d2188954c91918c8370a22c4f,ba4bd1ad8b149d16,2,5
/kaggle/input/datasets/jessicamercya/satria-data-2026/BDC2026-20260708T012259Z-3-001 - Copy/BDC2026/train/1_Electronic/Television_232.jpg,Electronic,150,150,JPEG,RGB,1.0,False,73fb598da8e0f5531fd1aff715d9af78,eac8b50ab51f809f,4,10
/kaggle/input/datasets/jessicamercya/satria-data-2026/BDC2026-20260708T012259Z-3-001 - Copy/BDC2026/train/1_Electronic/Mouse_278.jpg,Electronic,150,150,JPEG,RGB,1.0,False,4541e729fad82dc534efe515c60d9fcd,ed84f23b8d649661,5,36
/kaggle/input/datasets/jessicamercya/satria-data-2026/BDC2026-20260708T012259Z-3-001 - Copy/BDC2026/train/1_Electronic/pcb_295.jpg,Electronic,150,150,JPEG,RGB,1.0,False,58cac369e82fff2f4a66ead802155b13,abf61d1d644952c9,7,18
/kaggle/input/datasets/jessicamercya/satria-data-2026/BDC2026-20260708T012259Z-3-001 - Copy/BDC2026/train/1_Electronic/70.video-thumb-electronics-recycling-services.jpg,Electronic,640,360,JPEG,RGB,1.7777777777777777,False,3a7fca619559e3614b8f01ae8a893777,9cde22c5b66b9126,0,14
/kaggle/input/datasets/jessicamercya/satria-data-2026/BDC2026-20260708T012259Z-3-001 - Copy/BDC2026/train/1_Electronic/Washing_Machine_136.jpg,Electronic,150,150,JPEG,RGB,1.0,False,8495241a8f35c7c246008e6245f52c4f,c0157d27775d8c64,3,28
/kaggle/input/datasets/jessicamercya/satria-data-2026/BDC2026-20260708T012259Z-3-001 - Copy/BDC2026/train/1_Electronic/8.Laptops-edited.jpg,Electronic,2048,1152,JPEG,RGB,1.7777777777777777,False,9c14b59f5800698ca49eebdeb0a391dc,9c99498db4323bb6,0,0
/kaggle/input/datasets/jessicamercya/satria-data-2026/BDC2026-20260708T012259Z-3-001 - Copy/BDC2026/train/1_Electronic/Television_154.jpg,Electronic,150,150,JPEG,RGB,1.0,False,dd172cd15f006ba85aa4ac4751015970,bf3bc434c26bc1c2,4,10
/kaggle/input/datasets/jessicamercya/satria-data-2026/BDC2026-20260708T012259Z-3-001 - Copy/BDC2026/train/1_Electronic/Printer_50.jpg,Electronic,150,150,JPEG,RGB,1.0,False,3a3aaf5936fafca55770da4eaf984956,e19e9c63366419da,2,40
/kaggle/input/datasets/jessicamercya/satria-data-2026/BDC2026-20260708T012259Z-3-001 - Copy/BDC2026/train/1_Electronic/12.Pasar-loak-Tanjung-Duren-3959666686.jpg,Electronic,1200,675,WEBP,RGB,1.7777777777777777,False,b31654ed079d0ccea9441b4489b3cae8,c164591aefd09d93,0,0
/kaggle/input/datasets/jessicamercya/satria-data-2026/BDC2026-20260708T012259Z-3-001 - Copy/BDC2026/train/1_Electronic/Player_135.jpg,Electronic,150,150,JPEG,RGB,1.0,False,d9a0e3a6e53a8e1d5b73b82f79d9837c,ea94a90efd31443e,9,17
/kaggle/input/datasets/jessicamercya/satria-data-2026/BDC2026-20260708T012259Z-3-001 - Copy/BDC2026/train/1_Electronic/Player_7.jpg,Electronic,150,150,JPEG,RGB,1.0,False,e65841eabaf8285ce25bdb852c8a7b88,ebd29061cd0f6699,9,21
/kaggle/input/datasets/jessicamercya/satria-data-2026/BDC2026-20260708T012259Z-3-001 - Copy/BDC2026/train/1_Electronic/15.recycling-of-electronic-waste-in-India.jpg,Electronic,960,720,JPEG,RGB,1.3333333333333333,False,7a104bf0305efd8598d42ec5dd161a38,b3ad2db383485636,0,22
/kaggle/input/datasets/jessicamercya/satria-data-2026/BDC2026-20260708T012259Z-3-001 - Copy/BDC2026/train/1_Electronic/13.8UFF49KxTmJVQQhvmpnQZJ.jpg,Electronic,1920,1080,JPEG,RGB,1.7777777777777777,False,489ac4027b1ecef03569607a1d58bac5,ea0c96e3a11e3c7a,0,0
/kaggle/input/datasets/jessicamercya/satria-data-2026/BDC2026-20260708T012259Z-3-001 - Copy/BDC2026/train/1_Electronic/Mouse_156.jpg,Electronic,150,150,JPEG,RGB,1.0,False,466337120233aba7a472f17e1bdb47ff,ebd0b56fd809922c,5,3
/kaggle/input/datasets/jessicamercya/satria-data-2026/BDC2026-20260708T012259Z-3-001 - Copy/BDC2026/train/1_Electronic/Television_182.jpg,Electronic,150,150,JPEG,RGB,1.0,False,56002cfdf793a5fc82d4b51500aff2ad,83923d65d293c36d,4,15
/kaggle/input/datasets/jessicamercya/satria-data-2026/BDC2026-20260708T012259Z-3-001 - Copy/BDC2026/train/1_Electronic/pcb_277.jpg,Electronic,150,150,JPEG,RGB,1.0,False,5960bbb68cd596bac79862cf06559941,9be284f94b3c03ce,7,7
/kaggle/input/datasets/jessicamercya/satria-data-2026/BDC2026-20260708T012259Z-3-001 - Copy/BDC2026/train/1_Electronic/pcb_81.jpg,Electronic,150,150,JPEG,RGB,1.0,False,464cd0bfbd5f9d02ae788ef4b188f721,84eba127715ce21f,7,18
/kaggle/input/datasets/jessicamercya/satria-data-2026/BDC2026-20260708T012259Z-3-001 - Copy/BDC2026/train/1_Electronic/Keyboard_46.jpg,Electronic,150,150,JPEG,RGB,1.0,False,726afe5b15edfcf39009970a7f21f5e8,87ad0374245527f7,2,32
/kaggle/input/datasets/jessicamercya/satria-data-2026/BDC2026-20260708T012259Z-3-001 - Copy/BDC2026/train/1_Electronic/78.limbah-elektronik-3_169.jpeg,Electronic,1024,577,JPEG,RGB,1.7746967071057191,False,d05e9c5b7034d5f3a5ebb1bb9c76a91e,e284a76d50c18ebf,0,22
/kaggle/input/datasets/jessicamercya/satria-data-2026/BDC2026-20260708T012259Z-3-001 - Copy/BDC2026/train/1_Electronic/521.jpeg,Electronic,780,1040,JPEG,RGB,0.75,False,4ee4c5973ffc566ae17371c9ca0971c6,a9d6de2196696165,1,4
/kaggle/input/datasets/jessicamercya/satria-data-2026/BDC2026-20260708T012259Z-3-001 - Copy/BDC2026/train/1_Electronic/Player_223.jpg,Electronic,150,150,JPEG,RGB,1.0,False,fa9daefaf36e557c2d23e4b91d0bdc4f,b3c4ccb32bc53c8c,9,21
/kaggle/input/datasets/jessicamercya/satria-data-2026/BDC2026-20260708T012259Z-3-001 - Copy/BDC2026/train/1_Electronic/Player_234.jpg,Electronic,150,150,JPEG,RGB,1.0,False,c3da3c0172dcd494ea31effb42f5b344,be2bc194286b9f1c,9,50
/kaggle/input/datasets/jessicamercya/satria-data-2026/BDC2026-20260708T012259Z-3-001 - Copy/BDC2026/train/1_Electronic/pcb_68.jpg,Electronic,150,150,JPEG,RGB,1.0,False,12b492e70cf5ad830c8c6de0e53c96a7,94ba0acb6c646cdb,7,18
/kaggle/input/datasets/jessicamercya/satria-data-2026/BDC2026-20260708T012259Z-3-001 - Copy/BDC2026/train/1_Electronic/11.a-pile-of-broken-technology-parts-R41G6E.jpg,Electronic,1300,956,JPEG,RGB,1.3598326359832635,False,cc447aa217f8d265b93623a61d5e594f,bfb7db8a029149a4,0,34
/kaggle/input/datasets/jessicamercya/satria-data-2026/BDC2026-20260708T012259Z-3-001 - Copy/BDC2026/train/1_Electronic/4.repair-water-damaged-laptop-0015.jpg,Electronic,720,480,JPEG,RGB,1.5,False,1da6c75f5ddae8fef81dda9ba08ec3be,97bf30b102dccaa6,7,18
/kaggle/input/datasets/jessicamercya/satria-data-2026/BDC2026-20260708T012259Z-3-001 - Copy/BDC2026/train/1_Electronic/Mouse_70.jpg,Electronic,150,150,JPEG,RGB,1.0,False,a16609f926cf1ff4b88e38370aaab9d6,8ca4cb5db4da91d8,5,26
/kaggle/input/datasets/jessicamercya/satria-data-2026/BDC2026-20260708T012259Z-3-001 - Copy/BDC2026/train/1_Electronic/istockphoto-876642462-1024x1024.jpg,Electronic,1024,682,JPEG,RGB,1.501466275659824,False,d0c523f9f522597d5378cacd51fb980b,fd3d940e5c176407,0,0
/kaggle/input/datasets/jessicamercya/satria-data-2026/BDC2026-20260708T012259Z-3-001 - Copy/BDC2026/train/1_Electronic/Mouse_233.jpg,Electronic,150,150,JPEG,RGB,1.0,False,86d0c871cf3540d23b866b9180c4a774,bc9ec778996190c5,5,26
/kaggle/input/datasets/jessicamercya/satria-data-2026/BDC2026-20260708T012259Z-3-001 - Copy/BDC2026/train/1_Electronic/75.58499e60a29dd.image.jpg,Electronic,600,411,JPEG,RGB,1.4598540145985401,False,70ab2f50bf2a967f7e5baeb9ba5f102a,aa9ff42ac2a533c2,0,0
/kaggle/input/datasets/jessicamercya/satria-data-2026/BDC2026-20260708T012259Z-3-001 - Copy/BDC2026/train/1_Electronic/Player_267.jpg,Electronic,150,150,JPEG,RGB,1.0,False,49082862c5bbe902fcfbdc49bd259db1,fa35c2921dd89237,9,50
/kaggle/input/datasets/jessicamercya/satria-data-2026/BDC2026-20260708T012259Z-3-001 - Copy/BDC2026/train/1_Electronic/Mouse_77.jpg,Electronic,150,150,JPEG,RGB,1.0,False,d8fa3974785871bea8a4cc09e5df160f,f8cb876cc3349893,5,3
/kaggle/input/datasets/jessicamercya/satria-data-2026/BDC2026-20260708T012259Z-3-001 - Copy/BDC2026/train/1_Electronic/Keyboard_71.jpg,Electronic,150,150,JPEG,RGB,1.0,False,40e069fdca6e440e651af353aaca7287,fd3990c24b2d3752,2,5
/kaggle/input/datasets/jessicamercya/satria-data-2026/BDC2026-20260708T012259Z-3-001 - Copy/BDC2026/train/1_Electronic/Player_225.jpg,Electronic,150,150,JPEG,RGB,1.0,False,30175b0c9acfb46b27c985adccf703de,abc0e42b917e9f30,9,48
/kaggle/input/datasets/jessicamercya/satria-data-2026/BDC2026-20260708T012259Z-3-001 - Copy/BDC2026/train/1_Electronic/214.jpeg,Electronic,1280,583,JPEG,RGB,2.195540308747856,False,20da328d12afe02e2937ef6190c58a42,a51d98036fe83dcc,10,56
/kaggle/input/datasets/jessicamercya/satria-data-2026/BDC2026-20260708T012259Z-3-001 - Copy/BDC2026/train/1_Electronic/302.jpeg,Electronic,864,1152,JPEG,RGB,0.75,False,36cd2149d9cda9033689e64302813456,aaa980dad6d6d4c5,10,2
/kaggle/input/datasets/jessicamercya/satria-data-2026/BDC2026-20260708T012259Z-3-001 - Copy/BDC2026/train/1_Electronic/Keyboard_294.jpg,Electronic,150,150,JPEG,RGB,1.0,False,69cfcce68a1984c609af2afa646cf8f2,bac4c53b6ec4914b,2,5
/kaggle/input/datasets/jessicamercya/satria-data-2026/BDC2026-20260708T012259Z-3-001 - Copy/BDC2026/train/1_Electronic/pcb_292.jpg,Electronic,150,150,JPEG,RGB,1.0,False,fe71e71913649d0c7e0ce294e7746673,bf1bd0b5c252cac1,7,23
/kaggle/input/datasets/jessicamercya/satria-data-2026/BDC2026-20260708T012259Z-3-001 - Copy/BDC2026/train/1_Electronic/Mouse_168.jpg,Electronic,150,150,JPEG,RGB,1.0,False,109f3373ebd348d497b87f2947406efd,b39d48e24cb34fb0,5,3
/kaggle/input/datasets/jessicamercya/satria-data-2026/BDC2026-20260708T012259Z-3-001 - Copy/BDC2026/train/1_Electronic/9.laptop-scrap-2180430574-7bekzljc.png,Electronic,500,334,PNG,RGB,1.4970059880239521,False,16e67e31b8030c0c039570f2bea341ef,86eb86e5987c31b4,0,0
/kaggle/input/datasets/jessicamercya/satria-data-2026/BDC2026-20260708T012259Z-3-001 - Copy/BDC2026/train/1_Electronic/7.0180f03e2213244bae19856c1cee9f2e.jpg,Electronic,640,360,JPEG,RGB,1.7777777777777777,False,cf0421e5772fcd7cc2985da715c01808,e4e1b7f7b88c4203,0,14
/kaggle/input/datasets/jessicamercya/satria-data-2026/BDC2026-20260708T012259Z-3-001 - Copy/BDC2026/train/1_Electronic/615.jpg,Electronic,3496,3496,JPEG,L,1.0,False,bad51be46c84ceff449928e2cbe672b6,bf1ea11fe0936c90,4,10
/kaggle/input/datasets/jessicamercya/satria-data-2026/BDC2026-20260708T012259Z-3-001 - Copy/BDC2026/train/1_Electronic/Player_19.jpg,Electronic,150,150,JPEG,RGB,1.0,False,4bf6e6233d1083f5345d96ecb668a619,aac1d07a9535abb2,9,21
/kaggle/input/datasets/jessicamercya/satria-data-2026/BDC2026-20260708T012259Z-3-001 - Copy/BDC2026/train/1_Electronic/6.depositphotos_27499923-stock-photo-discarded-used-and-old-computer.jpg,Electronic,600,400,WEBP,RGB,1.5,False,b44a952fc041b30a1c14daa716c7b3bf,b991c6c6286bce39,0,0
/kaggle/input/datasets/jessicamercya/satria-data-2026/BDC2026-20260708T012259Z-3-001 - Copy/BDC2026/train/1_Electronic/Microwave_78.jpg,Electronic,150,150,JPEG,RGB,1.0,False,1f8b4c0c257471b8cb01ce01b9bebbeb,ea9ab53b84e08e65,8,1
/kaggle/input/datasets/jessicamercya/satria-data-2026/BDC2026-20260708T012259Z-3-001 - Copy/BDC2026/train/1_Electronic/Player_296.jpg,Electronic,150,150,JPEG,RGB,1.0,False,be6516317958487935ccd4d28b180c70,ff6997044885781f,9,45
/kaggle/input/datasets/jessicamercya/satria-data-2026/BDC2026-20260708T012259Z-3-001 - Copy/BDC2026/train/1_Electronic/6.WhatsApp-Image-2024-09-14-at-14.56.33-3-1024x1024.jpeg,Electronic,1024,1024,JPEG,RGB,1.0,False,f01dbd73f5aaa217e6fb40eebda55b5d,cc684bb0e49ad6d9,3,28
/kaggle/input/datasets/jessicamercya/satria-data-2026/BDC2026-20260708T012259Z-3-001 - Copy/BDC2026/train/1_Electronic/Mouse_159.jpg,Electronic,150,150,JPEG,RGB,1.0,False,2ffa1a740aa346adfea906bf3d3c17f7,fab3b1919990b616,5,3
/kaggle/input/datasets/jessicamercya/satria-data-2026/BDC2026-20260708T012259Z-3-001 - Copy/BDC2026/train/1_Electronic/pcb_43.jpg,Electronic,150,150,JPEG,RGB,1.0,False,ac3abfc80b0e875bb599ab8b9dd5c786,9a2063b75b646cc7,7,7
/kaggle/input/datasets/jessicamercya/satria-data-2026/BDC2026-20260708T012259Z-3-001 - Copy/BDC2026/train/1_Electronic/pcb_256.jpg,Electronic,150,150,JPEG,RGB,1.0,False,181e9a87aefbe2249beaa8ee9d912172,8ef67689d8517055,7,18
/kaggle/input/datasets/jessicamercya/satria-data-2026/BDC2026-20260708T012259Z-3-001 - Copy/BDC2026/train/1_Electronic/battery_50.jpg,Electronic,150,150,JPEG,RGB,1.0,False,dbe48ced7b0f99a79b47a45a30a2820c,ed93936c86c98aca,12,37
/kaggle/input/datasets/jessicamercya/satria-data-2026/BDC2026-20260708T012259Z-3-001 - Copy/BDC2026/train/1_Electronic/Mouse_182.jpg,Electronic,150,150,JPEG,RGB,1.0,False,273216f72f23508d50399b6fc0b35638,cf1c3ac7306a31b6,5,3
/kaggle/input/datasets/jessicamercya/satria-data-2026/BDC2026-20260708T012259Z-3-001 - Copy/BDC2026/train/1_Electronic/Printer_269.jpg,Electronic,150,150,JPEG,RGB,1.0,False,6a3bfc31e50d05051937349cf92546d4,bb03b43fd330c2d2,6,53
/kaggle/input/datasets/jessicamercya/satria-data-2026/BDC2026-20260708T012259Z-3-001 - Copy/BDC2026/train/1_Electronic/Washing_Machine_202.jpg,Electronic,150,150,JPEG,RGB,1.0,False,22b6a57b8698855fb194431fd3fff295,ab69c54b4adb60b8,3,8
/kaggle/input/datasets/jessicamercya/satria-data-2026/BDC2026-20260708T012259Z-3-001 - Copy/BDC2026/train/1_Electronic/14.laptop-recycling-1422x800.jpg,Electronic,1422,800,JPEG,RGB,1.7775,False,3e05bb89a7d27232cc56c91564d58aa7,9391631f3ca67386,0,34
/kaggle/input/datasets/jessicamercya/satria-data-2026/BDC2026-20260708T012259Z-3-001 - Copy/BDC2026/train/1_Electronic/Television_189.jpg,Electronic,150,150,JPEG,RGB,1.0,False,0489c14a8650aca61c267cc1e0c5d9e4,fe6887a4d987d091,4,10
/kaggle/input/datasets/jessicamercya/satria-data-2026/BDC2026-20260708T012259Z-3-001 - Copy/BDC2026/train/1_Electronic/Player_251.jpg,Electronic,150,150,JPEG,RGB,1.0,False,ac03d2285f875394824cd3a710297809,fac485d1946bcc9a,9,50
/kaggle/input/datasets/jessicamercya/satria-data-2026/BDC2026-20260708T012259Z-3-001 - Copy/BDC2026/train/1_Electronic/Mouse_249.jpg,Electronic,150,150,JPEG,RGB,1.0,False,b9c4a0d4577b8d61bb4f59a38c6db43e,bf61943f8a1865d8,5,3
/kaggle/input/datasets/jessicamercya/satria-data-2026/BDC2026-20260708T012259Z-3-001 - Copy/BDC2026/train/1_Electronic/Keyboard_124.jpg,Electronic,150,150,JPEG,RGB,1.0,False,a5ceabafdb6bd95d9c9300b2eef897f8,fff5bc94a4848381,2,5
/kaggle/input/datasets/jessicamercya/satria-data-2026/BDC2026-20260708T012259Z-3-001 - Copy/BDC2026/train/1_Electronic/Player_242.jpg,Electronic,150,150,JPEG,RGB,1.0,False,0a039233f3184b7f67567977e2050af5,ea91a546943f9a39,9,21
/kaggle/input/datasets/jessicamercya/satria-data-2026/BDC2026-20260708T012259Z-3-001 - Copy/BDC2026/train/1_Electronic/pcb_265.jpg,Electronic,150,150,JPEG,RGB,1.0,False,0419d2d48f24db37f14accdad1a31d24,ebec94d314945a96,7,7
/kaggle/input/datasets/jessicamercya/satria-data-2026/BDC2026-20260708T012259Z-3-001 - Copy/BDC2026/train/1_Electronic/Keyboard_29.jpg,Electronic,150,150,JPEG,RGB,1.0,False,09e88e833d747c954f10753477f0f469,afc2d0312fc03f47,2,5
/kaggle/input/datasets/jessicamercya/satria-data-2026/BDC2026-20260708T012259Z-3-001 - Copy/BDC2026/train/1_Electronic/Keyboard_266.jpg,Electronic,150,150,JPEG,RGB,1.0,False,dcab6a085c635281702c3cd327a2905f,f81acc65333d1a99,2,13
/kaggle/input/datasets/jessicamercya/satria-data-2026/BDC2026-20260708T012259Z-3-001 - Copy/BDC2026/train/1_Electronic/Microwave_19.jpg,Electronic,150,150,JPEG,RGB,1.0,False,205dccb1d217f20e00638d41502e48bd,ff5a84a4d0a87e51,8,1
/kaggle/input/datasets/jessicamercya/satria-data-2026/BDC2026-20260708T012259Z-3-001 - Copy/BDC2026/train/1_Electronic/Mouse_95.jpg,Electronic,150,150,JPEG,RGB,1.0,False,8406a31781b7480d28ead6bdb3164ad0,e8b099cf92396cb4,5,26
/kaggle/input/datasets/jessicamercya/satria-data-2026/BDC2026-20260708T012259Z-3-001 - Copy/BDC2026/train/1_Electronic/Microwave_134.jpg,Electronic,150,150,JPEG,RGB,1.0,False,52f93eb401b22ab625c15b2db1bf6734,b0be4f8c30718e75,8,20
/kaggle/input/datasets/jessicamercya/satria-data-2026/BDC2026-20260708T012259Z-3-001 - Copy/BDC2026/train/1_Electronic/66.Electronic_20Recyclables.png,Electronic,2000,1429,PNG,RGBA,1.3995801259622114,False,d41e16c5a0ce43511424271face501db,e18445b1a1f8fae9,0,14
/kaggle/input/datasets/jessicamercya/satria-data-2026/BDC2026-20260708T012259Z-3-001 - Copy/BDC2026/train/1_Electronic/79.computer-hardware-scraps-1276859.jpg,Electronic,208,160,JPEG,RGB,1.3,False,2b39cc8f764b65039085983dfb900f6f,ae02a1edc7d8d8d4,7,18
/kaggle/input/datasets/jessicamercya/satria-data-2026/BDC2026-20260708T012259Z-3-001 - Copy/BDC2026/train/1_Electronic/Washing_Machine_162.jpg,Electronic,150,150,JPEG,RGB,1.0,False,2654c57ae5fd3058bdf7579b2b18e9ab,edc790309366c6e6,3,35
/kaggle/input/datasets/jessicamercya/satria-data-2026/BDC2026-20260708T012259Z-3-001 - Copy/BDC2026/train/1_Electronic/Player_144.jpg,Electronic,150,150,JPEG,RGB,1.0,False,69e25fcea2875b890c70df263355cbdf,e3d1e42bd6b8006f,9,17
/kaggle/input/datasets/jessicamercya/satria-data-2026/BDC2026-20260708T012259Z-3-001 - Copy/BDC2026/train/1_Electronic/18.e172baa7c477f292b80cddf046f813d9.jpg,Electronic,720,341,JPEG,RGB,2.1114369501466275,False,4058c46d25f35a6163b402c60cbd5925,cf15d1e8504927be,0,0
/kaggle/input/datasets/jessicamercya/satria-data-2026/BDC2026-20260708T012259Z-3-001 - Copy/BDC2026/train/1_Electronic/Player_286.jpg,Electronic,150,150,JPEG,RGB,1.0,False,3935c7c3854b3a8403ae74873b7ef1a1,eb90c46f973e805a,9,21
/kaggle/input/datasets/jessicamercya/satria-data-2026/BDC2026-20260708T012259Z-3-001 - Copy/BDC2026/train/1_Electronic/12.IMG_20210524_112912.jpg,Electronic,4000,3008,JPEG,RGB,1.3297872340425532,False,ebee27639466d00c5449bd5e74e99a22,a14e241f78915b7b,0,14
/kaggle/input/datasets/jessicamercya/satria-data-2026/BDC2026-20260708T012259Z-3-001 - Copy/BDC2026/train/1_Electronic/Microwave_265.jpg,Electronic,150,150,JPEG,RGB,1.0,False,00e01c1656806786128356afa899988e,bf49c0b6c13b3c49,8,1
/kaggle/input/datasets/jessicamercya/satria-data-2026/BDC2026-20260708T012259Z-3-001 - Copy/BDC2026/train/1_Electronic/586.jpeg,Electronic,1152,864,JPEG,RGB,1.3333333333333333,False,1fb9fbb8f416a8bb140cb73a54515925,fd61c59556503a6a,1,4
/kaggle/input/datasets/jessicamercya/satria-data-2026/BDC2026-20260708T012259Z-3-001 - Copy/BDC2026/train/1_Electronic/Printer_176.jpg,Electronic,150,150,JPEG,RGB,1.0,False,ec30ca576685eb7a288d97c876dc1e3f,b2cbe724c966619c,6,11
/kaggle/input/datasets/jessicamercya/satria-data-2026/BDC2026-20260708T012259Z-3-001 - Copy/BDC2026/train/1_Electronic/8.jpeg,Electronic,4000,3000,JPEG,RGB,1.3333333333333333,False,6479c7e80576ede1a240c753ddb408c7,bfa2e01f3ea825c1,11,31
/kaggle/input/datasets/jessicamercya/satria-data-2026/BDC2026-20260708T012259Z-3-001 - Copy/BDC2026/train/1_Electronic/Printer_79.jpg,Electronic,150,150,JPEG,RGB,1.0,False,09bc01e21747a05bc7bdb77adc63dbcf,b8d1a5afca5a604e,6,6
/kaggle/input/datasets/jessicamercya/satria-data-2026/BDC2026-20260708T012259Z-3-001 - Copy/BDC2026/train/1_Electronic/198.jpeg,Electronic,1152,864,JPEG,RGB,1.3333333333333333,False,bcced74f4d1f0244f66e812af43a0a10,bc7c9cb894dc584c,10,2
/kaggle/input/datasets/jessicamercya/satria-data-2026/BDC2026-20260708T012259Z-3-001 - Copy/BDC2026/train/1_Electronic/Keyboard_97.jpg,Electronic,150,150,JPEG,RGB,1.0,False,71419b893d49eb694e61bc2048021721,d148ce6aacb5d692,2,13
/kaggle/input/datasets/jessicamercya/satria-data-2026/BDC2026-20260708T012259Z-3-001 - Copy/BDC2026/train/1_Electronic/Washing_Machine_16.jpg,Electronic,150,150,JPEG,RGB,1.0,False,2e223fd888f1d8cade0b82a90f66f179,f30bcbea30158717,3,8
/kaggle/input/datasets/jessicamercya/satria-data-2026/BDC2026-20260708T012259Z-3-001 - Copy/BDC2026/train/1_Electronic/WhatsApp Image 2020-11-01 at 1.26.52 PM.jpeg,Electronic,720,1280,JPEG,RGB,0.5625,False,42dc38536471fe183c6a52972c110a0f,c4f71b446c9691ae,15,46
/kaggle/input/datasets/jessicamercya/satria-data-2026/BDC2026-20260708T012259Z-3-001 - Copy/BDC2026/train/1_Electronic/Keyboard_92.jpg,Electronic,150,150,JPEG,RGB,1.0,False,1d7169059d58803fa04350ac29354615,8d40a7c99764d3a7,2,13
/kaggle/input/datasets/jessicamercya/satria-data-2026/BDC2026-20260708T012259Z-3-001 - Copy/BDC2026/train/1_Electronic/Player_111.jpg,Electronic,150,150,JPEG,RGB,1.0,False,97870d2e16621e2f1b41759b346c6a48,9f18e3e3c65e4807,9,45
/kaggle/input/datasets/jessicamercya/satria-data-2026/BDC2026-20260708T012259Z-3-001 - Copy/BDC2026/train/1_Electronic/Washing_Machine_68.jpg,Electronic,150,150,JPEG,RGB,1.0,False,afd17e76e46bcc9c7588ac9a80173bd8,e464ce4ccd799332,3,27
/kaggle/input/datasets/jessicamercya/satria-data-2026/BDC2026-20260708T012259Z-3-001 - Copy/BDC2026/train/1_Electronic/18.old-desktop-pc-for-sale.png,Electronic,2100,1181,PNG,RGBA,1.7781541066892463,False,b47689ae7e86a59dca6540ffda8d012f,8591d6656b2eb994,11,44
/kaggle/input/datasets/jessicamercya/satria-data-2026/BDC2026-20260708T012259Z-3-001 - Copy/BDC2026/train/1_Electronic/battery_207.jpg,Electronic,150,150,JPEG,RGB,1.0,False,ad9a4fde77cb2e2b8ec4e584f97ef797,b96d94659167c2e2,12,38
/kaggle/input/datasets/jessicamercya/satria-data-2026/BDC2026-20260708T012259Z-3-001 - Copy/BDC2026/train/1_Electronic/Mobile_239.jpg,Electronic,150,150,JPEG,RGB,1.0,False,c4a22d4f110cbe3c8f67a46cc04d69bd,e5005f38889f679e,1,16
/kaggle/input/datasets/jessicamercya/satria-data-2026/BDC2026-20260708T012259Z-3-001 - Copy/BDC2026/train/1_Electronic/Microwave_115.jpg,Electronic,150,150,JPEG,RGB,1.0,False,fcb38e9e4b7b8c6ed1e381f485411587,825bc9b53535243f,8,20
/kaggle/input/datasets/jessicamercya/satria-data-2026/BDC2026-20260708T012259Z-3-001 - Copy/BDC2026/train/1_Electronic/upload_5145.jpg,Electronic,1200,783,JPEG,RGB,1.5325670498084292,False,d0dbd71a7769cfbd2f554cf38bf48cf8,ea1d9feaa4e08493,7,7
/kaggle/input/datasets/jessicamercya/satria-data-2026/BDC2026-20260708T012259Z-3-001 - Copy/BDC2026/train/1_Electronic/Mouse_40.jpg,Electronic,150,150,JPEG,RGB,1.0,False,f6f6507af8bc0c7cd4c31a93cbb293af,ea15524fb09c08ff,5,3
/kaggle/input/datasets/jessicamercya/satria-data-2026/BDC2026-20260708T012259Z-3-001 - Copy/BDC2026/train/1_Electronic/Television_86.jpg,Electronic,150,150,JPEG,RGB,1.0,False,dc3b2c22dd17b4e4b358ff3769f05df7,be2dc1c29dc8b43c,4,15
/kaggle/input/datasets/jessicamercya/satria-data-2026/BDC2026-20260708T012259Z-3-001 - Copy/BDC2026/train/1_Electronic/Player_90.jpg,Electronic,150,150,JPEG,RGB,1.0,False,d5d3a5e5d7659e5fd38c2d954fafaaeb,ef78a5879518d0e1,9,45
/kaggle/input/datasets/jessicamercya/satria-data-2026/BDC2026-20260708T012259Z-3-001 - Copy/BDC2026/train/1_Electronic/Player_104.jpg,Electronic,150,150,JPEG,RGB,1.0,False,fe47c46be24c679d98fb59560fc39829,af1ad0f0c2613e1f,9,45
/kaggle/input/datasets/jessicamercya/satria-data-2026/BDC2026-20260708T012259Z-3-001 - Copy/BDC2026/train/1_Electronic/Television_78.jpg,Electronic,150,150,JPEG,RGB,1.0,False,09dfbe9be88c60d29da07443db45fe4b,ffef80109830af27,4,15
/kaggle/input/datasets/jessicamercya/satria-data-2026/BDC2026-20260708T012259Z-3-001 - Copy/BDC2026/train/1_Electronic/IMG-20200328-WA0030(1).jpg,Electronic,640,1280,JPEG,RGB,0.5,False,b08d3af0610d14b90f181b3e58f9e7c0,b9bd9572c2c8c899,1,4
/kaggle/input/datasets/jessicamercya/satria-data-2026/BDC2026-20260708T012259Z-3-001 - Copy/BDC2026/train/1_Electronic/battery_136.jpg,Electronic,150,150,JPEG,RGB,1.0,False,69db89a5f883ba505ea697ccf097ff6a,e99696c696489e69,13,19
/kaggle/input/datasets/jessicamercya/satria-data-2026/BDC2026-20260708T012259Z-3-001 - Copy/BDC2026/train/1_Electronic/581.jpeg,Electronic,1152,864,JPEG,RGB,1.3333333333333333,False,9d24aa19982d7bbd5f61bb53c4764ef0,f095154a8bdfb868,1,4
/kaggle/input/datasets/jessicamercya/satria-data-2026/BDC2026-20260708T012259Z-3-001 - Copy/BDC2026/train/1_Electronic/71.AdobeStock_82118310.jpeg,Electronic,1000,661,JPEG,RGB,1.51285930408472,False,932fc3d555383f6f17ffdee0a19e5d30,e795ca528943952f,0,0
/kaggle/input/datasets/jessicamercya/satria-data-2026/BDC2026-20260708T012259Z-3-001 - Copy/BDC2026/train/1_Electronic/Mouse_152.jpg,Electronic,150,150,JPEG,RGB,1.0,False,40de2d89310b84b38fdd53b65c6b9e2a,b466c2929fcd19e4,5,3
/kaggle/input/datasets/jessicamercya/satria-data-2026/BDC2026-20260708T012259Z-3-001 - Copy/BDC2026/train/1_Electronic/Washing_Machine_191.jpg,Electronic,150,150,JPEG,RGB,1.0,False,20612861511a5685bf2ec807c4389595,b093c363cd4ccccd,3,35
/kaggle/input/datasets/jessicamercya/satria-data-2026/BDC2026-20260708T012259Z-3-001 - Copy/BDC2026/train/1_Electronic/Washing_Machine_205.jpg,Electronic,150,150,JPEG,RGB,1.0,False,c879d0c680e8eb274c7ab8c39b50570d,ea851d8d65794366,3,8
/kaggle/input/datasets/jessicamercya/satria-data-2026/BDC2026-20260708T012259Z-3-001 - Copy/BDC2026/train/1_Electronic/Keyboard_91.jpg,Electronic,150,150,JPEG,RGB,1.0,False,8b18f5c3ff477822d4d871a88e606af0,be0dc0f26f85341e,2,32
/kaggle/input/datasets/jessicamercya/satria-data-2026/BDC2026-20260708T012259Z-3-001 - Copy/BDC2026/train/1_Electronic/75.we-buy-scrap-tvs-4.png,Electronic,600,400,PNG,RGBA,1.5,False,c1b8a8c736402d3ad56f42ba7fdd19bc,b3a4d24a8f1bcd0b,0,0
/kaggle/input/datasets/jessicamercya/satria-data-2026/BDC2026-20260708T012259Z-3-001 - Copy/BDC2026/train/1_Electronic/battery_27.jpg,Electronic,150,150,JPEG,RGB,1.0,False,e90e1dac985f12bd14953aa6f66ca80d,ed3385c95a2c3752,13,19
/kaggle/input/datasets/jessicamercya/satria-data-2026/BDC2026-20260708T012259Z-3-001 - Copy/BDC2026/train/1_Electronic/67.Loacker-44.jpg,Electronic,1920,1280,JPEG,RGB,1.5,False,eae76288d16bcaff24629ad1ba5db300,aaccc9d3f072a8ac,0,14
/kaggle/input/datasets/jessicamercya/satria-data-2026/BDC2026-20260708T012259Z-3-001 - Copy/BDC2026/train/1_Electronic/IMG_20200329_142521.jpg,Electronic,4608,3456,JPEG,RGB,1.3333333333333333,False,3f499b0568d734e7dccc8690c92d5eb9,c255d6c84f2a939d,10,2
/kaggle/input/datasets/jessicamercya/satria-data-2026/BDC2026-20260708T012259Z-3-001 - Copy/BDC2026/train/1_Electronic/20.mtc1odyyntc5na-1758625794-umqaynj8.jpg,Electronic,1024,768,JPEG,RGB,1.3333333333333333,False,72c4d04809ff4325a97febc26140d552,c549703e8bc763b8,0,30
/kaggle/input/datasets/jessicamercya/satria-data-2026/BDC2026-20260708T012259Z-3-001 - Copy/BDC2026/train/1_Electronic/Microwave_58.jpg,Electronic,150,150,JPEG,RGB,1.0,False,53c7dfc6d6cdc3a67498f563a61a4006,abc084cbb2ca0fd7,8,20
/kaggle/input/datasets/jessicamercya/satria-data-2026/BDC2026-20260708T012259Z-3-001 - Copy/BDC2026/train/1_Electronic/74.depositphotos_57881711-stock-photo-the-remains-damaged-television-and.jpg,Electronic,600,400,WEBP,RGB,1.5,False,4d0e4081e930b0547af4c00af62305e5,d02565c854676f5e,0,0
/kaggle/input/datasets/jessicamercya/satria-data-2026/BDC2026-20260708T012259Z-3-001 - Copy/BDC2026/train/1_Electronic/Player_136.jpg,Electronic,150,150,JPEG,RGB,1.0,False,2eefb6b7d6473e9794f54443badd6dbe,eae9d20f85528799,9,17
/kaggle/input/datasets/jessicamercya/satria-data-2026/BDC2026-20260708T012259Z-3-001 - Copy/BDC2026/train/1_Electronic/battery_149.jpg,Electronic,150,150,JPEG,RGB,1.0,False,c21e99e19956c01dc2732aafe698d081,b5e0d03765ca1ae6,14,24
/kaggle/input/datasets/jessicamercya/satria-data-2026/BDC2026-20260708T012259Z-3-001 - Copy/BDC2026/train/1_Electronic/Printer_231.jpg,Electronic,150,150,JPEG,RGB,1.0,False,7698397403ae153f679bd3bb48ce1f38,801f3f1ed495c565,6,6
/kaggle/input/datasets/jessicamercya/satria-data-2026/BDC2026-20260708T012259Z-3-001 - Copy/BDC2026/train/1_Electronic/68.broken-laptop.jpg,Electronic,780,496,JPEG,RGB,1.5725806451612903,False,a08f616333a657bc4e4780add0c2c83e,e13387fc85f184e2,0,43
/kaggle/input/datasets/jessicamercya/satria-data-2026/BDC2026-20260708T012259Z-3-001 - Copy/BDC2026/train/1_Electronic/Microwave_183.jpg,Electronic,150,150,JPEG,RGB,1.0,False,ce7dcbd297dc16bdfab75ad1656b6338,aa85c13e943f95a5,8,20
/kaggle/input/datasets/jessicamercya/satria-data-2026/BDC2026-20260708T012259Z-3-001 - Copy/BDC2026/train/1_Electronic/18.old-tv-broken-screen-space-text-old-tv-broken-screen-space-text-315783969.jpg,Electronic,800,533,JPEG,RGB,1.5009380863039399,False,4e064d2c02dc5536a910295162471d3f,839db43899623b6d,4,12
/kaggle/input/datasets/jessicamercya/satria-data-2026/BDC2026-20260708T012259Z-3-001 - Copy/BDC2026/train/1_Electronic/Mobile_32.jpg,Electronic,150,150,JPEG,RGB,1.0,False,83bfba091d3e5062400bbda0c585774f,b4b4904843979f6f,1,16
/kaggle/input/datasets/jessicamercya/satria-data-2026/BDC2026-20260708T012259Z-3-001 - Copy/BDC2026/train/1_Electronic/Printer_179.jpg,Electronic,150,150,JPEG,RGB,1.0,False,75a7a04858b922715db3b0867d0b0c42,bae9b595d0c660b1,6,6
/kaggle/input/datasets/jessicamercya/satria-data-2026/BDC2026-20260708T012259Z-3-001 - Copy/BDC2026/train/1_Electronic/Mouse_82.jpg,Electronic,150,150,JPEG,RGB,1.0,False,ee3b887ed569c65d5fb39ae393c3a2d2,bbd0414fd84d9a33,5,26
/kaggle/input/datasets/jessicamercya/satria-data-2026/BDC2026-20260708T012259Z-3-001 - Copy/BDC2026/train/1_Electronic/IMG-20200328-WA0024.jpg,Electronic,1280,960,JPEG,RGB,1.3333333333333333,False,40a8b3cbaa16443c2412d3b521a19dd3,dc148f4a60dddf48,10,2
/kaggle/input/datasets/jessicamercya/satria-data-2026/BDC2026-20260708T012259Z-3-001 - Copy/BDC2026/train/1_Electronic/16.stock-photo-electronic-waste-and-garbage-for-recycling-1675112317.jpg,Electronic,1500,1101,JPEG,RGB,1.3623978201634876,False,e5cfb2c4947cfcfd7951526a3ac527be,899c8bab64e37691,0,14
/kaggle/input/datasets/jessicamercya/satria-data-2026/BDC2026-20260708T012259Z-3-001 - Copy/BDC2026/train/1_Electronic/Washing_Machine_194.jpg,Electronic,150,150,JPEG,RGB,1.0,False,a4f11b5f64ace40cd8a9acc9e70a42f7,bfa2575393282c2d,3,28
/kaggle/input/datasets/jessicamercya/satria-data-2026/BDC2026-20260708T012259Z-3-001 - Copy/BDC2026/train/1_Electronic/Microwave_209.jpg,Electronic,150,150,JPEG,RGB,1.0,False,bec18e65a4b58cab070f48a3afba8c2f,ead4852f94b916c9,8,1
/kaggle/input/datasets/jessicamercya/satria-data-2026/BDC2026-20260708T012259Z-3-001 - Copy/BDC2026/train/1_Electronic/23.gallery-1470257543-2665906010-a79abf2e0a-b.jpg,Electronic,1024,764,JPEG,RGB,1.3403141361256545,False,ddd5c201794751182c954297390cd141,a2dba4595f32cc4a,0,34
/kaggle/input/datasets/jessicamercya/satria-data-2026/BDC2026-20260708T012259Z-3-001 - Copy/BDC2026/train/1_Electronic/Printer_7.jpg,Electronic,150,150,JPEG,RGB,1.0,False,3bd8ca6fa66cdd00ea198a1abd2c1436,ae99ce09c43fad42,6,11
/kaggle/input/datasets/jessicamercya/satria-data-2026/BDC2026-20260708T012259Z-3-001 - Copy/BDC2026/train/1_Electronic/battery_258.jpg,Electronic,150,150,JPEG,RGB,1.0,False,3e4ef15c4ede26d10d8cf5061c37e2fb,bb4bc0352fc8d827,2,32
/kaggle/input/datasets/jessicamercya/satria-data-2026/BDC2026-20260708T012259Z-3-001 - Copy/BDC2026/train/1_Electronic/Television_160.jpg,Electronic,150,150,JPEG,RGB,1.0,False,751ce1b73f89340c0d1c9646dbff3546,fa06b51f817887f0,4,10
/kaggle/input/datasets/jessicamercya/satria-data-2026/BDC2026-20260708T012259Z-3-001 - Copy/BDC2026/train/1_Electronic/Keyboard_117.jpg,Electronic,150,150,JPEG,RGB,1.0,False,437e43d24760e30d1f1af52f8bf25b8f,aa95ea3ac430cbf1,2,13
/kaggle/input/datasets/jessicamercya/satria-data-2026/BDC2026-20260708T012259Z-3-001 - Copy/BDC2026/train/1_Electronic/Washing_Machine_266.jpg,Electronic,150,150,JPEG,RGB,1.0,False,00aaf9ed7248bac974d4dde134037cb3,e969cbcb28383696,3,8
/kaggle/input/datasets/jessicamercya/satria-data-2026/BDC2026-20260708T012259Z-3-001 - Copy/BDC2026/train/1_Electronic/Mouse_270.jpg,Electronic,150,150,JPEG,RGB,1.0,False,c5ea2199906c34a8344477e21d68a0ac,d097a76c8933846f,5,3
/kaggle/input/datasets/jessicamercya/satria-data-2026/BDC2026-20260708T012259Z-3-001 - Copy/BDC2026/train/1_Electronic/803.jpeg,Electronic,1152,864,JPEG,RGB,1.3333333333333333,False,46912edb06455d082f029df98361abb9,e8ac94b77ac06b64,5,29
/kaggle/input/datasets/jessicamercya/satria-data-2026/BDC2026-20260708T012259Z-3-001 - Copy/BDC2026/train/1_Electronic/Microwave_94.jpg,Electronic,150,150,JPEG,RGB,1.0,False,237233e8f3b3a5630da67510f9ab13ca,e6dd90e13ec0bd18,8,20
/kaggle/input/datasets/jessicamercya/satria-data-2026/BDC2026-20260708T012259Z-3-001 - Copy/BDC2026/train/1_Electronic/Television_33.jpg,Electronic,150,150,JPEG,RGB,1.0,False,f6045585a055ceea0e1c466716372b95,fa90856f5a7ad025,4,15
/kaggle/input/datasets/jessicamercya/satria-data-2026/BDC2026-20260708T012259Z-3-001 - Copy/BDC2026/train/1_Electronic/pcb_118.jpg,Electronic,150,150,JPEG,RGB,1.0,False,d85c2a42c8e4950868a5a69c1310b133,ac8c8d0dddd63256,7,7
/kaggle/input/datasets/jessicamercya/satria-data-2026/BDC2026-20260708T012259Z-3-001 - Copy/BDC2026/train/1_Electronic/Keyboard_158.jpg,Electronic,150,150,JPEG,RGB,1.0,False,e6f27a97b9805a6ca5d976ad4641ce9b,c95a35e6d88f5829,2,5
/kaggle/input/datasets/jessicamercya/satria-data-2026/BDC2026-20260708T012259Z-3-001 - Copy/BDC2026/train/1_Electronic/Keyboard_199.jpg,Electronic,150,150,JPEG,RGB,1.0,False,e10203aa4590136588db5d30fd6b44b0,fd43f0f7c1018347,2,13
/kaggle/input/datasets/jessicamercya/satria-data-2026/BDC2026-20260708T012259Z-3-001 - Copy/BDC2026/train/1_Electronic/Television_208.jpg,Electronic,150,150,JPEG,RGB,1.0,False,9fea871f254b52ff9feec2b6e6e8ede6,a012fa1f856fc6e8,4,10
/kaggle/input/datasets/jessicamercya/satria-data-2026/BDC2026-20260708T012259Z-3-001 - Copy/BDC2026/train/1_Electronic/Microwave_81.jpg,Electronic,150,150,JPEG,RGB,1.0,False,1d11552582f16fcbcac61dc00b3a2694,e2959c6b23d4959c,8,1
/kaggle/input/datasets/jessicamercya/satria-data-2026/BDC2026-20260708T012259Z-3-001 - Copy/BDC2026/train/1_Electronic/66.selective-focus-photography-of-motherboard-1432673.jpg,Electronic,1280,853,JPEG,RGB,1.5005861664712778,False,a3241ec06d3f925ccdd299dd61dd1f47,839975d36389cc35,7,18
/kaggle/input/datasets/jessicamercya/satria-data-2026/BDC2026-20260708T012259Z-3-001 - Copy/BDC2026/train/1_Electronic/790.jpg,Electronic,4608,2176,JPEG,RGB,2.1176470588235294,False,4ae16148c9aa3fe7a1d238a07c5405fd,e127968a7af82535,5,29
/kaggle/input/datasets/jessicamercya/satria-data-2026/BDC2026-20260708T012259Z-3-001 - Copy/BDC2026/train/1_Electronic/Television_138.jpg,Electronic,150,150,JPEG,RGB,1.0,False,1ca2e3cedbc11b3e1b00a1058104a8a1,ef94904ba53ec0b5,4,12
/kaggle/input/datasets/jessicamercya/satria-data-2026/BDC2026-20260708T012259Z-3-001 - Copy/BDC2026/train/1_Electronic/Printer_75.jpg,Electronic,150,150,JPEG,RGB,1.0,False,2b6310b46697a44eeec0dcd9005d710f,ea94952fc16a3e70,6,11
/kaggle/input/datasets/jessicamercya/satria-data-2026/BDC2026-20260708T012259Z-3-001 - Copy/BDC2026/train/1_Electronic/Player_183.jpg,Electronic,150,150,JPEG,RGB,1.0,False,e6c35f46c258e46c486fc38a4e15bc0d,be0f85b078694ec6,9,17
/kaggle/input/datasets/jessicamercya/satria-data-2026/BDC2026-20260708T012259Z-3-001 - Copy/BDC2026/train/1_Electronic/67.antarafoto-potensi-ekonomi-sampah-elektronik-090621-irp-4.jpg,Electronic,800,500,JPEG,RGB,1.6,False,bb1d974dfb72a28ada160b38070ad9b3,f7e19bcc51f8c005,0,22
/kaggle/input/datasets/jessicamercya/satria-data-2026/BDC2026-20260708T012259Z-3-001 - Copy/BDC2026/train/1_Electronic/pcb_173.jpg,Electronic,150,150,JPEG,RGB,1.0,False,9e4884b045c1a1c2865bae48bcfdf5a6,9a52b518e11fd317,7,7
/kaggle/input/datasets/jessicamercya/satria-data-2026/BDC2026-20260708T012259Z-3-001 - Copy/BDC2026/train/1_Electronic/Keyboard_246.jpg,Electronic,150,150,JPEG,RGB,1.0,False,761c67ef8a614bef2b6e8ef81fe700c8,ae68c19f309ab2a7,2,13
/kaggle/input/datasets/jessicamercya/satria-data-2026/BDC2026-20260708T012259Z-3-001 - Copy/BDC2026/train/1_Electronic/Microwave_190.jpg,Electronic,150,150,JPEG,RGB,1.0,False,11abab7a01c566fd11ffb65b745428bb,bf96c164c4c4d68d,8,1
/kaggle/input/datasets/jessicamercya/satria-data-2026/BDC2026-20260708T012259Z-3-001 - Copy/BDC2026/train/1_Electronic/Mobile_1.jpg,Electronic,150,150,JPEG,RGB,1.0,False,b4790cf575ad670e0b4e33a4fa32a024,e8219796ca876a6b,1,51
/kaggle/input/datasets/jessicamercya/satria-data-2026/BDC2026-20260708T012259Z-3-001 - Copy/BDC2026/train/1_Electronic/Keyboard_40.jpg,Electronic,150,150,JPEG,RGB,1.0,False,f8fffc392519609c25312818b4680d8b,ffd0b000817f557a,2,5
/kaggle/input/datasets/jessicamercya/satria-data-2026/BDC2026-20260708T012259Z-3-001 - Copy/BDC2026/train/1_Electronic/Washing_Machine_278.jpg,Electronic,150,150,JPEG,RGB,1.0,False,251c2c723afb187f44ef63c7bc7110de,802cd7877f247f81,3,28
/kaggle/input/datasets/jessicamercya/satria-data-2026/BDC2026-20260708T012259Z-3-001 - Copy/BDC2026/train/1_Electronic/Keyboard_125.jpg,Electronic,150,150,JPEG,RGB,1.0,False,6df1db5bd863b6fbcc6c015261fc3d8b,a05fb760d3a6d125,2,13
/kaggle/input/datasets/jessicamercya/satria-data-2026/BDC2026-20260708T012259Z-3-001 - Copy/BDC2026/train/1_Electronic/Fotolia_52266847_XS_ewaste_recycle.jpg,Electronic,400,300,JPEG,RGB,1.3333333333333333,False,1cf91653a32dd3315471585409c91128,ee9895c1ca2f0dc6,0,14
/kaggle/input/datasets/jessicamercya/satria-data-2026/BDC2026-20260708T012259Z-3-001 - Copy/BDC2026/train/1_Electronic/Mouse_169.jpg,Electronic,150,150,JPEG,RGB,1.0,False,920a917b01f0dd34108a7f9c96e3fd0a,a3d9c6124c6d92b7,5,3
/kaggle/input/datasets/jessicamercya/satria-data-2026/BDC2026-20260708T012259Z-3-001 - Copy/BDC2026/train/1_Electronic/475.jpg,Electronic,4160,2340,JPEG,RGB,1.7777777777777777,False,40e7ce0ff1acf9e966aa4defe2dbbcf2,8a6ed5951163d595,1,4
/kaggle/input/datasets/jessicamercya/satria-data-2026/BDC2026-20260708T012259Z-3-001 - Copy/BDC2026/train/1_Electronic/324.jpeg,Electronic,1152,864,JPEG,RGB,1.3333333333333333,False,3945c0218665d2a61f6fbf7464c1fe4e,ab8b415cb494537b,11,31
/kaggle/input/datasets/jessicamercya/satria-data-2026/BDC2026-20260708T012259Z-3-001 - Copy/BDC2026/train/1_Electronic/Player_137.jpg,Electronic,150,150,JPEG,RGB,1.0,False,6750dbb55ccf167410be2009db2bd7b6,bfa4d152602d6fd0,9,17
/kaggle/input/datasets/jessicamercya/satria-data-2026/BDC2026-20260708T012259Z-3-001 - Copy/BDC2026/train/1_Electronic/Printer_43.jpg,Electronic,150,150,JPEG,RGB,1.0,False,c5409a2eb5edc868648372772a077390,91db7a8435264b6b,6,11
/kaggle/input/datasets/jessicamercya/satria-data-2026/BDC2026-20260708T012259Z-3-001 - Copy/BDC2026/train/1_Electronic/Keyboard_180.jpg,Electronic,150,150,JPEG,RGB,1.0,False,a8a7f17eaecb6a462ba592e458c7de0e,bfc2c03d2fd07243,2,5
/kaggle/input/datasets/jessicamercya/satria-data-2026/BDC2026-20260708T012259Z-3-001 - Copy/BDC2026/train/1_Electronic/pcb_172.jpg,Electronic,150,150,JPEG,RGB,1.0,False,fca21cf862703fed3d7a98196f1e5686,bcab2a5e552b2a31,7,7
/kaggle/input/datasets/jessicamercya/satria-data-2026/BDC2026-20260708T012259Z-3-001 - Copy/BDC2026/train/1_Electronic/pcb_149.jpg,Electronic,150,150,JPEG,RGB,1.0,False,f2327efb2a74a552f6b9c90f921fc5d4,e2ac8e8759993599,7,7
/kaggle/input/datasets/jessicamercya/satria-data-2026/BDC2026-20260708T012259Z-3-001 - Copy/BDC2026/train/1_Electronic/Microwave_68.jpg,Electronic,150,150,JPEG,RGB,1.0,False,74953baa00afcf0d5e1e3b15c5370c45,f6c0aaa8abaaab92,8,1
/kaggle/input/datasets/jessicamercya/satria-data-2026/BDC2026-20260708T012259Z-3-001 - Copy/BDC2026/train/1_Electronic/Printer_97.jpg,Electronic,150,150,JPEG,RGB,1.0,False,c78298342846adeea0f9e2801272b32e,c1b867693a2f43e2,6,6
/kaggle/input/datasets/jessicamercya/satria-data-2026/BDC2026-20260708T012259Z-3-001 - Copy/BDC2026/train/1_Electronic/Washing_Machine_157.jpg,Electronic,150,150,JPEG,RGB,1.0,False,69c67c7963790e2efb8ba7ff62e27df7,ee4092926c6dbda5,3,8
/kaggle/input/datasets/jessicamercya/satria-data-2026/BDC2026-20260708T012259Z-3-001 - Copy/BDC2026/train/1_Electronic/Keyboard_190.jpg,Electronic,150,150,JPEG,RGB,1.0,False,01907e3ccb0c8100dd5506822ced5104,eb36c916c916e916,2,5
/kaggle/input/datasets/jessicamercya/satria-data-2026/BDC2026-20260708T012259Z-3-001 - Copy/BDC2026/train/1_Electronic/Mouse_239.jpg,Electronic,150,150,JPEG,RGB,1.0,False,149104dac0c30f708f986cae5a07ed3f,9656db69a86466c6,5,3
/kaggle/input/datasets/jessicamercya/satria-data-2026/BDC2026-20260708T012259Z-3-001 - Copy/BDC2026/train/1_Electronic/Mobile_178.jpg,Electronic,150,150,JPEG,RGB,1.0,False,d16a5cd6f25da80a5622c4283f29267a,e5321a4f6938366b,1,16
/kaggle/input/datasets/jessicamercya/satria-data-2026/BDC2026-20260708T012259Z-3-001 - Copy/BDC2026/train/1_Electronic/Printer_129.jpg,Electronic,150,150,JPEG,RGB,1.0,False,2d4e76b74b8063cfd2df2a4247947839,8d8dd02d6953da35,6,6
/kaggle/input/datasets/jessicamercya/satria-data-2026/BDC2026-20260708T012259Z-3-001 - Copy/BDC2026/train/1_Electronic/Television_179.jpg,Electronic,150,150,JPEG,RGB,1.0,False,04c733694f69ea20681549094eeac7ce,8f4eb12598b19cf1,4,10
/kaggle/input/datasets/jessicamercya/satria-data-2026/BDC2026-20260708T012259Z-3-001 - Copy/BDC2026/train/1_Electronic/Printer_291.jpg,Electronic,150,150,JPEG,RGB,1.0,False,9531fba1319750e5b4674115a147fd40,fe31c18a1ecd6932,6,11
/kaggle/input/datasets/jessicamercya/satria-data-2026/BDC2026-20260708T012259Z-3-001 - Copy/BDC2026/train/1_Electronic/Keyboard_165.jpg,Electronic,150,150,JPEG,RGB,1.0,False,8e90671ac59689e8b1af5ead705c2f93,bf37c0c02d3792e1,2,5
/kaggle/input/datasets/jessicamercya/satria-data-2026/BDC2026-20260708T012259Z-3-001 - Copy/BDC2026/train/1_Electronic/Keyboard_3.jpg,Electronic,150,150,JPEG,RGB,1.0,False,b6e037a173d7f90a2e8dfd0c2fdeef79,d5d0aa2f8a37a558,2,5
/kaggle/input/datasets/jessicamercya/satria-data-2026/BDC2026-20260708T012259Z-3-001 - Copy/BDC2026/train/1_Electronic/Washing_Machine_84.jpg,Electronic,150,150,JPEG,RGB,1.0,False,72575404591f4bcafccdd6ad405d3116,e962c29c9ed26aca,3,8
/kaggle/input/datasets/jessicamercya/satria-data-2026/BDC2026-20260708T012259Z-3-001 - Copy/BDC2026/train/1_Electronic/Mobile_212.jpg,Electronic,150,150,JPEG,RGB,1.0,False,cba67e9ca4d4144b3a64e9b42824966a,abb19d4a699e18d1,1,16
/kaggle/input/datasets/jessicamercya/satria-data-2026/BDC2026-20260708T012259Z-3-001 - Copy/BDC2026/train/1_Electronic/Mouse_262.jpg,Electronic,150,150,JPEG,RGB,1.0,False,c470d9bc5c57bfbd3166e6de1643f6ed,b9b9c2c791999c46,5,36
/kaggle/input/datasets/jessicamercya/satria-data-2026/BDC2026-20260708T012259Z-3-001 - Copy/BDC2026/train/1_Electronic/Television_216.jpg,Electronic,150,150,JPEG,RGB,1.0,False,626f6a500713ef53cddb7e2ea00ca05b,a098e20ebd2f99a7,4,10
/kaggle/input/datasets/jessicamercya/satria-data-2026/BDC2026-20260708T012259Z-3-001 - Copy/BDC2026/train/1_Electronic/IMG_20200329_152804.jpg,Electronic,4608,3456,JPEG,RGB,1.3333333333333333,False,8d05faccd72ebb9559b3aec110efea85,ec1795ae83e1706a,10,2
/kaggle/input/datasets/jessicamercya/satria-data-2026/BDC2026-20260708T012259Z-3-001 - Copy/BDC2026/train/1_Electronic/63.W92OldComputers3-740x555.jpg,Electronic,740,555,JPEG,RGB,1.3333333333333333,False,b4a30e5328f7d4e0b0eb355774a820a4,aad5156a5a9560ee,11,44
/kaggle/input/datasets/jessicamercya/satria-data-2026/BDC2026-20260708T012259Z-3-001 - Copy/BDC2026/train/1_Electronic/Keyboard_188.jpg,Electronic,150,150,JPEG,RGB,1.0,False,4dad75a5679aafe8a4873481890dd017,bf62c0982f67bd10,2,5
/kaggle/input/datasets/jessicamercya/satria-data-2026/BDC2026-20260708T012259Z-3-001 - Copy/BDC2026/train/1_Electronic/pcb_279.jpg,Electronic,150,150,JPEG,RGB,1.0,False,fb68d8f29369780aab30bf3366167a88,b638d9078ccd7c98,0,30
/kaggle/input/datasets/jessicamercya/satria-data-2026/BDC2026-20260708T012259Z-3-001 - Copy/BDC2026/train/1_Electronic/Mobile_216.jpg,Electronic,150,150,JPEG,RGB,1.0,False,8dfeb0fbb63300025c209556f9566427,8a66bb41a619ec37,1,9
/kaggle/input/datasets/jessicamercya/satria-data-2026/BDC2026-20260708T012259Z-3-001 - Copy/BDC2026/train/1_Electronic/Washing_Machine_250.jpg,Electronic,150,150,JPEG,RGB,1.0,False,59d570ba85234341c51c6b136139f2ea,e9349ecdc3318761,3,27
/kaggle/input/datasets/jessicamercya/satria-data-2026/BDC2026-20260708T012259Z-3-001 - Copy/BDC2026/train/1_Electronic/Mouse_247.jpg,Electronic,150,150,JPEG,RGB,1.0,False,eff90bcbe9dd1a8ae34a0ffb6fc3a8c6,bfc0d487dc38e129,5,3
/kaggle/input/datasets/jessicamercya/satria-data-2026/BDC2026-20260708T012259Z-3-001 - Copy/BDC2026/train/1_Electronic/Television_48.jpg,Electronic,150,150,JPEG,RGB,1.0,False,50e28745b41669eff94454247c4610ce,ea4a854f850f95b5,4,10
/kaggle/input/datasets/jessicamercya/satria-data-2026/BDC2026-20260708T012259Z-3-001 - Copy/BDC2026/train/1_Electronic/Mouse_192.jpg,Electronic,150,150,JPEG,RGB,1.0,False,289ab72f292a8224ccee1e2b82af1cbd,fec5c15cd7608c25,5,3
/kaggle/input/datasets/jessicamercya/satria-data-2026/BDC2026-20260708T012259Z-3-001 - Copy/BDC2026/train/1_Electronic/Mouse_222.jpg,Electronic,150,150,JPEG,RGB,1.0,False,a122acdd2faa1798e59df22eaae486ef,eab495ca3a3d2692,5,3
/kaggle/input/datasets/jessicamercya/satria-data-2026/BDC2026-20260708T012259Z-3-001 - Copy/BDC2026/train/1_Electronic/Keyboard_178.jpg,Electronic,150,150,JPEG,RGB,1.0,False,085c19a66a4f36c7ec1a53eff256ae58,ea6ad1802fb5b568,2,5
/kaggle/input/datasets/jessicamercya/satria-data-2026/BDC2026-20260708T012259Z-3-001 - Copy/BDC2026/train/1_Electronic/Player_244.jpg,Electronic,150,150,JPEG,RGB,1.0,False,771902118167217719098c79976329e4,af40d09f2960ae9f,9,50
/kaggle/input/datasets/jessicamercya/satria-data-2026/BDC2026-20260708T012259Z-3-001 - Copy/BDC2026/train/1_Electronic/Printer_272.jpg,Electronic,150,150,JPEG,RGB,1.0,False,e6ca1377f989d2e683ecd16b667e70df,e84207df5ac35cc6,6,11
/kaggle/input/datasets/jessicamercya/satria-data-2026/BDC2026-20260708T012259Z-3-001 - Copy/BDC2026/train/1_Electronic/Television_259.jpg,Electronic,150,150,JPEG,RGB,1.0,False,1b036f29402c9d00667b6949116c8353,bd2dd2dac0926c63,4,10
/kaggle/input/datasets/jessicamercya/satria-data-2026/BDC2026-20260708T012259Z-3-001 - Copy/BDC2026/train/1_Electronic/Television_59.jpg,Electronic,150,150,JPEG,RGB,1.0,False,307f90fc5ab2fe9f8d03aa18d9e47d56,899b767c244672a7,4,15
/kaggle/input/datasets/jessicamercya/satria-data-2026/BDC2026-20260708T012259Z-3-001 - Copy/BDC2026/train/1_Electronic/battery_87.jpg,Electronic,150,150,JPEG,RGB,1.0,False,c7e63adb5038fac451115988e71ce610,eeb59241b078ad56,14,24
/kaggle/input/datasets/jessicamercya/satria-data-2026/BDC2026-20260708T012259Z-3-001 - Copy/BDC2026/train/1_Electronic/162.jpg,Electronic,4160,2340,JPEG,RGB,1.7777777777777777,False,57218dd49f3dcfaee8ad7b38ce27857e,af3dd540c2974bc2,10,56
/kaggle/input/datasets/jessicamercya/satria-data-2026/BDC2026-20260708T012259Z-3-001 - Copy/BDC2026/train/1_Electronic/Keyboard_240.jpg,Electronic,150,150,JPEG,RGB,1.0,False,148f4bb6d913c92d68ee170bf3e02198,f3cfd8c9d888498a,2,13
/kaggle/input/datasets/jessicamercya/satria-data-2026/BDC2026-20260708T012259Z-3-001 - Copy/BDC2026/train/1_Electronic/pcb_57.jpg,Electronic,150,150,JPEG,RGB,1.0,False,4df3c19a9d9a98787b4fa3dba119fcb2,ba0b9065783de4f8,7,23
/kaggle/input/datasets/jessicamercya/satria-data-2026/BDC2026-20260708T012259Z-3-001 - Copy/BDC2026/train/1_Electronic/IMG-20200328-WA0034.jpg,Electronic,640,1280,JPEG,RGB,0.5,False,b9a6ea900a02ee34b416896fc6574d2b,cda608369df61cca,1,4
/kaggle/input/datasets/jessicamercya/satria-data-2026/BDC2026-20260708T012259Z-3-001 - Copy/BDC2026/train/1_Electronic/191.jpeg,Electronic,1152,648,JPEG,RGB,1.7777777777777777,False,1347c7fafe4cb8c52cbbbf355f3fac5c,a58a8fd79687c1a4,10,2
/kaggle/input/datasets/jessicamercya/satria-data-2026/BDC2026-20260708T012259Z-3-001 - Copy/BDC2026/train/1_Electronic/Microwave_32.jpg,Electronic,150,150,JPEG,RGB,1.0,False,316bb79c365a00abdf3d85e96c06c489,857fb230ebc0f123,2,25
/kaggle/input/datasets/jessicamercya/satria-data-2026/BDC2026-20260708T012259Z-3-001 - Copy/BDC2026/train/1_Electronic/pcb_44.jpg,Electronic,150,150,JPEG,RGB,1.0,False,2f83e5ca4af52811cc847069fe8bf0d5,97e992554cb24ed2,7,7
/kaggle/input/datasets/jessicamercya/satria-data-2026/BDC2026-20260708T012259Z-3-001 - Copy/BDC2026/train/1_Electronic/Mobile_40.jpg,Electronic,150,150,JPEG,RGB,1.0,False,01585eba9d43b3ce17a8021cbc0d5a06,e9dc96e216996994,1,9
/kaggle/input/datasets/jessicamercya/satria-data-2026/BDC2026-20260708T012259Z-3-001 - Copy/BDC2026/train/1_Electronic/345.jpeg,Electronic,1152,864,JPEG,RGB,1.3333333333333333,False,686acd0d5cfab1276e5ecb72a8ee4417,bfda879485c294ca,11,44
/kaggle/input/datasets/jessicamercya/satria-data-2026/BDC2026-20260708T012259Z-3-001 - Copy/BDC2026/train/1_Electronic/Keyboard_110.jpg,Electronic,150,150,JPEG,RGB,1.0,False,63287d004038a3efa658fc55a40408a8,ef4091bfc097211f,2,5
/kaggle/input/datasets/jessicamercya/satria-data-2026/BDC2026-20260708T012259Z-3-001 - Copy/BDC2026/train/1_Electronic/26.berbagai-macam-objek-kotor-yang-dibuang_23-2148996977.jpg,Electronic,626,417,JPEG,RGB,1.501199040767386,False,2d1c2b4a67003b44c3f3b3d859a30c53,beb09d257260b077,0,0
/kaggle/input/datasets/jessicamercya/satria-data-2026/BDC2026-20260708T012259Z-3-001 - Copy/BDC2026/train/1_Electronic/11.High-Purity-Gold-Plated-Scrap-From-Mobile-Phone-Boards-for-Gold-Recovery-Mobile-PCB-Scrap.jpg,Electronic,300,300,JPEG,RGB,1.0,False,2a2870507135092a446a717657e8def2,f79e88ade08670e1,7,23
/kaggle/input/datasets/jessicamercya/satria-data-2026/BDC2026-20260708T012259Z-3-001 - Copy/BDC2026/train/1_Electronic/pcb_268.jpg,Electronic,150,150,JPEG,RGB,1.0,False,68fbd62de44fd38a26cba181612deb33,ca19b3429e3f9e60,2,25
/kaggle/input/datasets/jessicamercya/satria-data-2026/BDC2026-20260708T012259Z-3-001 - Copy/BDC2026/train/1_Electronic/775.jpeg,Electronic,583,1280,JPEG,RGB,0.45546875,False,8aed7b2cae5e026688b3c6ccf235db4e,b2e20fcb74305b93,5,29
/kaggle/input/datasets/jessicamercya/satria-data-2026/BDC2026-20260708T012259Z-3-001 - Copy/BDC2026/train/1_Electronic/Television_157.jpg,Electronic,150,150,JPEG,RGB,1.0,False,874b1639387d0b7b32ed2338e4264100,cb503ccbd0cbd03d,4,15
/kaggle/input/datasets/jessicamercya/satria-data-2026/BDC2026-20260708T012259Z-3-001 - Copy/BDC2026/train/1_Electronic/Microwave_283.jpg,Electronic,150,150,JPEG,RGB,1.0,False,b362c1f29f9733a7a710eadb082eac2c,ab8dd2f88d15706a,8,20
/kaggle/input/datasets/jessicamercya/satria-data-2026/BDC2026-20260708T012259Z-3-001 - Copy/BDC2026/train/1_Electronic/Mobile_290.jpg,Electronic,150,150,JPEG,RGB,1.0,False,6654960c7e29bc20cb42fba31df8af99,ababd4b5cad0146a,1,16
/kaggle/input/datasets/jessicamercya/satria-data-2026/BDC2026-20260708T012259Z-3-001 - Copy/BDC2026/train/1_Electronic/21.Broken-TV-screen.png,Electronic,500,500,PNG,P,1.0,False,091b9ef961aac2df63da212c07933614,ff52a0cc8da11b9c,4,49
/kaggle/input/datasets/jessicamercya/satria-data-2026/BDC2026-20260708T012259Z-3-001 - Copy/BDC2026/train/1_Electronic/Mobile_246.jpg,Electronic,150,150,JPEG,RGB,1.0,False,d381998ef36a6afa940643300202e4fc,f4b5c91cc3c145cb,1,16
/kaggle/input/datasets/jessicamercya/satria-data-2026/BDC2026-20260708T012259Z-3-001 - Copy/BDC2026/train/1_Electronic/181.jpeg,Electronic,720,1280,JPEG,RGB,0.5625,False,1464be1e096f0ac1c34b34fa01821112,ff2b9ec184610e3a,10,2
/kaggle/input/datasets/jessicamercya/satria-data-2026/BDC2026-20260708T012259Z-3-001 - Copy/BDC2026/train/1_Electronic/battery_13.jpg,Electronic,150,150,JPEG,RGB,1.0,False,bfbdf9c857479299e04740f232577e6f,fad0c10be7228fb2,13,19
/kaggle/input/datasets/jessicamercya/satria-data-2026/BDC2026-20260708T012259Z-3-001 - Copy/BDC2026/train/1_Electronic/Television_217.jpg,Electronic,150,150,JPEG,RGB,1.0,False,d894643c65bda02a293a6f37c5dd4634,95946a4a6f6a6ab2,4,10
/kaggle/input/datasets/jessicamercya/satria-data-2026/BDC2026-20260708T012259Z-3-001 - Copy/BDC2026/train/1_Electronic/Microwave_31.jpg,Electronic,150,150,JPEG,RGB,1.0,False,bcfa22a1054677e36d537e4a10ae7ac0,b5cbc0270f323ec9,8,20
/kaggle/input/datasets/jessicamercya/satria-data-2026/BDC2026-20260708T012259Z-3-001 - Copy/BDC2026/train/1_Electronic/Television_36.jpg,Electronic,150,150,JPEG,RGB,1.0,False,90070a133f0f688858256a2f727ac8b3,e89ab787b58c8c91,4,15
/kaggle/input/datasets/jessicamercya/satria-data-2026/BDC2026-20260708T012259Z-3-001 - Copy/BDC2026/train/1_Electronic/battery_92.jpg,Electronic,150,150,JPEG,RGB,1.0,False,d2f59d3235ed31679363749ada958ff5,b19bcecc3932c1c9,13,19
/kaggle/input/datasets/jessicamercya/satria-data-2026/BDC2026-20260708T012259Z-3-001 - Copy/BDC2026/train/1_Electronic/Washing_Machine_122.jpg,Electronic,150,150,JPEG,RGB,1.0,False,3250fd32834bce0a24559ef479d5d892,be6f60c59064cdc6,3,33
/kaggle/input/datasets/jessicamercya/satria-data-2026/BDC2026-20260708T012259Z-3-001 - Copy/BDC2026/train/1_Electronic/Television_75.jpg,Electronic,150,150,JPEG,RGB,1.0,False,8bee1be2fca84061d31c828fbca67b05,8fbfa070d6118acb,4,12
/kaggle/input/datasets/jessicamercya/satria-data-2026/BDC2026-20260708T012259Z-3-001 - Copy/BDC2026/train/1_Electronic/66.IMG-20240527-WA0014.jpg,Electronic,1200,1600,JPEG,RGB,0.75,False,7cab2b6b59ebddf450a66be4108f13f4,8d63e8edc3c61d18,6,6
/kaggle/input/datasets/jessicamercya/satria-data-2026/BDC2026-20260708T012259Z-3-001 - Copy/BDC2026/train/1_Electronic/68.9263401532_bba5c0c61d_electronic-waste.jpg,Electronic,500,339,JPEG,RGB,1.4749262536873156,False,b2177f63e7054af0bda66b222302f48b,c2d6dd95d0391d31,0,22
/kaggle/input/datasets/jessicamercya/satria-data-2026/BDC2026-20260708T012259Z-3-001 - Copy/BDC2026/train/1_Electronic/battery_23.jpg,Electronic,150,150,JPEG,RGB,1.0,False,580f8bb4df024b8692863032b59066a1,af61d09f624a38e5,14,24
/kaggle/input/datasets/jessicamercya/satria-data-2026/BDC2026-20260708T012259Z-3-001 - Copy/BDC2026/train/1_Electronic/Printer_222.jpg,Electronic,150,150,JPEG,RGB,1.0,False,c659bd5151ebb2544ea159a12e78953d,bf36e10d90fc8b90,6,6
/kaggle/input/datasets/jessicamercya/satria-data-2026/BDC2026-20260708T012259Z-3-001 - Copy/BDC2026/train/1_Electronic/battery_68.jpg,Electronic,150,150,JPEG,RGB,1.0,False,fa91fca4e9732545146d14a3899f2c97,fa8390788f742ac7,12,37
/kaggle/input/datasets/jessicamercya/satria-data-2026/BDC2026-20260708T012259Z-3-001 - Copy/BDC2026/train/1_Electronic/5.Screen-Shot-2022-09-29-at-2.04.18-PM-1024x612.png,Electronic,1024,612,PNG,RGBA,1.673202614379085,False,aacafe222b9fdaad767974012bf93d05,c95c9a2ba519b4d6,0,0
/kaggle/input/datasets/jessicamercya/satria-data-2026/BDC2026-20260708T012259Z-3-001 - Copy/BDC2026/train/1_Electronic/68.computerskrot.jpg,Electronic,1254,836,JPEG,RGB,1.5,False,e3f4756fc219e482f0b09ba536e63f27,f9a2a691cecb29c4,0,0
/kaggle/input/datasets/jessicamercya/satria-data-2026/BDC2026-20260708T012259Z-3-001 - Copy/BDC2026/train/1_Electronic/Television_50.jpg,Electronic,150,150,JPEG,RGB,1.0,False,7ebb0427f07c8db646074f16dc71158b,c73c931930de07f1,4,15
/kaggle/input/datasets/jessicamercya/satria-data-2026/BDC2026-20260708T012259Z-3-001 - Copy/BDC2026/train/1_Electronic/Printer_221.jpg,Electronic,150,150,JPEG,RGB,1.0,False,3488f4391061fb3e149cad7c294fb892,eac4913f95e06e85,6,11
/kaggle/input/datasets/jessicamercya/satria-data-2026/BDC2026-20260708T012259Z-3-001 - Copy/BDC2026/train/1_Electronic/Mobile_100.jpg,Electronic,150,150,JPEG,RGB,1.0,False,6ff85a2e65f92691857494c4abf1b152,af2ff5d0d48242d2,1,9
/kaggle/input/datasets/jessicamercya/satria-data-2026/BDC2026-20260708T012259Z-3-001 - Copy/BDC2026/train/1_Electronic/Mobile_175.jpg,Electronic,150,150,JPEG,RGB,1.0,False,21c3da9aa2ee63134e4f81ca393d0de1,b486cb68c3af13ac,1,51
/kaggle/input/datasets/jessicamercya/satria-data-2026/BDC2026-20260708T012259Z-3-001 - Copy/BDC2026/train/1_Electronic/Washing_Machine_37.jpg,Electronic,150,150,JPEG,RGB,1.0,False,3224eef39748530aa9ac9221aa502d3b,edc7189267676518,3,35
/kaggle/input/datasets/jessicamercya/satria-data-2026/BDC2026-20260708T012259Z-3-001 - Copy/BDC2026/train/1_Electronic/pcb_178.jpg,Electronic,150,150,JPEG,RGB,1.0,False,9aa78b0f386f0f7089ab970d8477b9f2,bcfd55808d72361c,7,7
/kaggle/input/datasets/jessicamercya/satria-data-2026/BDC2026-20260708T012259Z-3-001 - Copy/BDC2026/train/1_Electronic/14.old-dusty-vintage-computer-laptop-notebook-in-isolated-white-2A6X2JP.jpg,Electronic,1300,956,JPEG,RGB,1.3598326359832635,False,349b6b414e657600bd8397b6b5cbe117,b4a44bb956b8478b,0,43
/kaggle/input/datasets/jessicamercya/satria-data-2026/BDC2026-20260708T012259Z-3-001 - Copy/BDC2026/train/1_Electronic/514.jpg,Electronic,864,1152,JPEG,RGB,0.75,False,9b9249bb8e64ac3ef2d1047b32745850,b1c546960e9b936d,1,4
/kaggle/input/datasets/jessicamercya/satria-data-2026/BDC2026-20260708T012259Z-3-001 - Copy/BDC2026/train/1_Electronic/Television_229.jpg,Electronic,150,150,JPEG,RGB,1.0,False,e632e51cfe97aa3aaffec770604f64c9,ee6e913695c1d491,4,10
/kaggle/input/datasets/jessicamercya/satria-data-2026/BDC2026-20260708T012259Z-3-001 - Copy/BDC2026/train/1_Electronic/Microwave_172.jpg,Electronic,150,150,JPEG,RGB,1.0,False,6103dd9a55d3fae46e6409f9875ffa2a,ef9e90f18531d04e,8,1
/kaggle/input/datasets/jessicamercya/satria-data-2026/BDC2026-20260708T012259Z-3-001 - Copy/BDC2026/train/1_Electronic/18.assortment-dirty-dumped-objects_23-2148996978.jpg,Electronic,626,417,JPEG,RGB,1.501199040767386,False,b5ed47900457e064c5b8ff8e759bad2f,e0e23e0c1d15b66f,0,14
/kaggle/input/datasets/jessicamercya/satria-data-2026/BDC2026-20260708T012259Z-3-001 - Copy/BDC2026/train/1_Electronic/battery_271.jpg,Electronic,150,150,JPEG,RGB,1.0,False,030b4ce428fc71235588974e0d054e98,ea3dd597c03785a0,12,38
/kaggle/input/datasets/jessicamercya/satria-data-2026/BDC2026-20260708T012259Z-3-001 - Copy/BDC2026/train/1_Electronic/1.laptop-damage-computer-smashed-fractured-260nw-2324717865.jpg,Electronic,390,280,JPEG,RGB,1.3928571428571428,False,f8f37be16f54e7952d45059fc89c0b4c,f828870b8756c7cd,0,43
/kaggle/input/datasets/jessicamercya/satria-data-2026/BDC2026-20260708T012259Z-3-001 - Copy/BDC2026/train/1_Electronic/10.hansel-febrianto-1.jpg,Electronic,1920,1200,JPEG,RGB,1.6,False,bdf6d4da2af5462802a8d9492b765411,c2973c643ef0c539,4,12
/kaggle/input/datasets/jessicamercya/satria-data-2026/BDC2026-20260708T012259Z-3-001 - Copy/BDC2026/train/1_Electronic/battery_193.jpg,Electronic,150,150,JPEG,RGB,1.0,False,e62d736e30d4edd269e62a993ebabf54,e1c30e595bc76c1c,12,37
/kaggle/input/datasets/jessicamercya/satria-data-2026/BDC2026-20260708T012259Z-3-001 - Copy/BDC2026/train/1_Electronic/Printer_136.jpg,Electronic,150,150,JPEG,RGB,1.0,False,0acee37606b7492ce374793740ce0be6,9a63253c42c78fda,6,6
/kaggle/input/datasets/jessicamercya/satria-data-2026/BDC2026-20260708T012259Z-3-001 - Copy/BDC2026/train/1_Electronic/WhatsApp Image 2020-11-01 at 1.15.10 PM.jpeg,Electronic,720,1280,JPEG,RGB,0.5625,False,de5fe43eaa03c6af91c675e40e83b702,89534aa5667b9f24,15,46
/kaggle/input/datasets/jessicamercya/satria-data-2026/BDC2026-20260708T012259Z-3-001 - Copy/BDC2026/train/1_Electronic/Keyboard_260.jpg,Electronic,150,150,JPEG,RGB,1.0,False,f45436001fc4c452cb52ff86d61d7c9c,fefec0c196d0c04b,2,5
/kaggle/input/datasets/jessicamercya/satria-data-2026/BDC2026-20260708T012259Z-3-001 - Copy/BDC2026/train/1_Electronic/battery_29.jpg,Electronic,150,150,JPEG,RGB,1.0,False,a0013b3bf6411673e3b985dc03bffa57,eb90d0da95e2843f,12,38
/kaggle/input/datasets/jessicamercya/satria-data-2026/BDC2026-20260708T012259Z-3-001 - Copy/BDC2026/train/1_Electronic/Keyboard_37.jpg,Electronic,150,150,JPEG,RGB,1.0,False,e4306d3c58b517b78a83b96569660f49,cc90d0ff3fd09b80,11,57
/kaggle/input/datasets/jessicamercya/satria-data-2026/BDC2026-20260708T012259Z-3-001 - Copy/BDC2026/train/1_Electronic/Printer_225.jpg,Electronic,150,150,JPEG,RGB,1.0,False,72627db4eddb2fe09432c5c220580eab,fac891669491cd37,6,11
/kaggle/input/datasets/jessicamercya/satria-data-2026/BDC2026-20260708T012259Z-3-001 - Copy/BDC2026/train/1_Electronic/Television_60.jpg,Electronic,150,150,JPEG,RGB,1.0,False,54c3dc0a3ce230ae4cef9c43104c3f87,9795184be638b36c,2,25
/kaggle/input/datasets/jessicamercya/satria-data-2026/BDC2026-20260708T012259Z-3-001 - Copy/BDC2026/train/1_Electronic/2.04NPlPDpndI2H2wxCNdR6nS.fit_lim.size_1050x578.v1569508808.jpg,Electronic,740,555,JPEG,RGB,1.3333333333333333,False,a39a44cfec2e48e850b72037cb955fa1,dfc224df7405e312,0,0
/kaggle/input/datasets/jessicamercya/satria-data-2026/BDC2026-20260708T012259Z-3-001 - Copy/BDC2026/train/1_Electronic/Television_152.jpg,Electronic,150,150,JPEG,RGB,1.0,False,94773ef112f1000b008beaab9dc2a1eb,d861873c93ac4d6e,4,15
/kaggle/input/datasets/jessicamercya/satria-data-2026/BDC2026-20260708T012259Z-3-001 - Copy/BDC2026/train/1_Electronic/Mouse_194.jpg,Electronic,150,150,JPEG,RGB,1.0,False,b9c7bb6a0aa8dc4cf4691ea5b5fd6de8,8d8f4b68266c54de,2,40
/kaggle/input/datasets/jessicamercya/satria-data-2026/BDC2026-20260708T012259Z-3-001 - Copy/BDC2026/train/1_Electronic/39.Clunky-Old-Laptop.jpg,Electronic,150,150,JPEG,RGB,1.0,False,c9756fc23e03b75d84a753bd7644d7ee,ea42941d99b59fb0,0,43
/kaggle/input/datasets/jessicamercya/satria-data-2026/BDC2026-20260708T012259Z-3-001 - Copy/BDC2026/train/1_Electronic/262.jpeg,Electronic,864,1152,JPEG,RGB,0.75,False,1ae0b0393cbba1c6a261c65860145b28,aaa4c085d797c61f,10,2
/kaggle/input/datasets/jessicamercya/satria-data-2026/BDC2026-20260708T012259Z-3-001 - Copy/BDC2026/train/1_Electronic/IMG_20201101_130143.jpg,Electronic,4000,3000,JPEG,RGB,1.3333333333333333,False,88b7c0d92d2e82ff38a53f1f1dbc8829,9f80813f63e9e5a1,11,31
/kaggle/input/datasets/jessicamercya/satria-data-2026/BDC2026-20260708T012259Z-3-001 - Copy/BDC2026/train/1_Electronic/Keyboard_8.jpg,Electronic,150,150,JPEG,RGB,1.0,False,7e09b9b4fc322f2461fcad78912d1c56,e05ac26a29bc37d9,2,13
/kaggle/input/datasets/jessicamercya/satria-data-2026/BDC2026-20260708T012259Z-3-001 - Copy/BDC2026/train/1_Electronic/pcb_284.jpg,Electronic,150,150,JPEG,RGB,1.0,False,7251d3cc36507b5a080820653dbc8f39,8f7ff490888aaa65,7,23
/kaggle/input/datasets/jessicamercya/satria-data-2026/BDC2026-20260708T012259Z-3-001 - Copy/BDC2026/train/1_Electronic/Mouse_151.jpg,Electronic,150,150,JPEG,RGB,1.0,False,132369b8770ef72754c0c8112e2f3d25,bf95c07a8d6432c9,5,3
/kaggle/input/datasets/jessicamercya/satria-data-2026/BDC2026-20260708T012259Z-3-001 - Copy/BDC2026/train/1_Electronic/16.computer-recycling_800x800.jpg,Electronic,600,400,JPEG,RGB,1.5,False,4648172a785e2851df337c0cba4ce7ef,e0cfc48d1999b743,0,0
/kaggle/input/datasets/jessicamercya/satria-data-2026/BDC2026-20260708T012259Z-3-001 - Copy/BDC2026/train/1_Electronic/Washing_Machine_175.jpg,Electronic,150,150,JPEG,RGB,1.0,False,a76efeab38ab3d13da034a5274964d15,bcc569e0d093d393,3,28
/kaggle/input/datasets/jessicamercya/satria-data-2026/BDC2026-20260708T012259Z-3-001 - Copy/BDC2026/train/1_Electronic/15.layar-ponsel-pecah_1339-341.jpg,Electronic,626,423,JPEG,RGB,1.4799054373522458,False,c574d0df39e35259783f5214cdb5f7f7,ea85956ac27a6a9c,1,9
/kaggle/input/datasets/jessicamercya/satria-data-2026/BDC2026-20260708T012259Z-3-001 - Copy/BDC2026/train/1_Electronic/IMG-20200329-WA0072.jpg,Electronic,720,1280,JPEG,RGB,0.5625,False,c2b4654417f0c6ea391367233a8ee3ff,f8ff0328552d412f,11,31
/kaggle/input/datasets/jessicamercya/satria-data-2026/BDC2026-20260708T012259Z-3-001 - Copy/BDC2026/train/1_Electronic/333.jpeg,Electronic,1152,864,JPEG,RGB,1.3333333333333333,False,d9ac454a992e79737fe48c7c43f523ac,a92be8d075ccf0b4,11,44
/kaggle/input/datasets/jessicamercya/satria-data-2026/BDC2026-20260708T012259Z-3-001 - Copy/BDC2026/train/1_Electronic/3.s-l400.jpg,Electronic,300,400,JPEG,RGB,0.75,False,ad70730ab4b6a611314df9de8b0eab11,d66ec99d24b49c38,7,23
/kaggle/input/datasets/jessicamercya/satria-data-2026/BDC2026-20260708T012259Z-3-001 - Copy/BDC2026/train/1_Electronic/Mobile_225.jpg,Electronic,150,150,JPEG,RGB,1.0,False,5a8518cce719013a521f701793913123,aa2ad59517953173,1,16
/kaggle/input/datasets/jessicamercya/satria-data-2026/BDC2026-20260708T012259Z-3-001 - Copy/BDC2026/train/1_Electronic/12.why-should-you-consider-recycling-laptops-1200px-640w.jpg,Electronic,640,427,JPEG,RGB,1.4988290398126465,False,b0d260519214fac5f9d4538e1a563c50,bac8c597b9393434,0,0
/kaggle/input/datasets/jessicamercya/satria-data-2026/BDC2026-20260708T012259Z-3-001 - Copy/BDC2026/train/1_Electronic/Mouse_132.jpg,Electronic,150,150,JPEG,RGB,1.0,False,bc18250cbd60413445b954841972534e,bf9bc53d06789c40,5,26
/kaggle/input/datasets/jessicamercya/satria-data-2026/BDC2026-20260708T012259Z-3-001 - Copy/BDC2026/train/1_Electronic/Microwave_103.jpg,Electronic,150,150,JPEG,RGB,1.0,False,8e071cb36951ee25de18012bc160d69b,fb5284a594a91f56,8,1
/kaggle/input/datasets/jessicamercya/satria-data-2026/BDC2026-20260708T012259Z-3-001 - Copy/BDC2026/train/1_Electronic/Printer_206.jpg,Electronic,150,150,JPEG,RGB,1.0,False,7f6e63465393938b6c6c058a36113673,ba1292169775f5c8,6,6
/kaggle/input/datasets/jessicamercya/satria-data-2026/BDC2026-20260708T012259Z-3-001 - Copy/BDC2026/train/1_Electronic/Washing_Machine_129.jpg,Electronic,150,150,JPEG,RGB,1.0,False,d1269b224f49c2676d7ca6b30f579966,ea9691359568dec8,3,33
/kaggle/input/datasets/jessicamercya/satria-data-2026/BDC2026-20260708T012259Z-3-001 - Copy/BDC2026/train/1_Electronic/Keyboard_72.jpg,Electronic,150,150,JPEG,RGB,1.0,False,6305a1046991f3229c7214a5bde401d4,bf91d04a7929856e,2,13
/kaggle/input/datasets/jessicamercya/satria-data-2026/BDC2026-20260708T012259Z-3-001 - Copy/BDC2026/train/1_Electronic/Printer_238.jpg,Electronic,150,150,JPEG,RGB,1.0,False,529bca10096aa2c0d9182214966c4e95,eae0953d940fd0da,6,11
/kaggle/input/datasets/jessicamercya/satria-data-2026/BDC2026-20260708T012259Z-3-001 - Copy/BDC2026/train/1_Electronic/Washing_Machine_91.jpg,Electronic,150,150,JPEG,RGB,1.0,False,1be87d0530cc6f017015ad049433d950,80c9e1f879785979,3,28
/kaggle/input/datasets/jessicamercya/satria-data-2026/BDC2026-20260708T012259Z-3-001 - Copy/BDC2026/train/1_Electronic/Player_235.jpg,Electronic,150,150,JPEG,RGB,1.0,False,182c694100e166ae65e189b52e93654a,ee90e16f95681e45,9,21
/kaggle/input/datasets/jessicamercya/satria-data-2026/BDC2026-20260708T012259Z-3-001 - Copy/BDC2026/train/1_Electronic/1.old-computer-8492029.jpg,Electronic,763,900,JPEG,RGB,0.8477777777777777,False,a1d9018822d97ac518798c1506b0ea81,ad93e00f9e62d12d,0,39
/kaggle/input/datasets/jessicamercya/satria-data-2026/BDC2026-20260708T012259Z-3-001 - Copy/BDC2026/train/1_Electronic/Printer_120.jpg,Electronic,150,150,JPEG,RGB,1.0,False,25ddcfb54d0506f2942a13ffece5bea5,b998c6673998c723,6,11
/kaggle/input/datasets/jessicamercya/satria-data-2026/BDC2026-20260708T012259Z-3-001 - Copy/BDC2026/train/1_Electronic/Microwave_130.jpg,Electronic,150,150,JPEG,RGB,1.0,False,13be5605e755f182cb1165a7552d80ad,ff948062843f6b2e,8,1
/kaggle/input/datasets/jessicamercya/satria-data-2026/BDC2026-20260708T012259Z-3-001 - Copy/BDC2026/train/1_Electronic/Television_158.jpg,Electronic,150,150,JPEG,RGB,1.0,False,777d8548c8040ab283b54788f98c6069,b51fea54a54bd032,4,10
/kaggle/input/datasets/jessicamercya/satria-data-2026/BDC2026-20260708T012259Z-3-001 - Copy/BDC2026/train/1_Electronic/Washing_Machine_30.jpg,Electronic,150,150,JPEG,RGB,1.0,False,9f799c723c386712e300b2246586c25b,c5e43a9a696b342e,3,8
/kaggle/input/datasets/jessicamercya/satria-data-2026/BDC2026-20260708T012259Z-3-001 - Copy/BDC2026/train/1_Electronic/65.chipdesk_2.jpg,Electronic,240,180,JPEG,RGB,1.3333333333333333,False,e8cb62cd58804031793012c27b699724,b5babd4910eb3826,7,18
/kaggle/input/datasets/jessicamercya/satria-data-2026/BDC2026-20260708T012259Z-3-001 - Copy/BDC2026/train/1_Electronic/11.1.jpg,Electronic,852,480,JPEG,RGB,1.775,False,f752551499e9588374660bc898c1212e,846e8f30799d236d,0,14
/kaggle/input/datasets/jessicamercya/satria-data-2026/BDC2026-20260708T012259Z-3-001 - Copy/BDC2026/train/1_Electronic/s-l640.jpg,Electronic,640,430,JPEG,RGB,1.4883720930232558,False,6c5d8f35b567f39b188855392a820a4d,8d3b2cc33134e799,7,7
/kaggle/input/datasets/jessicamercya/satria-data-2026/BDC2026-20260708T012259Z-3-001 - Copy/BDC2026/train/1_Electronic/Television_268.jpg,Electronic,150,150,JPEG,RGB,1.0,False,22fa2b70168f0cec3482539c4b4abea5,eac5b9942dd12dc1,4,12
/kaggle/input/datasets/jessicamercya/satria-data-2026/BDC2026-20260708T012259Z-3-001 - Copy/BDC2026/train/1_Electronic/Player_92.jpg,Electronic,150,150,JPEG,RGB,1.0,False,25afa7f6ffff30f0950d49d387abc1f4,cafc3e82fc8a9528,9,21
/kaggle/input/datasets/jessicamercya/satria-data-2026/BDC2026-20260708T012259Z-3-001 - Copy/BDC2026/train/1_Electronic/pcb_150.jpg,Electronic,150,150,JPEG,RGB,1.0,False,e7e1c2a112efff57c6294464c71c1fd9,93139a5adbda892c,7,7
/kaggle/input/datasets/jessicamercya/satria-data-2026/BDC2026-20260708T012259Z-3-001 - Copy/BDC2026/train/1_Electronic/IMG_20200329_152800.jpg,Electronic,4608,3456,JPEG,RGB,1.3333333333333333,False,d5408b47a1321b28923b59080de62a17,ee2b911e93c1d0f2,10,2
/kaggle/input/datasets/jessicamercya/satria-data-2026/BDC2026-20260708T012259Z-3-001 - Copy/BDC2026/train/1_Electronic/pcb_105.jpg,Electronic,150,150,JPEG,RGB,1.0,False,b77a3de600eac1dd7773f3965f66fbed,aa22c1fec290b3b7,7,7
/kaggle/input/datasets/jessicamercya/satria-data-2026/BDC2026-20260708T012259Z-3-001 - Copy/BDC2026/train/1_Electronic/Microwave_90.jpg,Electronic,150,150,JPEG,RGB,1.0,False,d17d74f2a4ad0c6965e9b560e5e07d50,ea6695906e3f4a62,8,1
/kaggle/input/datasets/jessicamercya/satria-data-2026/BDC2026-20260708T012259Z-3-001 - Copy/BDC2026/train/1_Electronic/IMG_20200328_131708.jpg,Electronic,4000,2250,JPEG,RGB,1.7777777777777777,False,111967550e4e7485b7cba86c3b9bf504,e765d6803a2a9dd2,1,4
/kaggle/input/datasets/jessicamercya/satria-data-2026/BDC2026-20260708T012259Z-3-001 - Copy/BDC2026/train/1_Electronic/Keyboard_98.jpg,Electronic,150,150,JPEG,RGB,1.0,False,69bc64b95ecf3e277f1b6a7a67fb288b,dad1d1d2d86ab425,2,5
/kaggle/input/datasets/jessicamercya/satria-data-2026/BDC2026-20260708T012259Z-3-001 - Copy/BDC2026/train/1_Electronic/Keyboard_144.jpg,Electronic,150,150,JPEG,RGB,1.0,False,e2447ff45a41890054900fcce1276129,f0688e93259953b7,2,13
/kaggle/input/datasets/jessicamercya/satria-data-2026/BDC2026-20260708T012259Z-3-001 - Copy/BDC2026/train/1_Electronic/Microwave_290.jpg,Electronic,150,150,JPEG,RGB,1.0,False,35cc0e9f11024734ddc7c6ccfb647f57,8531ce7a6e74cad0,8,20
/kaggle/input/datasets/jessicamercya/satria-data-2026/BDC2026-20260708T012259Z-3-001 - Copy/BDC2026/train/1_Electronic/Washing_Machine_28.jpg,Electronic,150,150,JPEG,RGB,1.0,False,f711957012f2b8bb7eefd5f98e95093f,b967c431c39e9398,3,33
/kaggle/input/datasets/jessicamercya/satria-data-2026/BDC2026-20260708T012259Z-3-001 - Copy/BDC2026/train/1_Electronic/battery_82.jpg,Electronic,150,150,JPEG,RGB,1.0,False,a2d65acea1713c46ca9ec41464abb29c,a57ec094b5bbf005,14,24
/kaggle/input/datasets/jessicamercya/satria-data-2026/BDC2026-20260708T012259Z-3-001 - Copy/BDC2026/train/1_Electronic/78.76384075.jpg,Electronic,319,450,JPEG,RGB,0.7088888888888889,False,ec177d1f09e189d016230dcdb73071f3,aa951b08b59cd9e5,0,0
/kaggle/input/datasets/jessicamercya/satria-data-2026/BDC2026-20260708T012259Z-3-001 - Copy/BDC2026/train/1_Electronic/Microwave_182.jpg,Electronic,150,150,JPEG,RGB,1.0,False,46ac6ca5efa5c722fa144594b4bdc297,d036db787df060e0,8,1
/kaggle/input/datasets/jessicamercya/satria-data-2026/BDC2026-20260708T012259Z-3-001 - Copy/BDC2026/train/1_Electronic/Keyboard_171.jpg,Electronic,150,150,JPEG,RGB,1.0,False,1964afa0afcd47828a89babcb94be3df,af4095d9d54d5615,2,13
/kaggle/input/datasets/jessicamercya/satria-data-2026/BDC2026-20260708T012259Z-3-001 - Copy/BDC2026/train/1_Electronic/61VwGhzxGSL.jpg,Electronic,1100,1100,JPEG,RGB,1.0,False,15e4068b68c7f28c3c1a4c5cf91e5dc3,ea3395c47a3f60e0,7,23
/kaggle/input/datasets/jessicamercya/satria-data-2026/BDC2026-20260708T012259Z-3-001 - Copy/BDC2026/train/1_Electronic/battery_146.jpg,Electronic,150,150,JPEG,RGB,1.0,False,b32c3d808b7ff781c5c80b3aec402cbd,ee3d99cae0a91613,14,24
/kaggle/input/datasets/jessicamercya/satria-data-2026/BDC2026-20260708T012259Z-3-001 - Copy/BDC2026/train/1_Electronic/Player_156.jpg,Electronic,150,150,JPEG,RGB,1.0,False,72e19858baa2f0df1b2c0456c104077d,bed4d52f0ad0d14a,9,17
/kaggle/input/datasets/jessicamercya/satria-data-2026/BDC2026-20260708T012259Z-3-001 - Copy/BDC2026/train/1_Electronic/Printer_22.jpg,Electronic,150,150,JPEG,RGB,1.0,False,b70da7bbe2f8e54e475e45a6fbac4987,83093d79c9cb313d,6,6
/kaggle/input/datasets/jessicamercya/satria-data-2026/BDC2026-20260708T012259Z-3-001 - Copy/BDC2026/train/1_Electronic/1.image-shows-pile-broken-discarded-260nw-2659729469.jpg,Electronic,195,280,JPEG,RGB,0.6964285714285714,False,aa33782b7f4052fd12a83e5b865d50a5,e3c59c1c9b33d470,1,9
/kaggle/input/datasets/jessicamercya/satria-data-2026/BDC2026-20260708T012259Z-3-001 - Copy/BDC2026/train/1_Electronic/Mobile_160.jpg,Electronic,150,150,JPEG,RGB,1.0,False,8cf2c053b938a2f47b6db9393b19eb7d,bc765348c333c99c,1,16
/kaggle/input/datasets/jessicamercya/satria-data-2026/BDC2026-20260708T012259Z-3-001 - Copy/BDC2026/train/1_Electronic/battery_255.jpg,Electronic,150,150,JPEG,RGB,1.0,False,9c4ffdd4c31961e528e38c492b594e17,f83c9cc8c8c7a762,12,37
/kaggle/input/datasets/jessicamercya/satria-data-2026/BDC2026-20260708T012259Z-3-001 - Copy/BDC2026/train/1_Electronic/13.television-lcd-broken-screen-glass-260nw-2418373425.jpg,Electronic,410,280,JPEG,RGB,1.4642857142857142,False,ebd7bffa504b71dbbf064d41f6700370,fa85854bc16a2d7c,4,49
/kaggle/input/datasets/jessicamercya/satria-data-2026/BDC2026-20260708T012259Z-3-001 - Copy/BDC2026/train/1_Electronic/pcb_71.jpg,Electronic,150,150,JPEG,RGB,1.0,False,1b7b18915322650fc35fcb2170142567,aa2ad48d51f84bd9,7,18
/kaggle/input/datasets/jessicamercya/satria-data-2026/BDC2026-20260708T012259Z-3-001 - Copy/BDC2026/train/1_Electronic/18.depositphotos_212637112-stock-photo-waste-heap-discarded-laptop-parts.jpg,Electronic,1600,1167,JPEG,RGB,1.3710368466152527,False,43badd84cd5b11f61dae5898b9846f24,a788e6971ca326f2,0,34
/kaggle/input/datasets/jessicamercya/satria-data-2026/BDC2026-20260708T012259Z-3-001 - Copy/BDC2026/train/1_Electronic/Microwave_154.jpg,Electronic,150,150,JPEG,RGB,1.0,False,ef8771dbce9805eb978a0fb1da40f5e0,b516dc16cad8c2e9,8,1
/kaggle/input/datasets/jessicamercya/satria-data-2026/BDC2026-20260708T012259Z-3-001 - Copy/BDC2026/train/1_Electronic/13.E-Waste-Recycling-Center-Indianapolis.jpg,Electronic,900,600,JPEG,RGB,1.5,False,71a85cc2fee47f4d729ff84676a45656,e89211e8d6b5c976,0,0
/kaggle/input/datasets/jessicamercya/satria-data-2026/BDC2026-20260708T012259Z-3-001 - Copy/BDC2026/train/1_Electronic/Mobile_170.jpg,Electronic,150,150,JPEG,RGB,1.0,False,ec2e7a5f48b14bf63e700165d194e574,e9d29764d7689268,1,16
/kaggle/input/datasets/jessicamercya/satria-data-2026/BDC2026-20260708T012259Z-3-001 - Copy/BDC2026/train/1_Electronic/pcb_225.jpg,Electronic,150,150,JPEG,RGB,1.0,False,8de8ef83e3a3885f8a6293495584dbd7,eb4cb7f96e860188,7,18
/kaggle/input/datasets/jessicamercya/satria-data-2026/BDC2026-20260708T012259Z-3-001 - Copy/BDC2026/train/1_Electronic/242.jpeg,Electronic,1280,640,JPEG,RGB,2.0,False,1e0942ab20c3af58a60b590a2dda972a,af35d03ad02ad26b,10,2
/kaggle/input/datasets/jessicamercya/satria-data-2026/BDC2026-20260708T012259Z-3-001 - Copy/BDC2026/train/1_Electronic/Washing_Machine_146.jpg,Electronic,150,150,JPEG,RGB,1.0,False,66dcb525da9c936eeb4205b3005a2723,bc32cbc76d84e682,3,27
/kaggle/input/datasets/jessicamercya/satria-data-2026/BDC2026-20260708T012259Z-3-001 - Copy/BDC2026/train/1_Electronic/463.jpeg,Electronic,1152,864,JPEG,RGB,1.3333333333333333,False,7237208c55773ebdb1ad362bed07f60a,fab0917ecd4d841c,1,4
/kaggle/input/datasets/jessicamercya/satria-data-2026/BDC2026-20260708T012259Z-3-001 - Copy/BDC2026/train/1_Electronic/Microwave_99.jpg,Electronic,150,150,JPEG,RGB,1.0,False,76d31776c654c960360b23a200d08146,ffc9a03f8067c0d1,8,1
/kaggle/input/datasets/jessicamercya/satria-data-2026/BDC2026-20260708T012259Z-3-001 - Copy/BDC2026/train/1_Electronic/battery_14.jpg,Electronic,150,150,JPEG,RGB,1.0,False,40b49af926a78642635f9b766b489860,bd92d271c26ec62c,12,38
/kaggle/input/datasets/jessicamercya/satria-data-2026/BDC2026-20260708T012259Z-3-001 - Copy/BDC2026/train/1_Electronic/pcb_73.jpg,Electronic,150,150,JPEG,RGB,1.0,False,2897ae26d7d0cc267634b0e88926f2db,b9af1971066e86a6,7,7
/kaggle/input/datasets/jessicamercya/satria-data-2026/BDC2026-20260708T012259Z-3-001 - Copy/BDC2026/train/1_Electronic/Player_164.jpg,Electronic,150,150,JPEG,RGB,1.0,False,d030e07114710173b643cd35c916050b,a2d5bc9eeb91c068,4,12
/kaggle/input/datasets/jessicamercya/satria-data-2026/BDC2026-20260708T012259Z-3-001 - Copy/BDC2026/train/1_Electronic/Television_54.jpg,Electronic,150,150,JPEG,RGB,1.0,False,30721ff57f9286f005433735492ebfcb,f994274e692178f4,4,15
/kaggle/input/datasets/jessicamercya/satria-data-2026/BDC2026-20260708T012259Z-3-001 - Copy/BDC2026/train/1_Electronic/Keyboard_96.jpg,Electronic,150,150,JPEG,RGB,1.0,False,7f106865d77fbef05e07debdc53dc283,ea2780abaa8fc1d5,2,13
/kaggle/input/datasets/jessicamercya/satria-data-2026/BDC2026-20260708T012259Z-3-001 - Copy/BDC2026/train/1_Electronic/8.water-damage-laptop-repair-600px.jpg,Electronic,768,512,JPEG,RGB,1.5,False,8d179ccd9cbe5c2ed96a2775f877f49a,f0cf6c33a3a1914d,0,54
/kaggle/input/datasets/jessicamercya/satria-data-2026/BDC2026-20260708T012259Z-3-001 - Copy/BDC2026/train/1_Electronic/Player_263.jpg,Electronic,150,150,JPEG,RGB,1.0,False,d275083b17d64b24aa8477476cc4a6ce,e9cbc93d92b68624,9,17
/kaggle/input/datasets/jessicamercya/satria-data-2026/BDC2026-20260708T012259Z-3-001 - Copy/BDC2026/train/1_Electronic/336.jpeg,Electronic,1152,864,JPEG,RGB,1.3333333333333333,False,e5e7b34b8676b85dfdb179fabb37c4a3,fed58285c1b499e2,11,44
/kaggle/input/datasets/jessicamercya/satria-data-2026/BDC2026-20260708T012259Z-3-001 - Copy/BDC2026/train/1_Electronic/11.Broken_laptop_20180322.jpg,Electronic,4592,3448,JPEG,RGB,1.331786542923434,False,3ab0200706cba496b2b041bb6d1b25bd,b693c9ecc45b360c,0,43
/kaggle/input/datasets/jessicamercya/satria-data-2026/BDC2026-20260708T012259Z-3-001 - Copy/BDC2026/train/1_Electronic/Mobile_204.jpg,Electronic,150,150,JPEG,RGB,1.0,False,d7b6a748581d987f2160943edcfd0865,f585485a7e6523a6,1,51
/kaggle/input/datasets/jessicamercya/satria-data-2026/BDC2026-20260708T012259Z-3-001 - Copy/BDC2026/train/1_Electronic/Printer_132.jpg,Electronic,150,150,JPEG,RGB,1.0,False,9d0b4a2f40101f52376144c685322058,bfc1d02e4b342dc3,6,11
/kaggle/input/datasets/jessicamercya/satria-data-2026/BDC2026-20260708T012259Z-3-001 - Copy/BDC2026/train/1_Electronic/530.jpeg,Electronic,622,1280,JPEG,RGB,0.4859375,False,20f92494f0a5ff90c57f367d8f2c66fe,b4cbcb343c9a34c3,1,4
/kaggle/input/datasets/jessicamercya/satria-data-2026/BDC2026-20260708T012259Z-3-001 - Copy/BDC2026/train/1_Electronic/pcb_201.jpg,Electronic,150,150,JPEG,RGB,1.0,False,c7216f6f563968d807ee160c7f756471,8ab194f6ea6838ba,7,23
/kaggle/input/datasets/jessicamercya/satria-data-2026/BDC2026-20260708T012259Z-3-001 - Copy/BDC2026/train/1_Electronic/Mouse_260.jpg,Electronic,150,150,JPEG,RGB,1.0,False,babf1f761406daf7a175d9593ab24ede,8fc7b13bcb43d018,5,3
/kaggle/input/datasets/jessicamercya/satria-data-2026/BDC2026-20260708T012259Z-3-001 - Copy/BDC2026/train/1_Electronic/Keyboard_185.jpg,Electronic,150,150,JPEG,RGB,1.0,False,5247930757e1e60ac4534c167bf9d169,be9cd3614d4a3c91,2,5
/kaggle/input/datasets/jessicamercya/satria-data-2026/BDC2026-20260708T012259Z-3-001 - Copy/BDC2026/train/1_Electronic/216.jpeg,Electronic,1280,960,JPEG,RGB,1.3333333333333333,False,8e47de80b34411186a8b5e42a3dfe300,ffc601806b953f31,10,2
/kaggle/input/datasets/jessicamercya/satria-data-2026/BDC2026-20260708T012259Z-3-001 - Copy/BDC2026/train/1_Electronic/Printer_208.jpg,Electronic,150,150,JPEG,RGB,1.0,False,9f3d1353035a64a9bbae605bbc78cc49,95ea6a9769c6318c,6,11
/kaggle/input/datasets/jessicamercya/satria-data-2026/BDC2026-20260708T012259Z-3-001 - Copy/BDC2026/train/1_Electronic/Printer_61.jpg,Electronic,150,150,JPEG,RGB,1.0,False,f80246d7dc9343d8375ef762ede2ce5f,95742f50b55e20cf,6,6
/kaggle/input/datasets/jessicamercya/satria-data-2026/BDC2026-20260708T012259Z-3-001 - Copy/BDC2026/train/1_Electronic/Television_190.jpg,Electronic,150,150,JPEG,RGB,1.0,False,6f29864b9bd988daeb772ab7ecb95318,c1c83f1fea1aa526,4,10
/kaggle/input/datasets/jessicamercya/satria-data-2026/BDC2026-20260708T012259Z-3-001 - Copy/BDC2026/train/1_Electronic/Player_226.jpg,Electronic,150,150,JPEG,RGB,1.0,False,73a89601415b0a224e5a47fc6158b022,ed94911a9ee1ca63,9,48
/kaggle/input/datasets/jessicamercya/satria-data-2026/BDC2026-20260708T012259Z-3-001 - Copy/BDC2026/train/1_Electronic/10.pexels-photo-7742735.jpeg,Electronic,4032,3024,JPEG,RGB,1.3333333333333333,False,72c0a7ccb5e0b2441075d15f736aa999,a40e8e719aaef5c2,0,0
/kaggle/input/datasets/jessicamercya/satria-data-2026/BDC2026-20260708T012259Z-3-001 - Copy/BDC2026/train/1_Electronic/24.guiyu-10.jpg,Electronic,1000,750,JPEG,RGB,1.3333333333333333,False,e501cfbeab0e3df1419721605050c871,9c4c9e18c58ebb9c,0,14
/kaggle/input/datasets/jessicamercya/satria-data-2026/BDC2026-20260708T012259Z-3-001 - Copy/BDC2026/train/1_Electronic/Printer_9.jpg,Electronic,150,150,JPEG,RGB,1.0,False,a524ebeedf6eb62557a8f9e18f2dfe98,ae12f4adcbc29b82,6,53
/kaggle/input/datasets/jessicamercya/satria-data-2026/BDC2026-20260708T012259Z-3-001 - Copy/BDC2026/train/1_Electronic/pcb_129.jpg,Electronic,150,150,JPEG,RGB,1.0,False,6e08ce97b5426a73ba96ced4d7411668,e748d72ccb12cd38,7,7
/kaggle/input/datasets/jessicamercya/satria-data-2026/BDC2026-20260708T012259Z-3-001 - Copy/BDC2026/train/1_Electronic/pcb_106.jpg,Electronic,150,150,JPEG,RGB,1.0,False,a18e7be7af2f36c28440bc2631a0a430,ef62c605dd1ec838,7,7
/kaggle/input/datasets/jessicamercya/satria-data-2026/BDC2026-20260708T012259Z-3-001 - Copy/BDC2026/train/1_Electronic/73.a-discarded-analog-television-set-and-air-conditioner-awaiting-pick-BDF3NC.jpg,Electronic,1300,960,JPEG,RGB,1.3541666666666667,False,781d4f2a5eb3f5a9cddf2e72475638f0,d2522cd573a03d9d,0,39
/kaggle/input/datasets/jessicamercya/satria-data-2026/BDC2026-20260708T012259Z-3-001 - Copy/BDC2026/train/1_Electronic/pcb_221.jpg,Electronic,150,150,JPEG,RGB,1.0,False,d2504c110e4d21042b37888ca72943d4,8d1879b54bb2538d,7,7
/kaggle/input/datasets/jessicamercya/satria-data-2026/BDC2026-20260708T012259Z-3-001 - Copy/BDC2026/train/1_Electronic/175.jpg,Electronic,4160,2340,JPEG,RGB,1.7777777777777777,False,85358bbec30992327a3922f8f580105a,ad00c22f7d7a4acb,10,56
/kaggle/input/datasets/jessicamercya/satria-data-2026/BDC2026-20260708T012259Z-3-001 - Copy/BDC2026/train/1_Electronic/IMG-20200329-WA0073.jpg,Electronic,1280,720,JPEG,RGB,1.7777777777777777,False,3a91b41c191437c3983834f3a0316f08,eb17d6c030d52ee8,11,31
/kaggle/input/datasets/jessicamercya/satria-data-2026/BDC2026-20260708T012259Z-3-001 - Copy/BDC2026/train/1_Electronic/Mobile_7.jpg,Electronic,150,150,JPEG,RGB,1.0,False,df1456f7d548aff3c8306c7169f9c4b9,dfc44467093b9d34,1,16
/kaggle/input/datasets/jessicamercya/satria-data-2026/BDC2026-20260708T012259Z-3-001 - Copy/BDC2026/train/1_Electronic/Player_153.jpg,Electronic,150,150,JPEG,RGB,1.0,False,db3a143eb13ed3785465534368dc3d69,efbad02d80d22f85,9,17
/kaggle/input/datasets/jessicamercya/satria-data-2026/BDC2026-20260708T012259Z-3-001 - Copy/BDC2026/train/1_Electronic/Mouse_21.jpg,Electronic,150,150,JPEG,RGB,1.0,False,cfa74812715031d6f0f74b6a28434c5c,b473cfd21c9c7034,5,29
/kaggle/input/datasets/jessicamercya/satria-data-2026/BDC2026-20260708T012259Z-3-001 - Copy/BDC2026/train/1_Electronic/Keyboard_176.jpg,Electronic,150,150,JPEG,RGB,1.0,False,7933d382ba2a8044d7c20b063f64cdc8,bc8ce33bc033c8f1,2,13
/kaggle/input/datasets/jessicamercya/satria-data-2026/BDC2026-20260708T012259Z-3-001 - Copy/BDC2026/train/1_Electronic/Player_126.jpg,Electronic,150,150,JPEG,RGB,1.0,False,55ec9295f7e4074fcfe24d19623eb7e7,ad817b4eb4578865,9,17
/kaggle/input/datasets/jessicamercya/satria-data-2026/BDC2026-20260708T012259Z-3-001 - Copy/BDC2026/train/1_Electronic/Printer_8.jpg,Electronic,150,150,JPEG,RGB,1.0,False,896fa8b1c2f4726dcf680d6acca4330e,bb93947ec1c04e65,6,11
/kaggle/input/datasets/jessicamercya/satria-data-2026/BDC2026-20260708T012259Z-3-001 - Copy/BDC2026/train/1_Electronic/Microwave_175.jpg,Electronic,150,150,JPEG,RGB,1.0,False,864e6f825f4ee5ee3545825c05452550,e08415e8788fd77c,8,20
/kaggle/input/datasets/jessicamercya/satria-data-2026/BDC2026-20260708T012259Z-3-001 - Copy/BDC2026/train/1_Electronic/Keyboard_183.jpg,Electronic,150,150,JPEG,RGB,1.0,False,3de5cf1a78e743bd6f9a246249f22670,90c56f3e3a6d8592,2,5
/kaggle/input/datasets/jessicamercya/satria-data-2026/BDC2026-20260708T012259Z-3-001 - Copy/BDC2026/train/1_Electronic/battery_81.jpg,Electronic,150,150,JPEG,RGB,1.0,False,ec3950407b7b83e31febd52ca70f0f93,bb4ec49193b06e1b,12,38
/kaggle/input/datasets/jessicamercya/satria-data-2026/BDC2026-20260708T012259Z-3-001 - Copy/BDC2026/train/1_Electronic/9.old-personal-computers-set-749.jpg,Electronic,500,500,JPEG,RGB,1.0,False,776b5781ae86ab1ea507a0a959a44968,faf885c3d12471f0,11,44
/kaggle/input/datasets/jessicamercya/satria-data-2026/BDC2026-20260708T012259Z-3-001 - Copy/BDC2026/train/1_Electronic/76.1-93bda385963db80e8617981d768790d2-4f888ef2e784cae86d435777a6bdd2ab.jpg,Electronic,900,1200,JPEG,RGB,0.75,False,3b45f38daa3e7754d0a85d4c31f4846b,e0858bcf017726d7,1,4
/kaggle/input/datasets/jessicamercya/satria-data-2026/BDC2026-20260708T012259Z-3-001 - Copy/BDC2026/train/1_Electronic/Washing_Machine_161.jpg,Electronic,150,150,JPEG,RGB,1.0,False,2e11476c1a3de4f9d1335c2b1198aeb7,fa15af07f030cd23,3,27
/kaggle/input/datasets/jessicamercya/satria-data-2026/BDC2026-20260708T012259Z-3-001 - Copy/BDC2026/train/1_Electronic/Microwave_295.jpg,Electronic,150,150,JPEG,RGB,1.0,False,081d57b646c086bebc5a5b30fa0d4d23,c0e5e5f0687629f2,8,20
/kaggle/input/datasets/jessicamercya/satria-data-2026/BDC2026-20260708T012259Z-3-001 - Copy/BDC2026/train/1_Electronic/Television_16.jpg,Electronic,150,150,JPEG,RGB,1.0,False,4ccd3c579800c371c41b2cd5b744f476,8a95e13ad1e199cb,4,15
/kaggle/input/datasets/jessicamercya/satria-data-2026/BDC2026-20260708T012259Z-3-001 - Copy/BDC2026/train/1_Electronic/Microwave_173.jpg,Electronic,150,150,JPEG,RGB,1.0,False,6e6f4d4c4f773701d34e6fc851ed860a,ba35c4ea95c23a17,8,1
/kaggle/input/datasets/jessicamercya/satria-data-2026/BDC2026-20260708T012259Z-3-001 - Copy/BDC2026/train/1_Electronic/7.vga-laptop-artefak.jpg,Electronic,471,345,JPEG,RGB,1.3652173913043477,False,962abc937b346699b976481da626ae70,d03d2b083d8fd497,4,49
/kaggle/input/datasets/jessicamercya/satria-data-2026/BDC2026-20260708T012259Z-3-001 - Copy/BDC2026/train/1_Electronic/Microwave_82.jpg,Electronic,150,150,JPEG,RGB,1.0,False,cb203216ec3c81c51405c6a6be31e326,ffd58028af2a132b,8,1
/kaggle/input/datasets/jessicamercya/satria-data-2026/BDC2026-20260708T012259Z-3-001 - Copy/BDC2026/train/1_Electronic/18.scrap-laptops-10-for-dollar150-free-shipping__55453.1762353348.800.1000.jpg,Electronic,600,400,JPEG,RGB,1.5,False,67ce0853ddc2eddf7ac5d010a1eb7db6,bee1914e81316c9f,0,0
/kaggle/input/datasets/jessicamercya/satria-data-2026/BDC2026-20260708T012259Z-3-001 - Copy/BDC2026/train/1_Electronic/download.jpg,Electronic,168,300,JPEG,RGB,0.56,False,e3efc1e67d983a3922cc442f10642177,ec3398cc63b12c76,10,2
/kaggle/input/datasets/jessicamercya/satria-data-2026/BDC2026-20260708T012259Z-3-001 - Copy/BDC2026/train/1_Electronic/Player_174.jpg,Electronic,150,150,JPEG,RGB,1.0,False,a6b3b90c65033874b1bf18a40b6f822f,bb60b51fc2c00bcf,9,48
/kaggle/input/datasets/jessicamercya/satria-data-2026/BDC2026-20260708T012259Z-3-001 - Copy/BDC2026/train/1_Electronic/Printer_251.jpg,Electronic,150,150,JPEG,RGB,1.0,False,4872fd9424b2f87900059aba4edf2c59,d6f42bc8cd96d203,6,6
/kaggle/input/datasets/jessicamercya/satria-data-2026/BDC2026-20260708T012259Z-3-001 - Copy/BDC2026/train/1_Electronic/pcb_176.jpg,Electronic,150,150,JPEG,RGB,1.0,False,cb12c3867bae1a2714dea4008bcf89ed,822aea2abf55a555,7,7
/kaggle/input/datasets/jessicamercya/satria-data-2026/BDC2026-20260708T012259Z-3-001 - Copy/BDC2026/train/1_Electronic/battery_110.jpg,Electronic,150,150,JPEG,RGB,1.0,False,a5882ff019fcc2a764633eb6766aea02,ee6991926e356c68,13,19
/kaggle/input/datasets/jessicamercya/satria-data-2026/BDC2026-20260708T012259Z-3-001 - Copy/BDC2026/train/1_Electronic/212.jpeg,Electronic,1152,864,JPEG,RGB,1.3333333333333333,False,cf6fabb84f6142ff80d5613305d2d305,aed5970ac12d7c34,10,2
/kaggle/input/datasets/jessicamercya/satria-data-2026/BDC2026-20260708T012259Z-3-001 - Copy/BDC2026/train/1_Electronic/Mobile_63.jpg,Electronic,150,150,JPEG,RGB,1.0,False,0ed1b7f4fe327af431d4889d6ed716c8,b3cd64960c93936d,1,9
/kaggle/input/datasets/jessicamercya/satria-data-2026/BDC2026-20260708T012259Z-3-001 - Copy/BDC2026/train/1_Electronic/64.burning-pile-of-discarded-televisions-at-an-industrial-site-photo.jpg,Electronic,1301,980,JPEG,RGB,1.3275510204081633,False,7d29a877003cf087d4e695d3fb997150,e0e3af78d2de9808,0,0
/kaggle/input/datasets/jessicamercya/satria-data-2026/BDC2026-20260708T012259Z-3-001 - Copy/BDC2026/train/1_Electronic/Microwave_72.jpg,Electronic,150,150,JPEG,RGB,1.0,False,e9c7d904294a0ce36d4e17e773173fdb,854dacd7a168ae99,2,40
/kaggle/input/datasets/jessicamercya/satria-data-2026/BDC2026-20260708T012259Z-3-001 - Copy/BDC2026/train/1_Electronic/Mouse_258.jpg,Electronic,150,150,JPEG,RGB,1.0,False,83d7587f9151e3728bada333bb58a4b8,9bff6594249494b4,5,36
/kaggle/input/datasets/jessicamercya/satria-data-2026/BDC2026-20260708T012259Z-3-001 - Copy/BDC2026/train/1_Electronic/Player_241.jpg,Electronic,150,150,JPEG,RGB,1.0,False,90ce750ffb6953eb73da2049577bbdbd,ebb1c44616ec3ad1,9,21
/kaggle/input/datasets/jessicamercya/satria-data-2026/BDC2026-20260708T012259Z-3-001 - Copy/BDC2026/train/1_Electronic/784.jpeg,Electronic,648,1152,JPEG,RGB,0.5625,False,4e23b517f0fa723aa0887c6f05d30e9e,a098b7c8a0d5fa6d,5,29
/kaggle/input/datasets/jessicamercya/satria-data-2026/BDC2026-20260708T012259Z-3-001 - Copy/BDC2026/train/1_Electronic/Keyboard_138.jpg,Electronic,150,150,JPEG,RGB,1.0,False,eb115c4b67870911a101c6be345a5bdf,85ca3c8f1f150bb5,2,13
/kaggle/input/datasets/jessicamercya/satria-data-2026/BDC2026-20260708T012259Z-3-001 - Copy/BDC2026/train/1_Electronic/Television_128.jpg,Electronic,150,150,JPEG,RGB,1.0,False,6da6e068cfb0e11d42c4fa3efba5c178,9e9b287ec42ad529,4,12
/kaggle/input/datasets/jessicamercya/satria-data-2026/BDC2026-20260708T012259Z-3-001 - Copy/BDC2026/train/1_Electronic/199.jpeg,Electronic,720,1280,JPEG,RGB,0.5625,False,5efe65456232c526527f6fb5e3a8777e,fa6ac0e8bfe01585,10,2
/kaggle/input/datasets/jessicamercya/satria-data-2026/BDC2026-20260708T012259Z-3-001 - Copy/BDC2026/train/1_Electronic/Mouse_123.jpg,Electronic,150,150,JPEG,RGB,1.0,False,e2b158db072d54706a750af256b63cd2,ea3595c2da0f41bc,5,26
/kaggle/input/datasets/jessicamercya/satria-data-2026/BDC2026-20260708T012259Z-3-001 - Copy/BDC2026/train/1_Electronic/660_1-3.jpg,Electronic,660,330,JPEG,RGB,2.0,False,6f6bffb3f05922cc3cc1ae2cdd7e467a,dac614fc75e28e18,0,14
/kaggle/input/datasets/jessicamercya/satria-data-2026/BDC2026-20260708T012259Z-3-001 - Copy/BDC2026/train/1_Electronic/Washing_Machine_20.jpg,Electronic,150,150,JPEG,RGB,1.0,False,1dc261d22336e1d67921650599078afa,d0cf0270c27c7773,3,28
/kaggle/input/datasets/jessicamercya/satria-data-2026/BDC2026-20260708T012259Z-3-001 - Copy/BDC2026/train/1_Electronic/Television_119.jpg,Electronic,150,150,JPEG,RGB,1.0,False,2a46c581adc0a7a82411d1ac7d561464,aadfb5c8c080efa4,11,41
/kaggle/input/datasets/jessicamercya/satria-data-2026/BDC2026-20260708T012259Z-3-001 - Copy/BDC2026/train/1_Electronic/3.jual-beli-barang-bekas-elektronik-600x400.jpg,Electronic,600,400,JPEG,RGB,1.5,False,e73cff045e2c7016088639c1ceee9405,ec9413d8add37464,0,0
/kaggle/input/datasets/jessicamercya/satria-data-2026/BDC2026-20260708T012259Z-3-001 - Copy/BDC2026/train/1_Electronic/18.A47e9e4f9414b4fbcb7b510717817993c6.jpg,Electronic,300,300,JPEG,RGB,1.0,False,2dbbd451e6da0b0640393f24853494be,c1846fa51e5a375a,0,34
/kaggle/input/datasets/jessicamercya/satria-data-2026/BDC2026-20260708T012259Z-3-001 - Copy/BDC2026/train/1_Electronic/Player_150.jpg,Electronic,150,150,JPEG,RGB,1.0,False,0b6772f0eb5451299815e01d2fc920a7,bc3dc3d295c384d8,9,17
/kaggle/input/datasets/jessicamercya/satria-data-2026/BDC2026-20260708T012259Z-3-001 - Copy/BDC2026/train/1_Electronic/Television_90.jpg,Electronic,150,150,JPEG,RGB,1.0,False,e0b6465ecf8bce07fb3ee5045bfc4341,cdf8d958c837c416,4,12
/kaggle/input/datasets/jessicamercya/satria-data-2026/BDC2026-20260708T012259Z-3-001 - Copy/BDC2026/train/1_Electronic/Washing_Machine_209.jpg,Electronic,150,150,JPEG,RGB,1.0,False,9b63eb1d2a1d2624108dc89a308de975,f8f5c393392c2171,3,27
/kaggle/input/datasets/jessicamercya/satria-data-2026/BDC2026-20260708T012259Z-3-001 - Copy/BDC2026/train/1_Electronic/Microwave_121.jpg,Electronic,150,150,JPEG,RGB,1.0,False,b48a84fdea47506ff64dcfad1d1fd21d,96abe954e92a12ab,8,1
/kaggle/input/datasets/jessicamercya/satria-data-2026/BDC2026-20260708T012259Z-3-001 - Copy/BDC2026/train/1_Electronic/Washing_Machine_57.jpg,Electronic,150,150,JPEG,RGB,1.0,False,c05e279de9ef12080446e6e18fbf54ff,e461cb646d3339c6,3,27
/kaggle/input/datasets/jessicamercya/satria-data-2026/BDC2026-20260708T012259Z-3-001 - Copy/BDC2026/train/1_Electronic/Printer_219.jpg,Electronic,150,150,JPEG,RGB,1.0,False,dcd53d458d52cf0e2282dbe19a3f4f63,af43d09c336a9b31,6,53
/kaggle/input/datasets/jessicamercya/satria-data-2026/BDC2026-20260708T012259Z-3-001 - Copy/BDC2026/train/1_Electronic/Television_104.jpg,Electronic,150,150,JPEG,RGB,1.0,False,a4871b883aa6cc3287b9f690d9251b91,e248b5979da79924,4,10
/kaggle/input/datasets/jessicamercya/satria-data-2026/BDC2026-20260708T012259Z-3-001 - Copy/BDC2026/train/1_Electronic/Microwave_203.jpg,Electronic,150,150,JPEG,RGB,1.0,False,57d87583e6d27528e179794b72c6b08e,d2b43f802dd2bd83,8,1
/kaggle/input/datasets/jessicamercya/satria-data-2026/BDC2026-20260708T012259Z-3-001 - Copy/BDC2026/train/1_Electronic/15.1-19121G4131J13.jpg,Electronic,610,450,JPEG,RGB,1.3555555555555556,False,5ca23d43011685a7610a165ff28e4bdc,f18ed1171a92d8d9,0,30
/kaggle/input/datasets/jessicamercya/satria-data-2026/BDC2026-20260708T012259Z-3-001 - Copy/BDC2026/train/1_Electronic/WhatsApp Image 2020-11-01 at 1.22.36 PM.jpeg,Electronic,720,1280,JPEG,RGB,0.5625,False,80009d7fa0e3deeb29c6746cb14d56c7,fa851c6934b31f68,15,46
/kaggle/input/datasets/jessicamercya/satria-data-2026/BDC2026-20260708T012259Z-3-001 - Copy/BDC2026/train/1_Electronic/pcb_164.jpg,Electronic,150,150,JPEG,RGB,1.0,False,13ee0b0dc258e538af2c92075124d45b,ffa0b055a169c179,7,18
/kaggle/input/datasets/jessicamercya/satria-data-2026/BDC2026-20260708T012259Z-3-001 - Copy/BDC2026/train/1_Electronic/Washing_Machine_76.jpg,Electronic,150,150,JPEG,RGB,1.0,False,48c6d6a92e382316c08ee820555eaf0b,aa343f8bc34bc169,3,33
/kaggle/input/datasets/jessicamercya/satria-data-2026/BDC2026-20260708T012259Z-3-001 - Copy/BDC2026/train/1_Electronic/Keyboard_261.jpg,Electronic,150,150,JPEG,RGB,1.0,False,9dac7200944a107ce6257e790b13fded,bf03945592a2dab3,2,5
/kaggle/input/datasets/jessicamercya/satria-data-2026/BDC2026-20260708T012259Z-3-001 - Copy/BDC2026/train/1_Electronic/Washing_Machine_38.jpg,Electronic,150,150,JPEG,RGB,1.0,False,31b89e37ed9dd1f737b904141f1e3e97,af3238cfc169c03d,3,33
/kaggle/input/datasets/jessicamercya/satria-data-2026/BDC2026-20260708T012259Z-3-001 - Copy/BDC2026/train/1_Electronic/Keyboard_137.jpg,Electronic,150,150,JPEG,RGB,1.0,False,e2fb98c3e1266f505ec69439e7520c4b,bbaaaa92989b905b,2,13
/kaggle/input/datasets/jessicamercya/satria-data-2026/BDC2026-20260708T012259Z-3-001 - Copy/BDC2026/train/1_Electronic/Television_191.jpg,Electronic,150,150,JPEG,RGB,1.0,False,609ad5a79cbcf72cf60bc8a50f8d7e65,ea4a6897bd93a483,4,10
/kaggle/input/datasets/jessicamercya/satria-data-2026/BDC2026-20260708T012259Z-3-001 - Copy/BDC2026/train/1_Electronic/15.acdc37_d7719cb438644d1b88866adc508d4cbe~mv2.jpg,Electronic,568,312,JPEG,RGB,1.8205128205128205,False,fc81af56444f77f5c44ad6c702ae3d95,ce9f6bf8a2119388,7,18
/kaggle/input/datasets/jessicamercya/satria-data-2026/BDC2026-20260708T012259Z-3-001 - Copy/BDC2026/train/1_Electronic/battery_52.jpg,Electronic,150,150,JPEG,RGB,1.0,False,cf0fcb80acbd121a89e15497a72c7181,bb43c4bc86173749,12,38
/kaggle/input/datasets/jessicamercya/satria-data-2026/BDC2026-20260708T012259Z-3-001 - Copy/BDC2026/train/1_Electronic/Washing_Machine_105.jpg,Electronic,150,150,JPEG,RGB,1.0,False,1933b98693472e68af3637becf6cf26a,f1499e96ca638a36,3,33
/kaggle/input/datasets/jessicamercya/satria-data-2026/BDC2026-20260708T012259Z-3-001 - Copy/BDC2026/train/1_Electronic/258.jpeg,Electronic,1152,864,JPEG,RGB,1.3333333333333333,False,929466a0c91351340307cf0ba7e34069,eabc95815e8a68d5,10,2
/kaggle/input/datasets/jessicamercya/satria-data-2026/BDC2026-20260708T012259Z-3-001 - Copy/BDC2026/train/1_Electronic/Printer_36.jpg,Electronic,150,150,JPEG,RGB,1.0,False,3498268002270adf7b54ceb8270d3109,d5f870859a6cc58b,6,6
/kaggle/input/datasets/jessicamercya/satria-data-2026/BDC2026-20260708T012259Z-3-001 - Copy/BDC2026/train/1_Electronic/74.recycle-voluntary-program11.jpg,Electronic,708,398,JPEG,RGB,1.778894472361809,False,94f112dbaae8d7a232551db2b9b7eca1,ba25e64997368978,0,0
/kaggle/input/datasets/jessicamercya/satria-data-2026/BDC2026-20260708T012259Z-3-001 - Copy/BDC2026/train/1_Electronic/Player_1.jpg,Electronic,150,150,JPEG,RGB,1.0,False,607043956edc58ea35112cce137c5a58,ebcbe12190368f96,9,48
/kaggle/input/datasets/jessicamercya/satria-data-2026/BDC2026-20260708T012259Z-3-001 - Copy/BDC2026/train/1_Electronic/Printer_188.jpg,Electronic,150,150,JPEG,RGB,1.0,False,ffe5c024596e06819ab0fe16656c5542,90f0b087d7c917cd,6,6
/kaggle/input/datasets/jessicamercya/satria-data-2026/BDC2026-20260708T012259Z-3-001 - Copy/BDC2026/train/1_Electronic/65.man-destroys-old-tv-using-footage-120465282_iconl.jpeg,Electronic,480,270,WEBP,RGB,1.7777777777777777,False,b0c6be66551d120b958e097339afd65c,a19e82391f31e6a7,0,39
/kaggle/input/datasets/jessicamercya/satria-data-2026/BDC2026-20260708T012259Z-3-001 - Copy/BDC2026/train/1_Electronic/Printer_52.jpg,Electronic,150,150,JPEG,RGB,1.0,False,1166fe3a194360426e742aecdc4ed90f,bf93c03cc07c93c6,6,52
/kaggle/input/datasets/jessicamercya/satria-data-2026/BDC2026-20260708T012259Z-3-001 - Copy/BDC2026/train/1_Electronic/brokenp.jpg,Electronic,976,1597,JPEG,RGB,0.6111458985597996,False,dfea25f6e5ba94f10883d4e236c59ab9,fa6d85c2819e85f1,1,9
/kaggle/input/datasets/jessicamercya/satria-data-2026/BDC2026-20260708T012259Z-3-001 - Copy/BDC2026/train/1_Electronic/41.old-broken-television-set-shattered-screen-rusting-components-symbolizing-obsolescence-decay-sits-discarded-vintage-429776054.jpg,Electronic,800,533,JPEG,RGB,1.5009380863039399,False,45b96d2a15c6aa54f2efccc5e36ed8ed,fe6389c6d20ac42f,0,39
/kaggle/input/datasets/jessicamercya/satria-data-2026/BDC2026-20260708T012259Z-3-001 - Copy/BDC2026/train/1_Electronic/13.Electronic_waste_at_Agbogbloshie_2C_Ghana.jpg,Electronic,4032,2268,JPEG,RGB,1.7777777777777777,False,bfd82b482cb890d64b4f285a92230594,d0986606ebd1376b,0,14
/kaggle/input/datasets/jessicamercya/satria-data-2026/BDC2026-20260708T012259Z-3-001 - Copy/BDC2026/train/1_Electronic/Player_39.jpg,Electronic,150,150,JPEG,RGB,1.0,False,ba96cd9f6acecd145d9ceafe0b568d1f,bf25f09e92388b70,9,48
/kaggle/input/datasets/jessicamercya/satria-data-2026/BDC2026-20260708T012259Z-3-001 - Copy/BDC2026/train/1_Electronic/Mouse_227.jpg,Electronic,150,150,JPEG,RGB,1.0,False,0d392f02428352b32bddf252b1a7a459,faca95356092c7ca,5,26
/kaggle/input/datasets/jessicamercya/satria-data-2026/BDC2026-20260708T012259Z-3-001 - Copy/BDC2026/train/1_Electronic/Washing_Machine_92.jpg,Electronic,150,150,JPEG,RGB,1.0,False,b83a2321a9ccf3ba498e3e77e9e91897,b4c33c99c334c375,3,33
/kaggle/input/datasets/jessicamercya/satria-data-2026/BDC2026-20260708T012259Z-3-001 - Copy/BDC2026/train/1_Electronic/Printer_215.jpg,Electronic,150,150,JPEG,RGB,1.0,False,4dbaebc5e15d27bf24987606ed662059,b8f6c9d1d089ce32,6,6
/kaggle/input/datasets/jessicamercya/satria-data-2026/BDC2026-20260708T012259Z-3-001 - Copy/BDC2026/train/1_Electronic/pcb_127.jpg,Electronic,150,150,JPEG,RGB,1.0,False,3406171ca985d07d242f862fef2b65bd,863239c7fed6484a,7,7
/kaggle/input/datasets/jessicamercya/satria-data-2026/BDC2026-20260708T012259Z-3-001 - Copy/BDC2026/train/1_Electronic/24.old-defective-computer-cpu-scrap-2219458585-n38mn4u2.jpg,Electronic,720,608,JPEG,RGB,1.1842105263157894,False,d8af18a9920e3d9e3202bb9ef0bc514f,aec245611b3e3f34,0,0
/kaggle/input/datasets/jessicamercya/satria-data-2026/BDC2026-20260708T012259Z-3-001 - Copy/BDC2026/train/1_Electronic/battery_93.jpg,Electronic,150,150,JPEG,RGB,1.0,False,f90d8d3c46ef5eac12c373da79925010,e96dc59832636e49,13,19
/kaggle/input/datasets/jessicamercya/satria-data-2026/BDC2026-20260708T012259Z-3-001 - Copy/BDC2026/train/1_Electronic/Washing_Machine_299.jpg,Electronic,150,150,JPEG,RGB,1.0,False,79d4cd9bb09d1e0af61c2333b913a3e2,a5da3d21d21b265e,3,28
/kaggle/input/datasets/jessicamercya/satria-data-2026/BDC2026-20260708T012259Z-3-001 - Copy/BDC2026/train/1_Electronic/317.jpeg,Electronic,1032,581,JPEG,RGB,1.7762478485370052,False,ffc2453836b5fa881166c35dcbd9ef56,968db09378cd9aac,11,44
/kaggle/input/datasets/jessicamercya/satria-data-2026/BDC2026-20260708T012259Z-3-001 - Copy/BDC2026/train/1_Electronic/Keyboard_196.jpg,Electronic,150,150,JPEG,RGB,1.0,False,cfeed72eae743625a316b5e6640c3ff5,b9e0a9e0e966b946,2,5
/kaggle/input/datasets/jessicamercya/satria-data-2026/BDC2026-20260708T012259Z-3-001 - Copy/BDC2026/train/1_Electronic/Player_172.jpg,Electronic,150,150,JPEG,RGB,1.0,False,cdecec1799c4db9acd1016eef303da60,e878951fd0c397c8,9,17
/kaggle/input/datasets/jessicamercya/satria-data-2026/BDC2026-20260708T012259Z-3-001 - Copy/BDC2026/train/1_Electronic/Television_49.jpg,Electronic,150,150,JPEG,RGB,1.0,False,12392c7a767e84f25954f9828a2d2581,bd24505da25df02f,4,15
/kaggle/input/datasets/jessicamercya/satria-data-2026/BDC2026-20260708T012259Z-3-001 - Copy/BDC2026/train/1_Electronic/14.elektronik+barang+bekas.jpg,Electronic,267,189,JPEG,RGB,1.4126984126984128,False,360a82de1a25b6df34ed5f1b69a31b72,87088fd91bd68997,0,0
/kaggle/input/datasets/jessicamercya/satria-data-2026/BDC2026-20260708T012259Z-3-001 - Copy/BDC2026/train/1_Electronic/battery_114.jpg,Electronic,150,150,JPEG,RGB,1.0,False,cd9ce470f086296fc81c6680df4df353,af60d09f2f60d295,14,24
/kaggle/input/datasets/jessicamercya/satria-data-2026/BDC2026-20260708T012259Z-3-001 - Copy/BDC2026/train/1_Electronic/69.electronics-recycling-service.jpg,Electronic,1000,500,JPEG,RGB,2.0,False,e6751d7e349ca580da6b33a0c80f0548,c94fce65e658f048,0,0
/kaggle/input/datasets/jessicamercya/satria-data-2026/BDC2026-20260708T012259Z-3-001 - Copy/BDC2026/train/1_Electronic/Mobile_83.jpg,Electronic,150,150,JPEG,RGB,1.0,False,0f4ef961401488c5645eb34534a550f2,c13e60c33c5a39bb,1,9
/kaggle/input/datasets/jessicamercya/satria-data-2026/BDC2026-20260708T012259Z-3-001 - Copy/BDC2026/train/1_Electronic/Player_295.jpg,Electronic,150,150,JPEG,RGB,1.0,False,c82db3cbfe0ad62300b9b3f27fe35f0b,bfb0c2c3cbc3838c,9,45
/kaggle/input/datasets/jessicamercya/satria-data-2026/BDC2026-20260708T012259Z-3-001 - Copy/BDC2026/train/1_Electronic/Television_177.jpg,Electronic,150,150,JPEG,RGB,1.0,False,e17b3b0fd1738ce69afb1b23e58b602e,fca9d35aa5609274,4,15
/kaggle/input/datasets/jessicamercya/satria-data-2026/BDC2026-20260708T012259Z-3-001 - Copy/BDC2026/train/1_Electronic/pcb_147.jpg,Electronic,150,150,JPEG,RGB,1.0,False,c1054400ac53ab117172c65b228b8c8e,aff0d41fc20f890e,7,18
/kaggle/input/datasets/jessicamercya/satria-data-2026/BDC2026-20260708T012259Z-3-001 - Copy/BDC2026/train/1_Electronic/Microwave_180.jpg,Electronic,150,150,JPEG,RGB,1.0,False,54d4b18f6040244d1cb70f6afb6e17cf,fe7a890b3e3490f0,8,1
/kaggle/input/datasets/jessicamercya/satria-data-2026/BDC2026-20260708T012259Z-3-001 - Copy/BDC2026/train/1_Electronic/Player_185.jpg,Electronic,150,150,JPEG,RGB,1.0,False,1e714fd64ecde4df71afe300e328d1a0,aac4f52ac0bbcad8,9,21
/kaggle/input/datasets/jessicamercya/satria-data-2026/BDC2026-20260708T012259Z-3-001 - Copy/BDC2026/train/1_Electronic/4ffaae26c38a4923bee02805b70c4acf_18.jpeg,Electronic,770,513,WEBP,RGB,1.5009746588693957,False,298e06bc6aa8421863cb9b8f01337bfd,f0e6d8709e0bc713,0,14
/kaggle/input/datasets/jessicamercya/satria-data-2026/BDC2026-20260708T012259Z-3-001 - Copy/BDC2026/train/1_Electronic/Player_173.jpg,Electronic,150,150,JPEG,RGB,1.0,False,3d5bc93eda66f6008de8b7f2b0a9ae11,ea72943fd0c587b0,9,17
/kaggle/input/datasets/jessicamercya/satria-data-2026/BDC2026-20260708T012259Z-3-001 - Copy/BDC2026/train/1_Electronic/Microwave_45.jpg,Electronic,150,150,JPEG,RGB,1.0,False,2e7ac668c6640b9b31b692d7eded703f,d0abff14806f8875,8,20
/kaggle/input/datasets/jessicamercya/satria-data-2026/BDC2026-20260708T012259Z-3-001 - Copy/BDC2026/train/1_Electronic/Player_108.jpg,Electronic,150,150,JPEG,RGB,1.0,False,60b7c234971da14308a00a48c03c3fde,bc92c36dc33b38c8,9,17
/kaggle/input/datasets/jessicamercya/satria-data-2026/BDC2026-20260708T012259Z-3-001 - Copy/BDC2026/train/1_Electronic/Washing_Machine_213.jpg,Electronic,150,150,JPEG,RGB,1.0,False,aba8c3689614a6acd5d8bb2dd4799979,d85ac6465a7a3ca5,3,28
/kaggle/input/datasets/jessicamercya/satria-data-2026/BDC2026-20260708T012259Z-3-001 - Copy/BDC2026/train/1_Electronic/Television_193.jpg,Electronic,150,150,JPEG,RGB,1.0,False,fd2df20d3bdb5d23887863f0979c733f,aafad0f5c0a8c49b,4,15
/kaggle/input/datasets/jessicamercya/satria-data-2026/BDC2026-20260708T012259Z-3-001 - Copy/BDC2026/train/1_Electronic/11.landfill-e-waste-scaled.jpg,Electronic,2560,1920,JPEG,RGB,1.3333333333333333,False,0c7f6fc10b1e3a83f529f8d8a0fee98d,d047eacf909e096e,0,22
/kaggle/input/datasets/jessicamercya/satria-data-2026/BDC2026-20260708T012259Z-3-001 - Copy/BDC2026/train/1_Electronic/Keyboard_191.jpg,Electronic,150,150,JPEG,RGB,1.0,False,29910ea8277531692b75624784f17f5c,fefeb1fc07e08004,2,13
/kaggle/input/datasets/jessicamercya/satria-data-2026/BDC2026-20260708T012259Z-3-001 - Copy/BDC2026/train/1_Electronic/Mobile_251.jpg,Electronic,150,150,JPEG,RGB,1.0,False,bc92f47df6533f12753890d6438ef0ae,ef3d89219887f154,1,16
/kaggle/input/datasets/jessicamercya/satria-data-2026/BDC2026-20260708T012259Z-3-001 - Copy/BDC2026/train/1_Electronic/168.jpeg,Electronic,4000,3000,JPEG,RGB,1.3333333333333333,False,c0c5eaeadfde3f68e02eaa6f51fa599a,ea1fd580d5689f21,10,2
/kaggle/input/datasets/jessicamercya/satria-data-2026/BDC2026-20260708T012259Z-3-001 - Copy/BDC2026/train/1_Electronic/Mobile_169.jpg,Electronic,150,150,JPEG,RGB,1.0,False,a15cee2342592bb25734f4f67ee232c9,cc33b16c964c9b69,2,25
/kaggle/input/datasets/jessicamercya/satria-data-2026/BDC2026-20260708T012259Z-3-001 - Copy/BDC2026/train/1_Electronic/Copy of IMG_20200328_131944.jpg,Electronic,4608,3456,JPEG,RGB,1.3333333333333333,False,1cf67def7b0ed7ae2428f4ed57b43831,e897857c087332f6,5,29
/kaggle/input/datasets/jessicamercya/satria-data-2026/BDC2026-20260708T012259Z-3-001 - Copy/BDC2026/train/1_Electronic/Washing_Machine_47.jpg,Electronic,150,150,JPEG,RGB,1.0,False,c820d434373ebc50f0df724617d89c81,f6d0192f661b58e4,3,8
/kaggle/input/datasets/jessicamercya/satria-data-2026/BDC2026-20260708T012259Z-3-001 - Copy/BDC2026/train/1_Electronic/IMG-20200329-WA0067.jpg,Electronic,720,1280,JPEG,RGB,0.5625,False,6e53ed74080e904d9396504f3e13c79f,ac92b58f62b4c2b6,11,47
/kaggle/input/datasets/jessicamercya/satria-data-2026/BDC2026-20260708T012259Z-3-001 - Copy/BDC2026/train/1_Electronic/battery_261.jpg,Electronic,150,150,JPEG,RGB,1.0,False,378c4df0a57dd9aaef2d903f702668c3,ea94c16a363db29a,14,24
/kaggle/input/datasets/jessicamercya/satria-data-2026/BDC2026-20260708T012259Z-3-001 - Copy/BDC2026/train/1_Electronic/Mobile_180.jpg,Electronic,150,150,JPEG,RGB,1.0,False,7bcd07bc24179a7c2fcfdd948f3749fc,fe7e80c07ead8164,1,51
/kaggle/input/datasets/jessicamercya/satria-data-2026/BDC2026-20260708T012259Z-3-001 - Copy/BDC2026/train/1_Electronic/Mouse_282.jpg,Electronic,150,150,JPEG,RGB,1.0,False,2b923fc24133ade83391a5000897cdc9,af92c0698bad1d36,5,3
/kaggle/input/datasets/jessicamercya/satria-data-2026/BDC2026-20260708T012259Z-3-001 - Copy/BDC2026/train/1_Electronic/IMG-20200328-WA0044.jpg,Electronic,640,1280,JPEG,RGB,0.5,False,795b7c6e8658fc991491c09d4c55ceb6,bf92c09d25d23d2a,1,51
/kaggle/input/datasets/jessicamercya/satria-data-2026/BDC2026-20260708T012259Z-3-001 - Copy/BDC2026/train/1_Electronic/Mobile_268.jpg,Electronic,150,150,JPEG,RGB,1.0,False,c9ea333aced3935c6bc12a51036cc1cb,e2c19b7c60c1579d,1,16
/kaggle/input/datasets/jessicamercya/satria-data-2026/BDC2026-20260708T012259Z-3-001 - Copy/BDC2026/train/1_Electronic/Television_61.jpg,Electronic,150,150,JPEG,RGB,1.0,False,10bfede024a0749060a5842d6cc74333,a8978305cc6a76ed,4,12
/kaggle/input/datasets/jessicamercya/satria-data-2026/BDC2026-20260708T012259Z-3-001 - Copy/BDC2026/train/1_Electronic/245.jpg,Electronic,4160,2340,JPEG,RGB,1.7777777777777777,False,cc8628fa1b7ee7debf59ebf22c942679,b45285956afc878e,10,2
/kaggle/input/datasets/jessicamercya/satria-data-2026/BDC2026-20260708T012259Z-3-001 - Copy/BDC2026/train/1_Electronic/Mouse_100.jpg,Electronic,150,150,JPEG,RGB,1.0,False,981469a980982e3bfac738aa03b31631,fb97c0408c67936e,5,3
/kaggle/input/datasets/jessicamercya/satria-data-2026/BDC2026-20260708T012259Z-3-001 - Copy/BDC2026/train/1_Electronic/10.shutterstock_2462286095.jpg,Electronic,1000,667,JPEG,RGB,1.4992503748125936,False,1406ce0fc334a69a4a4cb268a8dafd48,fb66a9d15c14505d,0,0
/kaggle/input/datasets/jessicamercya/satria-data-2026/BDC2026-20260708T012259Z-3-001 - Copy/BDC2026/train/1_Electronic/Printer_83.jpg,Electronic,150,150,JPEG,RGB,1.0,False,6ae5a41f1bc41ccb8e46ef9fbb019bcd,fab0a01e876dcd85,6,11
/kaggle/input/datasets/jessicamercya/satria-data-2026/BDC2026-20260708T012259Z-3-001 - Copy/BDC2026/train/1_Electronic/broken-computers-1.jpg,Electronic,700,525,JPEG,RGB,1.3333333333333333,False,5406edef1025bf3e4220cd802af83057,e1a9ccd4e89f4195,0,58
/kaggle/input/datasets/jessicamercya/satria-data-2026/BDC2026-20260708T012259Z-3-001 - Copy/BDC2026/train/1_Electronic/Mouse_128.jpg,Electronic,150,150,JPEG,RGB,1.0,False,92245df282a386bdec75497a4908e9ed,eb6894972ed83265,5,26
/kaggle/input/datasets/jessicamercya/satria-data-2026/BDC2026-20260708T012259Z-3-001 - Copy/BDC2026/train/1_Electronic/5.Titelbild-kaputte-Grafikkarte-780x438.jpg,Electronic,780,438,JPEG,RGB,1.7808219178082192,False,a507e3afda256cee7f08c29b91733d87,ce0ec163995a27d6,0,54
/kaggle/input/datasets/jessicamercya/satria-data-2026/BDC2026-20260708T012259Z-3-001 - Copy/BDC2026/train/1_Electronic/Microwave_144.jpg,Electronic,150,150,JPEG,RGB,1.0,False,34f7314d905edd5e8b1948d60725980b,b574ca89b5ea3432,8,1
/kaggle/input/datasets/jessicamercya/satria-data-2026/BDC2026-20260708T012259Z-3-001 - Copy/BDC2026/train/1_Electronic/pcb_131.jpg,Electronic,150,150,JPEG,RGB,1.0,False,e6e7c935d85fc43b5376cd8f231cf0bc,cb327cf89d18b40e,7,18
/kaggle/input/datasets/jessicamercya/satria-data-2026/BDC2026-20260708T012259Z-3-001 - Copy/BDC2026/train/1_Electronic/329.jpeg,Electronic,1152,864,JPEG,RGB,1.3333333333333333,False,b17716c0d481e152003686e64829fe13,ba7b059d6f82d038,11,31
/kaggle/input/datasets/jessicamercya/satria-data-2026/BDC2026-20260708T012259Z-3-001 - Copy/BDC2026/train/1_Electronic/Mobile_258.jpg,Electronic,150,150,JPEG,RGB,1.0,False,3398a4fab4c37877e10b74e1cb6caf5d,e86587029ec32dd7,1,16
/kaggle/input/datasets/jessicamercya/satria-data-2026/BDC2026-20260708T012259Z-3-001 - Copy/BDC2026/train/1_Electronic/Player_282.jpg,Electronic,150,150,JPEG,RGB,1.0,False,e059a8084ebf5b4b6f39c62169149ffc,bb0df07c81d330cb,4,12
/kaggle/input/datasets/jessicamercya/satria-data-2026/BDC2026-20260708T012259Z-3-001 - Copy/BDC2026/train/1_Electronic/battery_1.jpg,Electronic,150,150,JPEG,RGB,1.0,False,7ff39bf958ffd341d2cdce159bff1217,b01c9e98cee3c365,13,19
/kaggle/input/datasets/jessicamercya/satria-data-2026/BDC2026-20260708T012259Z-3-001 - Copy/BDC2026/train/1_Electronic/Microwave_43.jpg,Electronic,150,150,JPEG,RGB,1.0,False,9a2c023e03c5377f7b53f4922b181a08,ef999060c55d3f82,8,1
/kaggle/input/datasets/jessicamercya/satria-data-2026/BDC2026-20260708T012259Z-3-001 - Copy/BDC2026/train/1_Electronic/Television_224.jpg,Electronic,150,150,JPEG,RGB,1.0,False,fb460c6b7b934fee835f40d9fb945cdc,ff5be00a80d285f6,4,10
/kaggle/input/datasets/jessicamercya/satria-data-2026/BDC2026-20260708T012259Z-3-001 - Copy/BDC2026/train/1_Electronic/Mobile_284.jpg,Electronic,150,150,JPEG,RGB,1.0,False,d98434edb58142d92b2364e8dd59201d,aa1f216acf589336,2,25
/kaggle/input/datasets/jessicamercya/satria-data-2026/BDC2026-20260708T012259Z-3-001 - Copy/BDC2026/train/1_Electronic/Printer_273.jpg,Electronic,150,150,JPEG,RGB,1.0,False,6bb3322139bac54f6782b45a0ffac253,afe463128c23f43d,6,11
/kaggle/input/datasets/jessicamercya/satria-data-2026/BDC2026-20260708T012259Z-3-001 - Copy/BDC2026/train/1_Electronic/Player_290.jpg,Electronic,150,150,JPEG,RGB,1.0,False,e5198bbadef1c42c3bba0bfa87fc859a,bf30c44f93f04d8c,9,21
/kaggle/input/datasets/jessicamercya/satria-data-2026/BDC2026-20260708T012259Z-3-001 - Copy/BDC2026/train/1_Electronic/Mouse_85.jpg,Electronic,150,150,JPEG,RGB,1.0,False,5869093c6a6b4b17e4fcb62f0b83a92a,a1c59e8b9a99f922,5,36
/kaggle/input/datasets/jessicamercya/satria-data-2026/BDC2026-20260708T012259Z-3-001 - Copy/BDC2026/train/1_Electronic/Microwave_281.jpg,Electronic,150,150,JPEG,RGB,1.0,False,3014a733d5e72c8ad9cba83cca28ac1d,cb123ee0cb68cb74,8,1
/kaggle/input/datasets/jessicamercya/satria-data-2026/BDC2026-20260708T012259Z-3-001 - Copy/BDC2026/train/1_Electronic/192.jpeg,Electronic,1152,648,JPEG,RGB,1.7777777777777777,False,a886891c452690ddf320af1adf904cbd,aabd158a3dd468e1,10,2
/kaggle/input/datasets/jessicamercya/satria-data-2026/BDC2026-20260708T012259Z-3-001 - Copy/BDC2026/train/1_Electronic/Washing_Machine_33.jpg,Electronic,150,150,JPEG,RGB,1.0,False,a83d4f0b1acbe24d523732482e720a77,e86ac7c35a9e61e0,3,8
/kaggle/input/datasets/jessicamercya/satria-data-2026/BDC2026-20260708T012259Z-3-001 - Copy/BDC2026/train/1_Electronic/1.wienaustria-june-4-2019-pile-of-discarded-computer-processor-sorted-on-a-bin-in-a-recycling-and-recovery-compound-in-vienna-prepared-for-extract-2AHNFB3.jpg,Electronic,1300,1066,JPEG,RGB,1.2195121951219512,False,cc653d5c3af8cab903be6e05d1e4ffa4,95d16b852ca93796,0,34
/kaggle/input/datasets/jessicamercya/satria-data-2026/BDC2026-20260708T012259Z-3-001 - Copy/BDC2026/train/1_Electronic/elwaste-e1523350816941.jpg,Electronic,1920,1080,JPEG,RGB,1.7777777777777777,False,7cc8debcd5d4834106f100572296d91a,8b7bc2c72f7802e4,0,0
/kaggle/input/datasets/jessicamercya/satria-data-2026/BDC2026-20260708T012259Z-3-001 - Copy/BDC2026/train/1_Electronic/Microwave_18.jpg,Electronic,150,150,JPEG,RGB,1.0,False,88247b71ce72c0865ad88cc42a94e24b,802f6b7467ca3e25,8,20
/kaggle/input/datasets/jessicamercya/satria-data-2026/BDC2026-20260708T012259Z-3-001 - Copy/BDC2026/train/1_Electronic/Microwave_189.jpg,Electronic,150,150,JPEG,RGB,1.0,False,0491e2eeef055a7a837d575a28f918a0,becdc13fc13292d0,8,1
/kaggle/input/datasets/jessicamercya/satria-data-2026/BDC2026-20260708T012259Z-3-001 - Copy/BDC2026/train/1_Electronic/Printer_171.jpg,Electronic,150,150,JPEG,RGB,1.0,False,e95fbf54a89a4cc5f7185b140e181183,abe16969992e9436,6,6
/kaggle/input/datasets/jessicamercya/satria-data-2026/BDC2026-20260708T012259Z-3-001 - Copy/BDC2026/train/1_Electronic/Printer_35.jpg,Electronic,150,150,JPEG,RGB,1.0,False,83c3e8a3059c63a966eda4b46e633a36,bac1c57a112f9ca5,6,11
/kaggle/input/datasets/jessicamercya/satria-data-2026/BDC2026-20260708T012259Z-3-001 - Copy/BDC2026/train/1_Electronic/Microwave_284.jpg,Electronic,150,150,JPEG,RGB,1.0,False,5d1c19b3fec1caba32e7d11335907a3b,f2ab441d87e03fe0,8,20
/kaggle/input/datasets/jessicamercya/satria-data-2026/BDC2026-20260708T012259Z-3-001 - Copy/BDC2026/train/1_Electronic/Microwave_191.jpg,Electronic,150,150,JPEG,RGB,1.0,False,2ff3c70d5a52ab9e782a0e17c124d03e,ff74308b92a9892d,8,1
/kaggle/input/datasets/jessicamercya/satria-data-2026/BDC2026-20260708T012259Z-3-001 - Copy/BDC2026/train/1_Electronic/battery_195.jpg,Electronic,150,150,JPEG,RGB,1.0,False,16169afccba88be15f6527038ab80de4,b3cc9866cc339333,12,37
/kaggle/input/datasets/jessicamercya/satria-data-2026/BDC2026-20260708T012259Z-3-001 - Copy/BDC2026/train/1_Electronic/Television_20.jpg,Electronic,150,150,JPEG,RGB,1.0,False,3771ad69aad10604fb7d0938797dcbc2,b4bcb2b85995d990,4,15
/kaggle/input/datasets/jessicamercya/satria-data-2026/BDC2026-20260708T012259Z-3-001 - Copy/BDC2026/train/1_Electronic/Washing_Machine_95.jpg,Electronic,150,150,JPEG,RGB,1.0,False,2fae0651b97935c2ac3d3dd3f9ffc741,b0cbcdcb66cc3324,3,27
/kaggle/input/datasets/jessicamercya/satria-data-2026/BDC2026-20260708T012259Z-3-001 - Copy/BDC2026/train/1_Electronic/Mouse_129.jpg,Electronic,150,150,JPEG,RGB,1.0,False,27cfb83ee6c6179a3e671f5373f0d373,fa8da174976a90e1,5,26
/kaggle/input/datasets/jessicamercya/satria-data-2026/BDC2026-20260708T012259Z-3-001 - Copy/BDC2026/train/1_Electronic/Television_215.jpg,Electronic,150,150,JPEG,RGB,1.0,False,3d35ff521d02ee66a454371a5afd9aa2,ffdb842e61219a94,4,15
/kaggle/input/datasets/jessicamercya/satria-data-2026/BDC2026-20260708T012259Z-3-001 - Copy/BDC2026/train/1_Electronic/7705e7b0-f207-11ea-b59f-5e175dc57928.jpg,Electronic,959,640,JPEG,RGB,1.4984375,False,525aface622a815a7b2ff6c1e43d542e,b419cbe66d0e6691,1,9
/kaggle/input/datasets/jessicamercya/satria-data-2026/BDC2026-20260708T012259Z-3-001 - Copy/BDC2026/train/1_Electronic/Copy of IMG_20200328_132131.jpg,Electronic,3456,4608,JPEG,RGB,0.75,False,97a8ea1af7224cdbc63bfb37bb85e872,87c8999579cb6664,10,2
/kaggle/input/datasets/jessicamercya/satria-data-2026/BDC2026-20260708T012259Z-3-001 - Copy/BDC2026/train/1_Electronic/338.jpeg,Electronic,1152,864,JPEG,RGB,1.3333333333333333,False,17621d94c37af6c75af45a5a6b3e1974,c78298d091fdf139,11,44
/kaggle/input/datasets/jessicamercya/satria-data-2026/BDC2026-20260708T012259Z-3-001 - Copy/BDC2026/train/1_Electronic/Player_122.jpg,Electronic,150,150,JPEG,RGB,1.0,False,a626d0f54d3f343150e2dca8e42abed2,fa348583c56c3e27,9,17
/kaggle/input/datasets/jessicamercya/satria-data-2026/BDC2026-20260708T012259Z-3-001 - Copy/BDC2026/train/1_Electronic/pcb_190.jpg,Electronic,150,150,JPEG,RGB,1.0,False,2b9f011f7db4082cb2404869c17141ed,ee13c06e93ec1a35,7,18
/kaggle/input/datasets/jessicamercya/satria-data-2026/BDC2026-20260708T012259Z-3-001 - Copy/BDC2026/train/1_Electronic/pcb_293.jpg,Electronic,150,150,JPEG,RGB,1.0,False,841b32aa6a644517c70df656bbb634f0,a18f8c624fdc7859,7,18
/kaggle/input/datasets/jessicamercya/satria-data-2026/BDC2026-20260708T012259Z-3-001 - Copy/BDC2026/train/1_Electronic/Washing_Machine_285.jpg,Electronic,150,150,JPEG,RGB,1.0,False,ebfc3616887cd874fd7c39ac2a3a334c,ebe49692b8e1b1e0,3,27
"/kaggle/input/datasets/jessicamercya/satria-data-2026/BDC2026-20260708T012259Z-3-001 - Copy/BDC2026/train/1_Electronic/16.sampah-elektronik-di-guiyu,-china-kredit-echonet-ouru1z.png",Electronic,920,620,PNG,RGB,1.4838709677419355,False,58b37e814e2852b1ab3e95b128cf3760,eca98f9dd1024f43,0,22
/kaggle/input/datasets/jessicamercya/satria-data-2026/BDC2026-20260708T012259Z-3-001 - Copy/BDC2026/train/1_Electronic/Microwave_286.jpg,Electronic,150,150,JPEG,RGB,1.0,False,b93f019e361537fce71c3cc4ad089caa,947c692d3f85c2d2,8,20
/kaggle/input/datasets/jessicamercya/satria-data-2026/BDC2026-20260708T012259Z-3-001 - Copy/BDC2026/train/1_Electronic/267.jpeg,Electronic,1152,864,JPEG,RGB,1.3333333333333333,False,7bed30f6b76b710137247e5ddb065ffb,c0deda35752875a8,10,2
/kaggle/input/datasets/jessicamercya/satria-data-2026/BDC2026-20260708T012259Z-3-001 - Copy/BDC2026/train/1_Electronic/Washing_Machine_230.jpg,Electronic,150,150,JPEG,RGB,1.0,False,67e495411ec4d98618ac3810df61aea4,bf2f346fc0c1c1d0,3,33
/kaggle/input/datasets/jessicamercya/satria-data-2026/BDC2026-20260708T012259Z-3-001 - Copy/BDC2026/train/1_Electronic/Television_137.jpg,Electronic,150,150,JPEG,RGB,1.0,False,e6fe99397365d66e48462160846c5feb,ca9f34b491687ec8,4,10
/kaggle/input/datasets/jessicamercya/satria-data-2026/BDC2026-20260708T012259Z-3-001 - Copy/BDC2026/train/1_Electronic/235.jpeg,Electronic,1280,1011,JPEG,RGB,1.2660731948565775,False,af9ee43e2f02552e7359a520e7f6c8ee,ab6a0384607e97f5,10,2
/kaggle/input/datasets/jessicamercya/satria-data-2026/BDC2026-20260708T012259Z-3-001 - Copy/BDC2026/train/1_Electronic/pcb_212.jpg,Electronic,150,150,JPEG,RGB,1.0,False,4615f603bf0180b3c345f3951f47bd91,932d7f892a18afc8,7,18
/kaggle/input/datasets/jessicamercya/satria-data-2026/BDC2026-20260708T012259Z-3-001 - Copy/BDC2026/train/1_Electronic/Player_169.jpg,Electronic,150,150,JPEG,RGB,1.0,False,f3f6b63a29bf6cd1590bfcb045a5d9e8,eaeada4165015f6a,9,45
/kaggle/input/datasets/jessicamercya/satria-data-2026/BDC2026-20260708T012259Z-3-001 - Copy/BDC2026/train/1_Electronic/Player_114.jpg,Electronic,150,150,JPEG,RGB,1.0,False,5e30e82bded9cefee79939516ab38eb3,b5deca24d3689169,9,60
/kaggle/input/datasets/jessicamercya/satria-data-2026/BDC2026-20260708T012259Z-3-001 - Copy/BDC2026/train/1_Electronic/24.old-tv-monitor-scrap-2216660997-78mt37uo.jpg,Electronic,1440,1920,JPEG,RGB,0.75,False,b09aca1a11b91f6611275fad42b7f119,f9c0a9a9e6d69807,0,0
/kaggle/input/datasets/jessicamercya/satria-data-2026/BDC2026-20260708T012259Z-3-001 - Copy/BDC2026/train/1_Electronic/Printer_90.jpg,Electronic,150,150,JPEG,RGB,1.0,False,607d9349b0e9f6a2adf88ddd28525f2e,de8539e49670b18b,2,40
/kaggle/input/datasets/jessicamercya/satria-data-2026/BDC2026-20260708T012259Z-3-001 - Copy/BDC2026/train/1_Electronic/Player_253.jpg,Electronic,150,150,JPEG,RGB,1.0,False,bfd58a5d7d36284e706e653f68878e6c,fba0840f937a0fe1,9,21
/kaggle/input/datasets/jessicamercya/satria-data-2026/BDC2026-20260708T012259Z-3-001 - Copy/BDC2026/train/1_Electronic/18.ChatGPT-Image-Apr-1-2026-02_26_12-PM.png,Electronic,1536,1024,PNG,RGB,1.5,False,f718f0c1d1237fdd193023642eb23800,f1314078a7b49fd1,0,14
/kaggle/input/datasets/jessicamercya/satria-data-2026/BDC2026-20260708T012259Z-3-001 - Copy/BDC2026/train/1_Electronic/WhatsApp Image 2020-11-01 at 1.27.06 PM.jpeg,Electronic,1280,720,JPEG,RGB,1.7777777777777777,False,478d2ac64d58d3187a0fa631c5ad7aec,c255357a354dd2d2,15,46
/kaggle/input/datasets/jessicamercya/satria-data-2026/BDC2026-20260708T012259Z-3-001 - Copy/BDC2026/train/1_Electronic/14.liverpool-ns-can-july-1-260nw-2486787607.jpg,Electronic,347,280,JPEG,RGB,1.2392857142857143,False,48f4df2100e3b5228b20cccfcda6adf7,f00f8f71ac46a54b,1,9
/kaggle/input/datasets/jessicamercya/satria-data-2026/BDC2026-20260708T012259Z-3-001 - Copy/BDC2026/train/1_Electronic/18.s-l1200.jpg,Electronic,900,1200,JPEG,RGB,0.75,False,c6969725925bba71455a6c7ce673d7e4,857e34363f363131,0,30
/kaggle/input/datasets/jessicamercya/satria-data-2026/BDC2026-20260708T012259Z-3-001 - Copy/BDC2026/train/1_Electronic/Mouse_225.jpg,Electronic,150,150,JPEG,RGB,1.0,False,4aa0157afe5e83093c41f4823cb45a33,e2971d4c2c763369,5,3
/kaggle/input/datasets/jessicamercya/satria-data-2026/BDC2026-20260708T012259Z-3-001 - Copy/BDC2026/train/1_Electronic/Player_212.jpg,Electronic,150,150,JPEG,RGB,1.0,False,3d42ce54aa2cc36f98bd7448ac077b8c,fa32c18295c99f8d,9,17
/kaggle/input/datasets/jessicamercya/satria-data-2026/BDC2026-20260708T012259Z-3-001 - Copy/BDC2026/train/1_Electronic/7.maxresdefault.jpg,Electronic,1280,720,JPEG,RGB,1.7777777777777777,False,d48c6cf97ce5a9767c398d5bd9fb06d0,decbaa986323e225,0,58
/kaggle/input/datasets/jessicamercya/satria-data-2026/BDC2026-20260708T012259Z-3-001 - Copy/BDC2026/train/1_Electronic/Washing_Machine_277.jpg,Electronic,150,150,JPEG,RGB,1.0,False,260909d050d4db74d9b0e8ae55cf2c1a,fbc68485989ae52b,3,27
/kaggle/input/datasets/jessicamercya/satria-data-2026/BDC2026-20260708T012259Z-3-001 - Copy/BDC2026/train/1_Electronic/Mouse_166.jpg,Electronic,150,150,JPEG,RGB,1.0,False,afac63ed59fd2523d9405666e10b2a41,956a6a95926a659d,5,3
/kaggle/input/datasets/jessicamercya/satria-data-2026/BDC2026-20260708T012259Z-3-001 - Copy/BDC2026/train/1_Electronic/10.electronic-waste-ready-to-recycle-isolated-on-white-background-pile-of-mixed-electronic-waste-old-broken-computer-parts-laptops-cell-phones-2K377WN.jpg,Electronic,866,1390,JPEG,RGB,0.6230215827338129,False,1686695e5803c18c4d6fc660a86e099c,ac84c1cb1e9d3f92,0,0
/kaggle/input/datasets/jessicamercya/satria-data-2026/BDC2026-20260708T012259Z-3-001 - Copy/BDC2026/train/1_Electronic/Mobile_87.jpg,Electronic,150,150,JPEG,RGB,1.0,False,d52db748cbe0ecc609835b5591d3bfed,b0dfce24da637482,1,16
/kaggle/input/datasets/jessicamercya/satria-data-2026/BDC2026-20260708T012259Z-3-001 - Copy/BDC2026/train/1_Electronic/811.jpeg,Electronic,1152,864,JPEG,RGB,1.3333333333333333,False,070ce4875399b93b4ad5abc8381a3819,a008952ae66bf76e,5,29
/kaggle/input/datasets/jessicamercya/satria-data-2026/BDC2026-20260708T012259Z-3-001 - Copy/BDC2026/train/1_Electronic/battery_62.jpg,Electronic,150,150,JPEG,RGB,1.0,False,7dd99fdc2dc508f77660b1969d45f214,e90e962b8ab2b8b3,12,38
/kaggle/input/datasets/jessicamercya/satria-data-2026/BDC2026-20260708T012259Z-3-001 - Copy/BDC2026/train/1_Electronic/Television_183.jpg,Electronic,150,150,JPEG,RGB,1.0,False,ee1f20ee489902c120325ee3b307831b,83aaceb5aa952a8e,4,15
/kaggle/input/datasets/jessicamercya/satria-data-2026/BDC2026-20260708T012259Z-3-001 - Copy/BDC2026/train/1_Electronic/pcb_159.jpg,Electronic,150,150,JPEG,RGB,1.0,False,450682b41af1b98da3c5a9785fefb7d6,9dc56832749c639e,7,7
/kaggle/input/datasets/jessicamercya/satria-data-2026/BDC2026-20260708T012259Z-3-001 - Copy/BDC2026/train/1_Electronic/pcb_180.jpg,Electronic,150,150,JPEG,RGB,1.0,False,2a0cd6823845295171b8545169d12de2,d72090578d17f359,7,18
/kaggle/input/datasets/jessicamercya/satria-data-2026/BDC2026-20260708T012259Z-3-001 - Copy/BDC2026/train/1_Electronic/Microwave_159.jpg,Electronic,150,150,JPEG,RGB,1.0,False,883e73cc1c4b5d7f6a90083a83b0707e,ebaab6bac0aac8a8,8,1
/kaggle/input/datasets/jessicamercya/satria-data-2026/BDC2026-20260708T012259Z-3-001 - Copy/BDC2026/train/1_Electronic/IMG_20200329_201042.jpg,Electronic,4000,3000,JPEG,RGB,1.3333333333333333,False,9332964a56c6984bf0bb23ca24e01887,f23c97c343c29965,10,2
/kaggle/input/datasets/jessicamercya/satria-data-2026/BDC2026-20260708T012259Z-3-001 - Copy/BDC2026/train/1_Electronic/pcb_109.jpg,Electronic,150,150,JPEG,RGB,1.0,False,408fb6f79c914783535f22bccfc3be72,daa5d29aa1ba512e,7,7
/kaggle/input/datasets/jessicamercya/satria-data-2026/BDC2026-20260708T012259Z-3-001 - Copy/BDC2026/train/1_Electronic/24.top-view-shot-of-electronic-components-resistors-semiconductors-wires-in-a-junkyard-2D0NGHN.jpg,Electronic,1300,956,JPEG,RGB,1.3598326359832635,False,7bbc63a57135f76a5b10322589b86b27,dcd272d84c942be3,0,0
/kaggle/input/datasets/jessicamercya/satria-data-2026/BDC2026-20260708T012259Z-3-001 - Copy/BDC2026/train/1_Electronic/broken-tv-5.jpg,Electronic,2048,1443,JPEG,RGB,1.4192654192654193,False,bfbe9d54ce25c39882465c18906f5eb7,9a93b96666738272,0,39
/kaggle/input/datasets/jessicamercya/satria-data-2026/BDC2026-20260708T012259Z-3-001 - Copy/BDC2026/train/1_Electronic/Microwave_93.jpg,Electronic,150,150,JPEG,RGB,1.0,False,b8a7dfec1f091ba34b1f4155051fafa7,adec7887c3d2821b,6,6
/kaggle/input/datasets/jessicamercya/satria-data-2026/BDC2026-20260708T012259Z-3-001 - Copy/BDC2026/train/1_Electronic/Printer_143.jpg,Electronic,150,150,JPEG,RGB,1.0,False,a9dfd3f8e29ad206b680a556c140e6ed,b5c88d8b5ab1a9d8,6,6
/kaggle/input/datasets/jessicamercya/satria-data-2026/BDC2026-20260708T012259Z-3-001 - Copy/BDC2026/train/1_Electronic/Mouse_164.jpg,Electronic,150,150,JPEG,RGB,1.0,False,b6e15e1b38791c54bdba6f31ec752e94,9e86613930e6c7ce,5,3
/kaggle/input/datasets/jessicamercya/satria-data-2026/BDC2026-20260708T012259Z-3-001 - Copy/BDC2026/train/1_Electronic/Microwave_138.jpg,Electronic,150,150,JPEG,RGB,1.0,False,18a408ac840d7ecacafdf6717b6f4437,aac3c0ca7c2dc771,8,20
/kaggle/input/datasets/jessicamercya/satria-data-2026/BDC2026-20260708T012259Z-3-001 - Copy/BDC2026/train/1_Electronic/19.collection-of-discarded-circuit-boards-and-computer-components-2YXJ687.jpg,Electronic,1300,956,JPEG,RGB,1.3598326359832635,False,e1a13d72fa9c81ce4bffaddf50e0312d,b8a5279d483a98d7,0,34
/kaggle/input/datasets/jessicamercya/satria-data-2026/BDC2026-20260708T012259Z-3-001 - Copy/BDC2026/train/1_Electronic/187.jpeg,Electronic,780,1040,JPEG,RGB,0.75,False,ea08babccc4ca51c7f81fcbb0c95b50d,eabe8581a88c97ae,10,2
/kaggle/input/datasets/jessicamercya/satria-data-2026/BDC2026-20260708T012259Z-3-001 - Copy/BDC2026/train/1_Electronic/306.jpg,Electronic,4608,2176,JPEG,RGB,2.1176470588235294,False,b8477157c8394accbce73d7f08fc60dc,c93cd798c9c71926,10,2
/kaggle/input/datasets/jessicamercya/satria-data-2026/BDC2026-20260708T012259Z-3-001 - Copy/BDC2026/train/1_Electronic/Keyboard_87.jpg,Electronic,150,150,JPEG,RGB,1.0,False,80b5a837e129f60ba0d0435da24a99db,be63c0b78d19961c,2,5
/kaggle/input/datasets/jessicamercya/satria-data-2026/BDC2026-20260708T012259Z-3-001 - Copy/BDC2026/train/1_Electronic/IMG-20200328-WA0029.jpg,Electronic,1280,960,JPEG,RGB,1.3333333333333333,False,e4d14165b72838d1c997e9fe81be4c78,f870039791476ef8,10,2
/kaggle/input/datasets/jessicamercya/satria-data-2026/BDC2026-20260708T012259Z-3-001 - Copy/BDC2026/train/1_Electronic/battery_48.jpg,Electronic,150,150,JPEG,RGB,1.0,False,802f88b3ca07819f0143147de9375ded,b099c3498c0fdeec,13,19
/kaggle/input/datasets/jessicamercya/satria-data-2026/BDC2026-20260708T012259Z-3-001 - Copy/BDC2026/train/1_Electronic/Mouse_126.jpg,Electronic,150,150,JPEG,RGB,1.0,False,e8b5bb6bde31a11d96e4d0866df630e3,95c6701f1e7f2138,5,3
/kaggle/input/datasets/jessicamercya/satria-data-2026/BDC2026-20260708T012259Z-3-001 - Copy/BDC2026/train/1_Electronic/pcb_208.jpg,Electronic,150,150,JPEG,RGB,1.0,False,1c8005aab1c1866ac9b2b53d837eaa49,ffa5c04454bb3f80,7,23
/kaggle/input/datasets/jessicamercya/satria-data-2026/BDC2026-20260708T012259Z-3-001 - Copy/BDC2026/train/1_Electronic/Printer_144.jpg,Electronic,150,150,JPEG,RGB,1.0,False,a2c2f6d2117f751902a43a51f18458d0,877ad03d81bf80f4,6,42
/kaggle/input/datasets/jessicamercya/satria-data-2026/BDC2026-20260708T012259Z-3-001 - Copy/BDC2026/train/1_Electronic/Washing_Machine_147.jpg,Electronic,150,150,JPEG,RGB,1.0,False,bade5cba32935e80c70d2a83b95c5067,fd861a95d588687a,3,27
/kaggle/input/datasets/jessicamercya/satria-data-2026/BDC2026-20260708T012259Z-3-001 - Copy/BDC2026/train/1_Electronic/Copy of IMG_20200328_140124.jpg,Electronic,4608,3456,JPEG,RGB,1.3333333333333333,False,6ec6370ed47c26a285fb666515184362,e3651e1d9ee35288,1,55
/kaggle/input/datasets/jessicamercya/satria-data-2026/BDC2026-20260708T012259Z-3-001 - Copy/BDC2026/train/1_Electronic/Player_23.jpg,Electronic,150,150,JPEG,RGB,1.0,False,6e358be736685ea8700a6bd9d28d983a,fa85857a7a85a932,9,21
/kaggle/input/datasets/jessicamercya/satria-data-2026/BDC2026-20260708T012259Z-3-001 - Copy/BDC2026/train/1_Electronic/Washing_Machine_23.jpg,Electronic,150,150,JPEG,RGB,1.0,False,7287d413d0878e19a612aa17ea397861,ea618d97b03992b6,3,27
/kaggle/input/datasets/jessicamercya/satria-data-2026/BDC2026-20260708T012259Z-3-001 - Copy/BDC2026/train/1_Electronic/Microwave_132.jpg,Electronic,150,150,JPEG,RGB,1.0,False,9e5d378d07dd544a07c08a561337d133,ebe1c085ac97bb14,8,1
/kaggle/input/datasets/jessicamercya/satria-data-2026/BDC2026-20260708T012259Z-3-001 - Copy/BDC2026/train/1_Electronic/battery_100.jpg,Electronic,150,150,JPEG,RGB,1.0,False,2d12af0eb093137aae66daf6dccde8a5,e49bd62419e8669b,13,19
/kaggle/input/datasets/jessicamercya/satria-data-2026/BDC2026-20260708T012259Z-3-001 - Copy/BDC2026/train/1_Electronic/Player_260.jpg,Electronic,150,150,JPEG,RGB,1.0,False,130db7aa3a05d709cc785eb186dafedd,fe0181ea2e05faea,2,32
/kaggle/input/datasets/jessicamercya/satria-data-2026/BDC2026-20260708T012259Z-3-001 - Copy/BDC2026/train/1_Electronic/Mobile_282.jpg,Electronic,150,150,JPEG,RGB,1.0,False,ef956f7750d36f3789a5f8d4c4bc7725,add288f685d4c6c3,1,16
/kaggle/input/datasets/jessicamercya/satria-data-2026/BDC2026-20260708T012259Z-3-001 - Copy/BDC2026/train/1_Electronic/IMG_20200329_142656.jpg,Electronic,4608,3456,JPEG,RGB,1.3333333333333333,False,21feefbf15ad49f539201d9e4e8ce880,bd7a80f5c899c09e,10,2
/kaggle/input/datasets/jessicamercya/satria-data-2026/BDC2026-20260708T012259Z-3-001 - Copy/BDC2026/train/1_Electronic/Mouse_238.jpg,Electronic,150,150,JPEG,RGB,1.0,False,7f5ab010a13dc238063da90bccd1e602,e96c97a7d89830ca,5,3
/kaggle/input/datasets/jessicamercya/satria-data-2026/BDC2026-20260708T012259Z-3-001 - Copy/BDC2026/train/1_Electronic/Washing_Machine_7.jpg,Electronic,150,150,JPEG,RGB,1.0,False,5c90801974673caff9433444ac474ce7,c90ddac7333914ce,2,40
/kaggle/input/datasets/jessicamercya/satria-data-2026/BDC2026-20260708T012259Z-3-001 - Copy/BDC2026/train/1_Electronic/Mobile_201.jpg,Electronic,150,150,JPEG,RGB,1.0,False,86bba72718e87c8fcba5444c607c6bdb,d0dacb7d4f252c30,1,51
/kaggle/input/datasets/jessicamercya/satria-data-2026/BDC2026-20260708T012259Z-3-001 - Copy/BDC2026/train/1_Electronic/Mouse_78.jpg,Electronic,150,150,JPEG,RGB,1.0,False,a492eaac0eefdd4d9702fb1ec5100db8,ad3e9261c1c38dce,5,26
/kaggle/input/datasets/jessicamercya/satria-data-2026/BDC2026-20260708T012259Z-3-001 - Copy/BDC2026/train/1_Electronic/16.discarded-computer-parts-electronic-waste-detail-pile-used-obsolete-laptop-pc-components-memories-fans-circuit-boards-156911968.jpg,Electronic,800,496,JPEG,RGB,1.6129032258064515,False,f8a0347f0923d3281117c00f7612c22c,8fb4b4f50dc60a66,0,34
/kaggle/input/datasets/jessicamercya/satria-data-2026/BDC2026-20260708T012259Z-3-001 - Copy/BDC2026/train/1_Electronic/Keyboard_154.jpg,Electronic,150,150,JPEG,RGB,1.0,False,8f7328d9319b235d93ae04cbb737bc6f,fad0812f2f2d6ad0,2,32
/kaggle/input/datasets/jessicamercya/satria-data-2026/BDC2026-20260708T012259Z-3-001 - Copy/BDC2026/train/1_Electronic/18.tanda-tanda-vga-laptop-rusak-845x442.jpg,Electronic,845,442,JPEG,RGB,1.911764705882353,False,75a4193d7fba57809d54686b7a3001f3,8f7fba5ac25a08a4,0,54
/kaggle/input/datasets/jessicamercya/satria-data-2026/BDC2026-20260708T012259Z-3-001 - Copy/BDC2026/train/1_Electronic/Mobile_15.jpg,Electronic,150,150,JPEG,RGB,1.0,False,528f0dee23f776e37c097cebb072b34f,f0c7cb6a6924ad34,1,16
/kaggle/input/datasets/jessicamercya/satria-data-2026/BDC2026-20260708T012259Z-3-001 - Copy/BDC2026/train/1_Electronic/pcb_181.jpg,Electronic,150,150,JPEG,RGB,1.0,False,23f73369b0f90e34ccdc4df7693d03db,c2931d8fa5096adb,7,7
/kaggle/input/datasets/jessicamercya/satria-data-2026/BDC2026-20260708T012259Z-3-001 - Copy/BDC2026/train/1_Electronic/pcb_42.jpg,Electronic,150,150,JPEG,RGB,1.0,False,55d6a4d90c9730fd6a9f8d27960c3549,a5a4a4c7c35b1abc,7,7
/kaggle/input/datasets/jessicamercya/satria-data-2026/BDC2026-20260708T012259Z-3-001 - Copy/BDC2026/train/1_Electronic/Printer_13.jpg,Electronic,150,150,JPEG,RGB,1.0,False,a3bafb13e090ca3c59c04a92904b0c26,fa87c57cd6700c83,6,11
/kaggle/input/datasets/jessicamercya/satria-data-2026/BDC2026-20260708T012259Z-3-001 - Copy/BDC2026/train/1_Electronic/Mobile_165.jpg,Electronic,150,150,JPEG,RGB,1.0,False,bcc3dc34556d5ab4313b6dae6dfcf0ef,d42b0bfd3770c8e0,2,25
/kaggle/input/datasets/jessicamercya/satria-data-2026/BDC2026-20260708T012259Z-3-001 - Copy/BDC2026/train/1_Electronic/Copy of IMG_20200328_135230.jpg,Electronic,3456,4608,JPEG,RGB,0.75,False,a835a9fabdbe79aefa8ee1d04149cd73,b442c32fc33d563c,1,4
/kaggle/input/datasets/jessicamercya/satria-data-2026/BDC2026-20260708T012259Z-3-001 - Copy/BDC2026/train/1_Electronic/Player_220.jpg,Electronic,150,150,JPEG,RGB,1.0,False,5d929eaced5db949f35f56a16121f141,ae95d17a7e042ad1,9,50
/kaggle/input/datasets/jessicamercya/satria-data-2026/BDC2026-20260708T012259Z-3-001 - Copy/BDC2026/train/1_Electronic/57638075-direct-view-of-old-broken-laptop-isolated-on-white-background.jpg,Electronic,1300,1078,JPEG,RGB,1.2059369202226344,False,1870523d5091b59dba6257e3f145ced9,fa8596da816ba4d4,0,43
/kaggle/input/datasets/jessicamercya/satria-data-2026/BDC2026-20260708T012259Z-3-001 - Copy/BDC2026/train/1_Electronic/307.jpg,Electronic,4608,2176,JPEG,RGB,2.1176470588235294,False,7c9b1880c55cd1b6712e661ffbe3352d,81c1d86d99719ece,10,2
/kaggle/input/datasets/jessicamercya/satria-data-2026/BDC2026-20260708T012259Z-3-001 - Copy/BDC2026/train/1_Electronic/83.pile-mixed-ewaste-recycling-facility-concept-recycling-facility-ewaste-environmental-impact-electronic-waste-management-recycling-initiatives_864588-267121.jpg,Electronic,626,313,JPEG,RGB,2.0,False,bc7dfdc185858456237a4ebfee70bd35,fac5c4f185788a33,0,34
/kaggle/input/datasets/jessicamercya/satria-data-2026/BDC2026-20260708T012259Z-3-001 - Copy/BDC2026/train/1_Electronic/pcb_79.jpg,Electronic,150,150,JPEG,RGB,1.0,False,da57a27644f9f68c799d04252ae8be06,8b1970195eea79b4,7,7
/kaggle/input/datasets/jessicamercya/satria-data-2026/BDC2026-20260708T012259Z-3-001 - Copy/BDC2026/train/1_Electronic/20.steptodown.com801613.jpg,Electronic,1224,816,JPEG,RGB,1.5,False,3567cb5cb6ee378e668d42b66c2a6bc3,d891e686e339d03b,0,0
/kaggle/input/datasets/jessicamercya/satria-data-2026/BDC2026-20260708T012259Z-3-001 - Copy/BDC2026/train/1_Electronic/Mouse_134.jpg,Electronic,150,150,JPEG,RGB,1.0,False,27d85030b8da52be22e584f8d84b3d99,b65b49248e33799c,5,3
/kaggle/input/datasets/jessicamercya/satria-data-2026/BDC2026-20260708T012259Z-3-001 - Copy/BDC2026/train/1_Electronic/Printer_187.jpg,Electronic,150,150,JPEG,RGB,1.0,False,69bc593f852b63b0fc8f19687d6d9b47,bf9fd46ac03568c0,6,11
/kaggle/input/datasets/jessicamercya/satria-data-2026/BDC2026-20260708T012259Z-3-001 - Copy/BDC2026/train/1_Electronic/Washing_Machine_254.jpg,Electronic,150,150,JPEG,RGB,1.0,False,ad0b3e11d116a30c691447ff65ea23c6,eac42e2eac2fc0e5,3,33
/kaggle/input/datasets/jessicamercya/satria-data-2026/BDC2026-20260708T012259Z-3-001 - Copy/BDC2026/train/1_Electronic/IMG_20201101_130106.jpg,Electronic,4000,3000,JPEG,RGB,1.3333333333333333,False,9d21461196227f0cbdeb70589388ae74,9318665fe20ce59b,11,47
/kaggle/input/datasets/jessicamercya/satria-data-2026/BDC2026-20260708T012259Z-3-001 - Copy/BDC2026/train/1_Electronic/pcb_92.jpg,Electronic,150,150,JPEG,RGB,1.0,False,c91f8d26f68c9c31d0e40e3b83bca56e,e95a9497c29c9369,7,7
/kaggle/input/datasets/jessicamercya/satria-data-2026/BDC2026-20260708T012259Z-3-001 - Copy/BDC2026/train/1_Electronic/8.hq720.jpg,Electronic,1280,720,JPEG,RGB,1.7777777777777777,False,cb81dc8614c721e6ddbc8222fc98b4cc,c1f2d2a3335bc42b,0,30
/kaggle/input/datasets/jessicamercya/satria-data-2026/BDC2026-20260708T012259Z-3-001 - Copy/BDC2026/train/1_Electronic/Washing_Machine_148.jpg,Electronic,150,150,JPEG,RGB,1.0,False,80ce9b955065df4b69f3af9be2c51728,e89897d6e763600d,3,27
/kaggle/input/datasets/jessicamercya/satria-data-2026/BDC2026-20260708T012259Z-3-001 - Copy/BDC2026/train/1_Electronic/Printer_1.jpg,Electronic,150,150,JPEG,RGB,1.0,False,0e65fcedb96aa85b90965f18c06a7693,bf41c23ed9672630,6,11
/kaggle/input/datasets/jessicamercya/satria-data-2026/BDC2026-20260708T012259Z-3-001 - Copy/BDC2026/train/1_Electronic/IMG-20200329-WA0069.jpg,Electronic,1280,720,JPEG,RGB,1.7777777777777777,False,b7e2298c8dd4ccbf43b6513a686ac8e6,b9a19e52c994da8d,11,47
/kaggle/input/datasets/jessicamercya/satria-data-2026/BDC2026-20260708T012259Z-3-001 - Copy/BDC2026/train/1_Electronic/Washing_Machine_78.jpg,Electronic,150,150,JPEG,RGB,1.0,False,e762aa3ec8b5c25bc1912af0ba980566,acc696868696d67a,3,28
/kaggle/input/datasets/jessicamercya/satria-data-2026/BDC2026-20260708T012259Z-3-001 - Copy/BDC2026/train/1_Electronic/5.huge-pile-electronic-waste-showing-discarded-smartphone-tablet-circuit-board-environmental-pollution-sustainable-403725896.jpg,Electronic,800,437,JPEG,RGB,1.8306636155606408,False,28d3954adcfadc7ae861987c49983c1f,965b63bcb5228c33,0,14
/kaggle/input/datasets/jessicamercya/satria-data-2026/BDC2026-20260708T012259Z-3-001 - Copy/BDC2026/train/1_Electronic/Player_47.jpg,Electronic,150,150,JPEG,RGB,1.0,False,009df5c366843ab22bd42738be0c1ad4,b647730ccc98cd99,9,17
/kaggle/input/datasets/jessicamercya/satria-data-2026/BDC2026-20260708T012259Z-3-001 - Copy/BDC2026/train/1_Electronic/Printer_270.jpg,Electronic,150,150,JPEG,RGB,1.0,False,7596c202072f8888a6b49ab93a8c187e,83876e19d9f2b44c,6,6
/kaggle/input/datasets/jessicamercya/satria-data-2026/BDC2026-20260708T012259Z-3-001 - Copy/BDC2026/train/1_Electronic/pcb_60.jpg,Electronic,150,150,JPEG,RGB,1.0,False,4ffe746d450e7a5ba9f2a72fbbc0214d,919937c8460f7bb1,7,7
/kaggle/input/datasets/jessicamercya/satria-data-2026/BDC2026-20260708T012259Z-3-001 - Copy/BDC2026/train/1_Electronic/Printer_86.jpg,Electronic,150,150,JPEG,RGB,1.0,False,05fa048b95a54aa25a58a65a64180cf4,eec09b349396d836,6,11
/kaggle/input/datasets/jessicamercya/satria-data-2026/BDC2026-20260708T012259Z-3-001 - Copy/BDC2026/train/1_Electronic/66.E-Waste-An-Issue-of-Serious-Concern-@aura-emagazine.jpg,Electronic,1000,600,JPEG,RGB,1.6666666666666667,False,f9aa08d3a0aa7d0e69c095235168084e,b5aae194964b1d6a,0,22
/kaggle/input/datasets/jessicamercya/satria-data-2026/BDC2026-20260708T012259Z-3-001 - Copy/BDC2026/train/1_Electronic/Mouse_124.jpg,Electronic,150,150,JPEG,RGB,1.0,False,5cab8d6667bba802ca68c23d3108fc2f,e8cd9732489137ce,5,3
/kaggle/input/datasets/jessicamercya/satria-data-2026/BDC2026-20260708T012259Z-3-001 - Copy/BDC2026/train/1_Electronic/Washing_Machine_280.jpg,Electronic,150,150,JPEG,RGB,1.0,False,c3c12cb5ede057c579094469fe319910,e84e867b99648793,3,27
/kaggle/input/datasets/jessicamercya/satria-data-2026/BDC2026-20260708T012259Z-3-001 - Copy/BDC2026/train/1_Electronic/Mobile_252.jpg,Electronic,150,150,JPEG,RGB,1.0,False,b201de16dc2b33ffedf0acf718cf8d29,f8a00f6601675f6e,1,9
/kaggle/input/datasets/jessicamercya/satria-data-2026/BDC2026-20260708T012259Z-3-001 - Copy/BDC2026/train/1_Electronic/Keyboard_258.jpg,Electronic,150,150,JPEG,RGB,1.0,False,6a63e97cc948b450a47088fac4f0abcc,aa8fc198d8b83c3b,2,13
/kaggle/input/datasets/jessicamercya/satria-data-2026/BDC2026-20260708T012259Z-3-001 - Copy/BDC2026/train/1_Electronic/508.jpeg,Electronic,780,1040,JPEG,RGB,0.75,False,cd6b3b1926cbd99e58a08a85eb8653c1,bfc9413665374919,1,4
/kaggle/input/datasets/jessicamercya/satria-data-2026/BDC2026-20260708T012259Z-3-001 - Copy/BDC2026/train/1_Electronic/Keyboard_30.jpg,Electronic,150,150,JPEG,RGB,1.0,False,a531e0a1f21b8837d32cf4cc111de12d,be4a91b5c1b4274e,2,5
/kaggle/input/datasets/jessicamercya/satria-data-2026/BDC2026-20260708T012259Z-3-001 - Copy/BDC2026/train/1_Electronic/Washing_Machine_182.jpg,Electronic,150,150,JPEG,RGB,1.0,False,33820e0f0a04a9483ee5a87c82559d9a,e36694947a52656d,3,8
/kaggle/input/datasets/jessicamercya/satria-data-2026/BDC2026-20260708T012259Z-3-001 - Copy/BDC2026/train/1_Electronic/battery_40.jpg,Electronic,150,150,JPEG,RGB,1.0,False,39963fe5b997308614684453cde8a08e,eb3e85c1924f720d,12,38
/kaggle/input/datasets/jessicamercya/satria-data-2026/BDC2026-20260708T012259Z-3-001 - Copy/BDC2026/train/1_Electronic/Keyboard_126.jpg,Electronic,150,150,JPEG,RGB,1.0,False,07df0c8ad13574e6868d5a7db73151b5,c79437684847bcb9,2,5
/kaggle/input/datasets/jessicamercya/satria-data-2026/BDC2026-20260708T012259Z-3-001 - Copy/BDC2026/train/1_Electronic/Printer_84.jpg,Electronic,150,150,JPEG,RGB,1.0,False,cb4bad1149f15c822658e58fc8ed1ce0,9bd175ca54399263,6,6
/kaggle/input/datasets/jessicamercya/satria-data-2026/BDC2026-20260708T012259Z-3-001 - Copy/BDC2026/train/1_Electronic/Mobile_242.jpg,Electronic,150,150,JPEG,RGB,1.0,False,a5488eaab5ddb9c42398d34f2d06e2e8,8ebc2b4a95d0dc0f,1,9
/kaggle/input/datasets/jessicamercya/satria-data-2026/BDC2026-20260708T012259Z-3-001 - Copy/BDC2026/train/1_Electronic/8.globalewaste.jpg,Electronic,1200,801,JPEG,RGB,1.4981273408239701,False,bdcd97dc98187254ce15fa8703a0ee10,8ae2f7a5961ed818,0,0
/kaggle/input/datasets/jessicamercya/satria-data-2026/BDC2026-20260708T012259Z-3-001 - Copy/BDC2026/train/1_Electronic/Washing_Machine_268.jpg,Electronic,150,150,JPEG,RGB,1.0,False,be97975bf6e176409398c9b5df9133fd,b2e54b07e906ad5a,3,33
/kaggle/input/datasets/jessicamercya/satria-data-2026/BDC2026-20260708T012259Z-3-001 - Copy/BDC2026/train/1_Electronic/73.1675927917-359-msi-taetlum1.jpg,Electronic,640,440,JPEG,RGB,1.4545454545454546,False,b431ae55749ea9b29c9249645d800268,82d574287dde3a68,10,2
/kaggle/input/datasets/jessicamercya/satria-data-2026/BDC2026-20260708T012259Z-3-001 - Copy/BDC2026/train/1_Electronic/Printer_281.jpg,Electronic,150,150,JPEG,RGB,1.0,False,a6c802986669f04c106225605ba45181,fdd28305b44bd2cc,6,11
/kaggle/input/datasets/jessicamercya/satria-data-2026/BDC2026-20260708T012259Z-3-001 - Copy/BDC2026/train/1_Electronic/Microwave_101.jpg,Electronic,150,150,JPEG,RGB,1.0,False,8eaa90bc3a733ac4c9a21d7baac03518,bfc9c03694363fc0,8,1
/kaggle/input/datasets/jessicamercya/satria-data-2026/BDC2026-20260708T012259Z-3-001 - Copy/BDC2026/train/1_Electronic/Keyboard_119.jpg,Electronic,150,150,JPEG,RGB,1.0,False,19b71d9c6b6be3d9725dba08afc439fc,878b68d86b6a6555,2,13
/kaggle/input/datasets/jessicamercya/satria-data-2026/BDC2026-20260708T012259Z-3-001 - Copy/BDC2026/train/1_Electronic/Microwave_40.jpg,Electronic,150,150,JPEG,RGB,1.0,False,ce51f7706c939d77ef3c0fffb63da87a,a1d4d3c97a287cc3,8,20
/kaggle/input/datasets/jessicamercya/satria-data-2026/BDC2026-20260708T012259Z-3-001 - Copy/BDC2026/train/1_Electronic/pcb_146.jpg,Electronic,150,150,JPEG,RGB,1.0,False,c041af52d6e2c36e6fbfd0bf9276f83f,cf7e34c934a560e1,2,25
/kaggle/input/datasets/jessicamercya/satria-data-2026/BDC2026-20260708T012259Z-3-001 - Copy/BDC2026/train/1_Electronic/Player_11.jpg,Electronic,150,150,JPEG,RGB,1.0,False,ad260b01b781f2c83631b44986ff457e,90a92db53692d66b,9,60
/kaggle/input/datasets/jessicamercya/satria-data-2026/BDC2026-20260708T012259Z-3-001 - Copy/BDC2026/train/1_Electronic/Television_250.jpg,Electronic,150,150,JPEG,RGB,1.0,False,e6c228881c03366f9c36e640d3c1a08b,b54b6a97f04ae05a,4,10
/kaggle/input/datasets/jessicamercya/satria-data-2026/BDC2026-20260708T012259Z-3-001 - Copy/BDC2026/train/1_Electronic/Washing_Machine_170.jpg,Electronic,150,150,JPEG,RGB,1.0,False,fe0a5ecd5846fc01f399e939d9a9c24a,e169cfc33948e626,3,8
/kaggle/input/datasets/jessicamercya/satria-data-2026/BDC2026-20260708T012259Z-3-001 - Copy/BDC2026/train/1_Electronic/237.jpeg,Electronic,1280,960,JPEG,RGB,1.3333333333333333,False,c04f19a13a59f5e22d23bfe58a8c3234,e8409e95d5aa83d7,10,2
/kaggle/input/datasets/jessicamercya/satria-data-2026/BDC2026-20260708T012259Z-3-001 - Copy/BDC2026/train/1_Electronic/Washing_Machine_214.jpg,Electronic,150,150,JPEG,RGB,1.0,False,3fcd9e8dc892f5b566b354d07a544cb1,ea7a397ae46ac0a1,3,35
/kaggle/input/datasets/jessicamercya/satria-data-2026/BDC2026-20260708T012259Z-3-001 - Copy/BDC2026/train/1_Electronic/Television_213.jpg,Electronic,150,150,JPEG,RGB,1.0,False,6beaf4759b900f6920edce6c4b65b8bc,e666d34b3c9e8912,4,12
/kaggle/input/datasets/jessicamercya/satria-data-2026/BDC2026-20260708T012259Z-3-001 - Copy/BDC2026/train/1_Electronic/IMG_20200329_152741.jpg,Electronic,3456,4608,JPEG,RGB,0.75,False,d6d2be12c14e7bba07c9018877d05736,e32096079e37eb07,10,2
/kaggle/input/datasets/jessicamercya/satria-data-2026/BDC2026-20260708T012259Z-3-001 - Copy/BDC2026/train/1_Electronic/Television_124.jpg,Electronic,150,150,JPEG,RGB,1.0,False,10ea49d104c7805f0e809511c8e3d23e,ffcda0c885a31f22,11,41
/kaggle/input/datasets/jessicamercya/satria-data-2026/BDC2026-20260708T012259Z-3-001 - Copy/BDC2026/train/1_Electronic/battery_66.jpg,Electronic,150,150,JPEG,RGB,1.0,False,b0a6af8baa0b70ff2542589cd842c3f3,c835bb36904ab5cb,12,37
/kaggle/input/datasets/jessicamercya/satria-data-2026/BDC2026-20260708T012259Z-3-001 - Copy/BDC2026/train/1_Electronic/Player_237.jpg,Electronic,150,150,JPEG,RGB,1.0,False,d3807e8827d52909ac4609d58e4f7b82,fe3ba5c0d087c31a,9,48
/kaggle/input/datasets/jessicamercya/satria-data-2026/BDC2026-20260708T012259Z-3-001 - Copy/BDC2026/train/1_Electronic/261.jpeg,Electronic,864,1152,JPEG,RGB,0.75,False,7a0595d9f363e55178798af72327c7f0,9795486aa349b3b3,10,2
/kaggle/input/datasets/jessicamercya/satria-data-2026/BDC2026-20260708T012259Z-3-001 - Copy/BDC2026/train/1_Electronic/Printer_19.jpg,Electronic,150,150,JPEG,RGB,1.0,False,032e76ee90e2e171da8933521ee5439e,be8161af91ce82ec,6,6
/kaggle/input/datasets/jessicamercya/satria-data-2026/BDC2026-20260708T012259Z-3-001 - Copy/BDC2026/train/1_Electronic/Microwave_156.jpg,Electronic,150,150,JPEG,RGB,1.0,False,9b128dc98869588394d9dc71a2d3ab1a,af34d0682f836a37,8,1
/kaggle/input/datasets/jessicamercya/satria-data-2026/BDC2026-20260708T012259Z-3-001 - Copy/BDC2026/train/1_Electronic/DipnUxlVsAAXxSN.jpg,Electronic,1200,900,JPEG,RGB,1.3333333333333333,False,a02c5f756a8eb86489c97731883e747d,ffc1a0cee05ea494,4,49
/kaggle/input/datasets/jessicamercya/satria-data-2026/BDC2026-20260708T012259Z-3-001 - Copy/BDC2026/train/1_Electronic/519.jpeg,Electronic,780,1040,JPEG,RGB,0.75,False,02acf6d487d4b4465afb87bb81df1035,b192966cce6d9670,1,4
/kaggle/input/datasets/jessicamercya/satria-data-2026/BDC2026-20260708T012259Z-3-001 - Copy/BDC2026/train/1_Electronic/70.shutterstock_2556420267.jpg,Electronic,2400,600,JPEG,RGB,4.0,False,678459503ab5ec3b801729f57894f6ba,da6c40b8b7631e55,0,0
/kaggle/input/datasets/jessicamercya/satria-data-2026/BDC2026-20260708T012259Z-3-001 - Copy/BDC2026/train/1_Electronic/Television_47.jpg,Electronic,150,150,JPEG,RGB,1.0,False,3c0285697ccce4ccb1af54b4f32970b0,fa9685c5953bc232,4,15
/kaggle/input/datasets/jessicamercya/satria-data-2026/BDC2026-20260708T012259Z-3-001 - Copy/BDC2026/train/1_Electronic/Printer_11.jpg,Electronic,150,150,JPEG,RGB,1.0,False,7c1080d267f8e459038cb5f9bebfeb89,ab217fda805af02e,6,6
/kaggle/input/datasets/jessicamercya/satria-data-2026/BDC2026-20260708T012259Z-3-001 - Copy/BDC2026/train/1_Electronic/Keyboard_177.jpg,Electronic,150,150,JPEG,RGB,1.0,False,a1c30ecc0f60f7e376a5e75c8bd6f9ee,acc6c3393cc6c339,2,32
/kaggle/input/datasets/jessicamercya/satria-data-2026/BDC2026-20260708T012259Z-3-001 - Copy/BDC2026/train/1_Electronic/249.jpg,Electronic,4160,2340,JPEG,RGB,1.7777777777777777,False,d65ff7271998b71beb3e8bc0e56f205d,a9ed35e296689465,10,2
/kaggle/input/datasets/jessicamercya/satria-data-2026/BDC2026-20260708T012259Z-3-001 - Copy/BDC2026/train/1_Electronic/Washing_Machine_29.jpg,Electronic,150,150,JPEG,RGB,1.0,False,86dcc572899c58f5ab7ab8a285767e5b,b63ec83925293ec6,3,8
/kaggle/input/datasets/jessicamercya/satria-data-2026/BDC2026-20260708T012259Z-3-001 - Copy/BDC2026/train/1_Electronic/587.jpeg,Electronic,1152,864,JPEG,RGB,1.3333333333333333,False,75e5ccf81a436ce2cf0c02bd3b957707,ea7f85817e807a68,1,4
/kaggle/input/datasets/jessicamercya/satria-data-2026/BDC2026-20260708T012259Z-3-001 - Copy/BDC2026/train/1_Electronic/Washing_Machine_114.jpg,Electronic,150,150,JPEG,RGB,1.0,False,4576c86f6362c74974f053daa8e64823,eb4d9c992964a696,3,8
/kaggle/input/datasets/jessicamercya/satria-data-2026/BDC2026-20260708T012259Z-3-001 - Copy/BDC2026/train/1_Electronic/Mouse_96.jpg,Electronic,150,150,JPEG,RGB,1.0,False,16b1a863e8379f1b48f71197a24c07b6,e5989acbd9259964,5,3
/kaggle/input/datasets/jessicamercya/satria-data-2026/BDC2026-20260708T012259Z-3-001 - Copy/BDC2026/train/1_Electronic/Washing_Machine_272.jpg,Electronic,150,150,JPEG,RGB,1.0,False,0ae385f244ec778636cbccee311a3e27,b9d2452c929ac3eb,3,28
/kaggle/input/datasets/jessicamercya/satria-data-2026/BDC2026-20260708T012259Z-3-001 - Copy/BDC2026/train/1_Electronic/IMG_20200329_152840(1).jpg,Electronic,3456,4608,JPEG,RGB,0.75,False,22ce3170947473e58259a433efc0da4c,ee0c933b943c9783,10,2
/kaggle/input/datasets/jessicamercya/satria-data-2026/BDC2026-20260708T012259Z-3-001 - Copy/BDC2026/train/1_Electronic/Television_8.jpg,Electronic,150,150,JPEG,RGB,1.0,False,2d0d1132b08474c65b48d27a1f3b029e,993662c9a5b69a99,2,40
/kaggle/input/datasets/jessicamercya/satria-data-2026/BDC2026-20260708T012259Z-3-001 - Copy/BDC2026/train/1_Electronic/13.dreamstime_m_19814977.jpg,Electronic,2121,1414,JPEG,RGB,1.5,False,0ba9d5511a4e50ed6e80c4958803f527,8b6a6ce44647fc15,0,0
/kaggle/input/datasets/jessicamercya/satria-data-2026/BDC2026-20260708T012259Z-3-001 - Copy/BDC2026/train/1_Electronic/s-l300.jpg,Electronic,300,202,JPEG,RGB,1.4851485148514851,False,1e0f7977719c5f01421134fccbfd6a47,9736c868668f6dc8,7,7
/kaggle/input/datasets/jessicamercya/satria-data-2026/BDC2026-20260708T012259Z-3-001 - Copy/BDC2026/train/1_Electronic/Television_298.jpg,Electronic,150,150,JPEG,RGB,1.0,False,9e72af54c99e9feaed952cab5f8bb5ce,df8a4004898ffb3d,4,15
/kaggle/input/datasets/jessicamercya/satria-data-2026/BDC2026-20260708T012259Z-3-001 - Copy/BDC2026/train/1_Electronic/313.jpeg,Electronic,1032,581,JPEG,RGB,1.7762478485370052,False,04fcd9d4164ecb9e400999bf525e9632,fc424b2ab470f5ca,10,2
/kaggle/input/datasets/jessicamercya/satria-data-2026/BDC2026-20260708T012259Z-3-001 - Copy/BDC2026/train/1_Electronic/71.macbook-water-damage-min.jpg,Electronic,1259,732,JPEG,RGB,1.719945355191257,False,eb2c97eddefa56bc7139b08743e7b4f8,d56b2a1a7e1a621e,10,56
/kaggle/input/datasets/jessicamercya/satria-data-2026/BDC2026-20260708T012259Z-3-001 - Copy/BDC2026/train/1_Electronic/Printer_128.jpg,Electronic,150,150,JPEG,RGB,1.0,False,a74f1b8c0f2ecf4ba7c3b11a7e5b1af0,ba4f8571c492da65,6,11
/kaggle/input/datasets/jessicamercya/satria-data-2026/BDC2026-20260708T012259Z-3-001 - Copy/BDC2026/train/1_Electronic/2.360_F_438860684_r5zM5ZXgHRVwBWaeNa5oGYpAVPq7oEwW.jpg,Electronic,463,360,JPEG,RGB,1.2861111111111112,False,fbfadc0e90f641a52673e7dd0ed5a233,ecced131933193b4,4,12
/kaggle/input/datasets/jessicamercya/satria-data-2026/BDC2026-20260708T012259Z-3-001 - Copy/BDC2026/train/1_Electronic/Printer_205.jpg,Electronic,150,150,JPEG,RGB,1.0,False,0017774dceb04cf90845ca3a576bf136,b6cb9134cb729c8c,6,11
/kaggle/input/datasets/jessicamercya/satria-data-2026/BDC2026-20260708T012259Z-3-001 - Copy/BDC2026/train/1_Electronic/Television_166.jpg,Electronic,150,150,JPEG,RGB,1.0,False,692cc418bf362b2540aeaaaffe167bca,b5a5da420fa52979,4,12
/kaggle/input/datasets/jessicamercya/satria-data-2026/BDC2026-20260708T012259Z-3-001 - Copy/BDC2026/train/1_Electronic/images.jpg,Electronic,300,168,JPEG,RGB,1.7857142857142858,False,1f525d5509e5eb2e7392ec15aea7fc99,e4b5c31e9949926d,1,9
/kaggle/input/datasets/jessicamercya/satria-data-2026/BDC2026-20260708T012259Z-3-001 - Copy/BDC2026/train/1_Electronic/Washing_Machine_137.jpg,Electronic,150,150,JPEG,RGB,1.0,False,e63e0e9f93988348b6644760eef298ae,bc2dc392c9c996c5,3,27
/kaggle/input/datasets/jessicamercya/satria-data-2026/BDC2026-20260708T012259Z-3-001 - Copy/BDC2026/train/1_Electronic/Mobile_224.jpg,Electronic,150,150,JPEG,RGB,1.0,False,ad847327ac5524c4feb208efee3ba905,a5e41ac3371a7a36,1,16
/kaggle/input/datasets/jessicamercya/satria-data-2026/BDC2026-20260708T012259Z-3-001 - Copy/BDC2026/train/1_Electronic/Keyboard_152.jpg,Electronic,150,150,JPEG,RGB,1.0,False,9185be1451597543a6b98dd11e9dcfbb,f8b0870f70f0e88f,2,5
/kaggle/input/datasets/jessicamercya/satria-data-2026/BDC2026-20260708T012259Z-3-001 - Copy/BDC2026/train/1_Electronic/Mouse_34.jpg,Electronic,150,150,JPEG,RGB,1.0,False,ac8b16975d6662da1b07d26fb1f84184,ed489237cf3019e3,5,3
/kaggle/input/datasets/jessicamercya/satria-data-2026/BDC2026-20260708T012259Z-3-001 - Copy/BDC2026/train/1_Electronic/Player_18.jpg,Electronic,150,150,JPEG,RGB,1.0,False,44e7dd1161f08b1ebbc453d3537b77de,b0999b24c7d39c71,9,60
/kaggle/input/datasets/jessicamercya/satria-data-2026/BDC2026-20260708T012259Z-3-001 - Copy/BDC2026/train/1_Electronic/Television_64.jpg,Electronic,150,150,JPEG,RGB,1.0,False,56b2d05a51da00b24add95f629af4e27,bf95e04aa546c46e,4,10
/kaggle/input/datasets/jessicamercya/satria-data-2026/BDC2026-20260708T012259Z-3-001 - Copy/BDC2026/train/1_Electronic/67.19820_867_47f2174d-b435-4bab-bae2-906eea9156a1.jpg,Electronic,1728,1296,WEBP,RGB,1.3333333333333333,False,ca0449e04840c82bc6aefefdbe270581,961cce2c9076de6c,0,0
/kaggle/input/datasets/jessicamercya/satria-data-2026/BDC2026-20260708T012259Z-3-001 - Copy/BDC2026/train/1_Electronic/Printer_191.jpg,Electronic,150,150,JPEG,RGB,1.0,False,8e5a8db2c18ce8dab397b6c302349aff,b34c9437ce381b33,6,52
/kaggle/input/datasets/jessicamercya/satria-data-2026/BDC2026-20260708T012259Z-3-001 - Copy/BDC2026/train/1_Electronic/7.stock-photo-pile-of-electronic-waste-rusty-old-computer-cases-and-obsolete-computer-hardware-such-as-1918603046.jpg,Electronic,1500,1101,JPEG,RGB,1.3623978201634876,False,427af160c561c0fc586a91b4da1f2788,f8e4c4960f9a3999,0,0
/kaggle/input/datasets/jessicamercya/satria-data-2026/BDC2026-20260708T012259Z-3-001 - Copy/BDC2026/train/1_Electronic/40.5c92c9cc199a684c11dc6564_1024px-E-Waste_in_the_Alley_(Silver_Spring_2C_MD).jpeg,Electronic,1024,767,JPEG,RGB,1.3350717079530638,False,466a3aab89a2045750b496d43bad23e6,8637f0a606c8ed7c,0,14
/kaggle/input/datasets/jessicamercya/satria-data-2026/BDC2026-20260708T012259Z-3-001 - Copy/BDC2026/train/1_Electronic/14.obsolete-electronics-heap-broken-gadgets-devices-recycling-white-background-e-waste-planned-obsolescence-co-327502700.jpg,Electronic,800,449,JPEG,RGB,1.78173719376392,False,aa6a3c0f32843a5a839cd3fd313a684a,bbac95c3c097c6d0,0,0
/kaggle/input/datasets/jessicamercya/satria-data-2026/BDC2026-20260708T012259Z-3-001 - Copy/BDC2026/train/1_Electronic/Mobile_156.jpg,Electronic,150,150,JPEG,RGB,1.0,False,4d17f9757663f218a70861d6957c13e5,a7b4b84b50cd7594,1,16
/kaggle/input/datasets/jessicamercya/satria-data-2026/BDC2026-20260708T012259Z-3-001 - Copy/BDC2026/train/1_Electronic/Player_161.jpg,Electronic,150,150,JPEG,RGB,1.0,False,2b06d49f2635aa261af7f29d674d43f4,e964b793d1cb181a,9,17
/kaggle/input/datasets/jessicamercya/satria-data-2026/BDC2026-20260708T012259Z-3-001 - Copy/BDC2026/train/1_Electronic/Microwave_97.jpg,Electronic,150,150,JPEG,RGB,1.0,False,4dcf9c5b74f47ff336fa381f7bb5925f,ae68c139c52f9533,9,21
/kaggle/input/datasets/jessicamercya/satria-data-2026/BDC2026-20260708T012259Z-3-001 - Copy/BDC2026/train/1_Electronic/Television_200.jpg,Electronic,150,150,JPEG,RGB,1.0,False,1649bae56385420497bc158b842cd047,ef97917c96c040ce,4,12
/kaggle/input/datasets/jessicamercya/satria-data-2026/BDC2026-20260708T012259Z-3-001 - Copy/BDC2026/train/1_Electronic/Washing_Machine_169.jpg,Electronic,150,150,JPEG,RGB,1.0,False,f3683979a8bc7f38cf2c1ca649d8c6fb,b1349e9e3169c363,3,8
/kaggle/input/datasets/jessicamercya/satria-data-2026/BDC2026-20260708T012259Z-3-001 - Copy/BDC2026/train/1_Electronic/Mobile_172.jpg,Electronic,150,150,JPEG,RGB,1.0,False,24faef73fe458d8a12b4a69e26b6af6a,aeed945e8233c313,1,9
/kaggle/input/datasets/jessicamercya/satria-data-2026/BDC2026-20260708T012259Z-3-001 - Copy/BDC2026/train/1_Electronic/Printer_285.jpg,Electronic,150,150,JPEG,RGB,1.0,False,a50a707661f2bdc5fa378f5d104fdcb0,d0786987ce29da27,6,42
/kaggle/input/datasets/jessicamercya/satria-data-2026/BDC2026-20260708T012259Z-3-001 - Copy/BDC2026/train/1_Electronic/Printer_123.jpg,Electronic,150,150,JPEG,RGB,1.0,False,efe8eac4d9d59267b721ddf7ad9de67a,eb9c956e814d9661,6,11
/kaggle/input/datasets/jessicamercya/satria-data-2026/BDC2026-20260708T012259Z-3-001 - Copy/BDC2026/train/1_Electronic/Microwave_267.jpg,Electronic,150,150,JPEG,RGB,1.0,False,4121351084aeafa906bd5226fc8dd1cb,95d57a4a386d4b38,8,20
/kaggle/input/datasets/jessicamercya/satria-data-2026/BDC2026-20260708T012259Z-3-001 - Copy/BDC2026/train/1_Electronic/13.e-waste-mixed-pcb-scrap-high-gold-recovery-06598.jpeg,Electronic,960,640,JPEG,RGB,1.5,False,15ccc0d3b387d1123ab0a9fefb7d945e,c70a056e6ccb5f13,0,34
/kaggle/input/datasets/jessicamercya/satria-data-2026/BDC2026-20260708T012259Z-3-001 - Copy/BDC2026/train/1_Electronic/5.growing-problem-ewasteplant.width-800.jpg,Electronic,700,467,JPEG,RGB,1.4989293361884368,False,e95e4057642575d988e27383f06f4663,97882a6a7c15ed55,0,14
/kaggle/input/datasets/jessicamercya/satria-data-2026/BDC2026-20260708T012259Z-3-001 - Copy/BDC2026/train/1_Electronic/Player_33.jpg,Electronic,150,150,JPEG,RGB,1.0,False,e152ce1f6e334d33ae92e9347323f959,ebcbf090853d95b0,9,21
/kaggle/input/datasets/jessicamercya/satria-data-2026/BDC2026-20260708T012259Z-3-001 - Copy/BDC2026/train/1_Electronic/pcb_288.jpg,Electronic,150,150,JPEG,RGB,1.0,False,824755d0588be0897f5d2f65ba56449e,a8d5c7d5d433d508,7,7
/kaggle/input/datasets/jessicamercya/satria-data-2026/BDC2026-20260708T012259Z-3-001 - Copy/BDC2026/train/1_Electronic/battery_274.jpg,Electronic,150,150,JPEG,RGB,1.0,False,c84eb6aea07b051ff3cf8cdf5129893a,b1cece309b319acc,13,19
/kaggle/input/datasets/jessicamercya/satria-data-2026/BDC2026-20260708T012259Z-3-001 - Copy/BDC2026/train/1_Electronic/pcb_30.jpg,Electronic,150,150,JPEG,RGB,1.0,False,39a3aaaecab8d65017d025c0514c088e,a5a4a465c75b5b38,7,7
/kaggle/input/datasets/jessicamercya/satria-data-2026/BDC2026-20260708T012259Z-3-001 - Copy/BDC2026/train/1_Electronic/pcb_50.jpg,Electronic,150,150,JPEG,RGB,1.0,False,3e74cf7eb721ff79e5cecce0b4b3ea0f,ea3495ca622f27b2,7,23
/kaggle/input/datasets/jessicamercya/satria-data-2026/BDC2026-20260708T012259Z-3-001 - Copy/BDC2026/train/1_Electronic/Mouse_76.jpg,Electronic,150,150,JPEG,RGB,1.0,False,6d397c1d8d1ae07474025b9e1219ba1c,bf86c965c279c059,5,26
/kaggle/input/datasets/jessicamercya/satria-data-2026/BDC2026-20260708T012259Z-3-001 - Copy/BDC2026/train/1_Electronic/battery_8.jpg,Electronic,150,150,JPEG,RGB,1.0,False,e505f5f1af2892b68531263c1100af20,fc879172ce354f10,13,19
/kaggle/input/datasets/jessicamercya/satria-data-2026/BDC2026-20260708T012259Z-3-001 - Copy/BDC2026/train/1_Electronic/4.pile-broken-broken-electronic-devices-thrown-away-ground_931086-1403.jpg,Electronic,626,474,JPEG,RGB,1.3206751054852321,False,f49d0d9a3a67d83dff219a1277f5d949,c0b7adc7725c1233,0,14
/kaggle/input/datasets/jessicamercya/satria-data-2026/BDC2026-20260708T012259Z-3-001 - Copy/BDC2026/train/1_Electronic/Microwave_35.jpg,Electronic,150,150,JPEG,RGB,1.0,False,e85dd362514786ed1481130033e3ab3d,f5c93b38c32c2dc8,8,20
/kaggle/input/datasets/jessicamercya/satria-data-2026/BDC2026-20260708T012259Z-3-001 - Copy/BDC2026/train/1_Electronic/Printer_38.jpg,Electronic,150,150,JPEG,RGB,1.0,False,938d8b67ea206761234113fd4b15b8f9,e7c3b1a4899ada49,6,6
/kaggle/input/datasets/jessicamercya/satria-data-2026/BDC2026-20260708T012259Z-3-001 - Copy/BDC2026/train/1_Electronic/Keyboard_85.jpg,Electronic,150,150,JPEG,RGB,1.0,False,585c0612d4d3feafdb2b2ee8af46778e,bfe0c01f2b4897a5,2,5
/kaggle/input/datasets/jessicamercya/satria-data-2026/BDC2026-20260708T012259Z-3-001 - Copy/BDC2026/train/1_Electronic/IMG_20200328_131510.jpg,Electronic,4000,2250,JPEG,RGB,1.7777777777777777,False,99b60b0541e0cd0b0c1e18086b3011ce,f689c13238713d8f,1,4
/kaggle/input/datasets/jessicamercya/satria-data-2026/BDC2026-20260708T012259Z-3-001 - Copy/BDC2026/train/1_Electronic/IMG-20200328-WA0041.jpg,Electronic,640,1280,JPEG,RGB,0.5,False,877cd804239c599fe961df3b52f74992,f2972d680e16f02f,5,29
/kaggle/input/datasets/jessicamercya/satria-data-2026/BDC2026-20260708T012259Z-3-001 - Copy/BDC2026/train/1_Electronic/Mouse_64.jpg,Electronic,150,150,JPEG,RGB,1.0,False,d196b77b5dfc702dfa6fb4ebd1a976b6,e7379150d8c9c54d,5,3
/kaggle/input/datasets/jessicamercya/satria-data-2026/BDC2026-20260708T012259Z-3-001 - Copy/BDC2026/train/1_Electronic/battery_11.jpg,Electronic,150,150,JPEG,RGB,1.0,False,d672e6746141a9b96f582228b21facc3,eac79592973a8568,13,19
/kaggle/input/datasets/jessicamercya/satria-data-2026/BDC2026-20260708T012259Z-3-001 - Copy/BDC2026/train/1_Electronic/Player_178.jpg,Electronic,150,150,JPEG,RGB,1.0,False,8f2e0ff955936e7fe5097027eb236588,af868717681ae336,9,17
/kaggle/input/datasets/jessicamercya/satria-data-2026/BDC2026-20260708T012259Z-3-001 - Copy/BDC2026/train/1_Electronic/Washing_Machine_108.jpg,Electronic,150,150,JPEG,RGB,1.0,False,1d24aa9175722d7dbd472c85729923e8,b068c3b39d97259a,3,35
/kaggle/input/datasets/jessicamercya/satria-data-2026/BDC2026-20260708T012259Z-3-001 - Copy/BDC2026/train/1_Electronic/pcb_269.jpg,Electronic,150,150,JPEG,RGB,1.0,False,c058c385ec4cd8c9bf8e8edb4be90147,f05e07a11ef83f41,7,7
/kaggle/input/datasets/jessicamercya/satria-data-2026/BDC2026-20260708T012259Z-3-001 - Copy/BDC2026/train/1_Electronic/Microwave_129.jpg,Electronic,150,150,JPEG,RGB,1.0,False,6776d04cc5355d712a2c1ba02c0bbf94,d4fa6b203ed06ad2,8,20
/kaggle/input/datasets/jessicamercya/satria-data-2026/BDC2026-20260708T012259Z-3-001 - Copy/BDC2026/train/1_Electronic/Television_246.jpg,Electronic,150,150,JPEG,RGB,1.0,False,398394a4e1b853213ce236a23855c287,bfbec0651ed0c125,4,10
/kaggle/input/datasets/jessicamercya/satria-data-2026/BDC2026-20260708T012259Z-3-001 - Copy/BDC2026/train/1_Electronic/Washing_Machine_155.jpg,Electronic,150,150,JPEG,RGB,1.0,False,20d9e5de77dff205b0bea01d4c06a79d,ea32b08dc769c761,3,33
/kaggle/input/datasets/jessicamercya/satria-data-2026/BDC2026-20260708T012259Z-3-001 - Copy/BDC2026/train/1_Electronic/Washing_Machine_178.jpg,Electronic,150,150,JPEG,RGB,1.0,False,c8f2642736ee63bb7fa7e256a5d5f568,94fb6b646c1c1393,3,28
/kaggle/input/datasets/jessicamercya/satria-data-2026/BDC2026-20260708T012259Z-3-001 - Copy/BDC2026/train/1_Electronic/Player_42.jpg,Electronic,150,150,JPEG,RGB,1.0,False,db121881d827aa6d40805818d5d7e6a7,b886c3cbcb30ccce,9,21
